USE [master]
GO
/****** Object:  Database [ALS]    Script Date: 15/08/2025 23:37:31 ******/
CREATE DATABASE [ALS]
GO
ALTER DATABASE [ALS] SET COMPATIBILITY_LEVEL = 160
GO
IF (1 = FULLTEXTSERVICEPROPERTY('IsFullTextInstalled'))
begin
EXEC [ALS].[dbo].[sp_fulltext_database] @action = 'enable'
end
GO
ALTER DATABASE [ALS] SET ANSI_NULL_DEFAULT OFF 
GO
ALTER DATABASE [ALS] SET ANSI_NULLS OFF 
GO
ALTER DATABASE [ALS] SET ANSI_PADDING OFF 
GO
ALTER DATABASE [ALS] SET ANSI_WARNINGS OFF 
GO
ALTER DATABASE [ALS] SET ARITHABORT OFF 
GO
ALTER DATABASE [ALS] SET AUTO_CLOSE OFF 
GO
ALTER DATABASE [ALS] SET AUTO_SHRINK OFF 
GO
ALTER DATABASE [ALS] SET AUTO_UPDATE_STATISTICS ON 
GO
ALTER DATABASE [ALS] SET CURSOR_CLOSE_ON_COMMIT OFF 
GO
ALTER DATABASE [ALS] SET CURSOR_DEFAULT  GLOBAL 
GO
ALTER DATABASE [ALS] SET CONCAT_NULL_YIELDS_NULL OFF 
GO
ALTER DATABASE [ALS] SET NUMERIC_ROUNDABORT OFF 
GO
ALTER DATABASE [ALS] SET QUOTED_IDENTIFIER OFF 
GO
ALTER DATABASE [ALS] SET RECURSIVE_TRIGGERS OFF 
GO
ALTER DATABASE [ALS] SET  ENABLE_BROKER 
GO
ALTER DATABASE [ALS] SET AUTO_UPDATE_STATISTICS_ASYNC OFF 
GO
ALTER DATABASE [ALS] SET DATE_CORRELATION_OPTIMIZATION OFF 
GO
ALTER DATABASE [ALS] SET TRUSTWORTHY OFF 
GO
ALTER DATABASE [ALS] SET ALLOW_SNAPSHOT_ISOLATION OFF 
GO
ALTER DATABASE [ALS] SET PARAMETERIZATION SIMPLE 
GO
ALTER DATABASE [ALS] SET READ_COMMITTED_SNAPSHOT OFF 
GO
ALTER DATABASE [ALS] SET HONOR_BROKER_PRIORITY OFF 
GO
ALTER DATABASE [ALS] SET RECOVERY FULL 
GO
ALTER DATABASE [ALS] SET  MULTI_USER 
GO
ALTER DATABASE [ALS] SET PAGE_VERIFY CHECKSUM  
GO
ALTER DATABASE [ALS] SET DB_CHAINING OFF 
GO
ALTER DATABASE [ALS] SET FILESTREAM( NON_TRANSACTED_ACCESS = OFF ) 
GO
ALTER DATABASE [ALS] SET TARGET_RECOVERY_TIME = 60 SECONDS 
GO
ALTER DATABASE [ALS] SET DELAYED_DURABILITY = DISABLED 
GO
ALTER DATABASE [ALS] SET ACCELERATED_DATABASE_RECOVERY = OFF  
GO
EXEC sys.sp_db_vardecimal_storage_format N'ALS', N'ON'
GO
ALTER DATABASE [ALS] SET QUERY_STORE = ON
GO
ALTER DATABASE [ALS] SET QUERY_STORE (OPERATION_MODE = READ_WRITE, CLEANUP_POLICY = (STALE_QUERY_THRESHOLD_DAYS = 30), DATA_FLUSH_INTERVAL_SECONDS = 900, INTERVAL_LENGTH_MINUTES = 60, MAX_STORAGE_SIZE_MB = 1000, QUERY_CAPTURE_MODE = AUTO, SIZE_BASED_CLEANUP_MODE = AUTO, MAX_PLANS_PER_QUERY = 200, WAIT_STATS_CAPTURE_MODE = ON)
GO
USE [ALS]
GO
/****** Object:  Table [dbo].[Account]    Script Date: 15/08/2025 23:37:31 ******/
SET ANSI_NULLS ON
GO
SET QUOTED_IDENTIFIER ON
GO
CREATE TABLE [dbo].[Account](
	[Id] [int] IDENTITY(1,1) NOT NULL,
	[Username] [nvarchar](50) NOT NULL,
	[Password] [nvarchar](max) NOT NULL,
	[Status] [bit] NOT NULL,
	[CreatedDate] [date] NOT NULL,
	[UpdatedDate] [date] NULL,
	[IsVerified] [bit] NOT NULL,
 CONSTRAINT [PK_Account] PRIMARY KEY CLUSTERED 
(
	[Id] ASC
)WITH (PAD_INDEX = OFF, STATISTICS_NORECOMPUTE = OFF, IGNORE_DUP_KEY = OFF, ALLOW_ROW_LOCKS = ON, ALLOW_PAGE_LOCKS = ON, OPTIMIZE_FOR_SEQUENTIAL_KEY = OFF) ON [PRIMARY]
) ON [PRIMARY] TEXTIMAGE_ON [PRIMARY]
GO
/****** Object:  Table [dbo].[Answer]    Script Date: 15/08/2025 23:37:31 ******/
SET ANSI_NULLS ON
GO
SET QUOTED_IDENTIFIER ON
GO
CREATE TABLE [dbo].[Answer](
	[Id] [int] IDENTITY(1,1) NOT NULL,
	[QuesId] [int] NOT NULL,
	[Content] [nvarchar](max) NOT NULL,
	[IsCorrect] [bit] NOT NULL,
 CONSTRAINT [PK_Answer] PRIMARY KEY CLUSTERED 
(
	[Id] ASC
)WITH (PAD_INDEX = OFF, STATISTICS_NORECOMPUTE = OFF, IGNORE_DUP_KEY = OFF, ALLOW_ROW_LOCKS = ON, ALLOW_PAGE_LOCKS = ON, OPTIMIZE_FOR_SEQUENTIAL_KEY = OFF) ON [PRIMARY]
) ON [PRIMARY] TEXTIMAGE_ON [PRIMARY]
GO
/****** Object:  Table [dbo].[Blog]    Script Date: 15/08/2025 23:37:31 ******/
SET ANSI_NULLS ON
GO
SET QUOTED_IDENTIFIER ON
GO
CREATE TABLE [dbo].[Blog](
	[Id] [int] IDENTITY(1,1) NOT NULL,
	[Title] [nvarchar](100) NOT NULL,
	[Content] [ntext] NOT NULL,
	[Summary] [ntext] NOT NULL,
	[Thumbnail] [nvarchar](200) NULL,
	[AuthorId] [int] NOT NULL,
	[Status] [bit] NOT NULL,
	[CreatedDate] [date] NOT NULL,
	[UpdatedDate] [date] NULL,
 CONSTRAINT [PK_Blog] PRIMARY KEY CLUSTERED 
(
	[Id] ASC
)WITH (PAD_INDEX = OFF, STATISTICS_NORECOMPUTE = OFF, IGNORE_DUP_KEY = OFF, ALLOW_ROW_LOCKS = ON, ALLOW_PAGE_LOCKS = ON, OPTIMIZE_FOR_SEQUENTIAL_KEY = OFF) ON [PRIMARY]
) ON [PRIMARY] TEXTIMAGE_ON [PRIMARY]
GO
/****** Object:  Table [dbo].[Category]    Script Date: 15/08/2025 23:37:31 ******/
SET ANSI_NULLS ON
GO
SET QUOTED_IDENTIFIER ON
GO
CREATE TABLE [dbo].[Category](
	[Id] [int] IDENTITY(1,1) NOT NULL,
	[Name] [nvarchar](20) NOT NULL,
	[CreatedDate] [date] NULL,
	[UpdatedDate] [date] NULL,
	[Status] [bit] NULL,
 CONSTRAINT [PK_Category] PRIMARY KEY CLUSTERED 
(
	[Id] ASC
)WITH (PAD_INDEX = OFF, STATISTICS_NORECOMPUTE = OFF, IGNORE_DUP_KEY = OFF, ALLOW_ROW_LOCKS = ON, ALLOW_PAGE_LOCKS = ON, OPTIMIZE_FOR_SEQUENTIAL_KEY = OFF) ON [PRIMARY]
) ON [PRIMARY]
GO
/****** Object:  Table [dbo].[Classes]    Script Date: 15/08/2025 23:37:31 ******/
SET ANSI_NULLS ON
GO
SET QUOTED_IDENTIFIER ON
GO
CREATE TABLE [dbo].[Classes](
	[Id] [int] IDENTITY(1,1) NOT NULL,
	[Name] [nvarchar](max) NOT NULL,
 CONSTRAINT [PK_Classes] PRIMARY KEY CLUSTERED 
(
	[Id] ASC
)WITH (PAD_INDEX = OFF, STATISTICS_NORECOMPUTE = OFF, IGNORE_DUP_KEY = OFF, ALLOW_ROW_LOCKS = ON, ALLOW_PAGE_LOCKS = ON, OPTIMIZE_FOR_SEQUENTIAL_KEY = OFF) ON [PRIMARY]
) ON [PRIMARY] TEXTIMAGE_ON [PRIMARY]
GO
/****** Object:  Table [dbo].[Comment]    Script Date: 15/08/2025 23:37:31 ******/
SET ANSI_NULLS ON
GO
SET QUOTED_IDENTIFIER ON
GO
CREATE TABLE [dbo].[Comment](
	[Id] [int] IDENTITY(1,1) NOT NULL,
	[BlogId] [int] NOT NULL,
	[AuthorId] [int] NOT NULL,
	[Content] [nvarchar](max) NOT NULL,
	[CreatedDate] [date] NOT NULL,
 CONSTRAINT [PK_Comment] PRIMARY KEY CLUSTERED 
(
	[Id] ASC
)WITH (PAD_INDEX = OFF, STATISTICS_NORECOMPUTE = OFF, IGNORE_DUP_KEY = OFF, ALLOW_ROW_LOCKS = ON, ALLOW_PAGE_LOCKS = ON, OPTIMIZE_FOR_SEQUENTIAL_KEY = OFF) ON [PRIMARY]
) ON [PRIMARY] TEXTIMAGE_ON [PRIMARY]
GO
/****** Object:  Table [dbo].[Course]    Script Date: 15/08/2025 23:37:31 ******/
SET ANSI_NULLS ON
GO
SET QUOTED_IDENTIFIER ON
GO
CREATE TABLE [dbo].[Course](
	[CourseId] [int] IDENTITY(1,1) NOT NULL,
	[CourseName] [nvarchar](100) NOT NULL,
	[CreatedDate] [date] NOT NULL,
	[UpdatedDate] [date] NULL,
	[Description] [ntext] NOT NULL,
	[image] [varchar](200) NULL,
	[Price] [decimal](18, 0) NOT NULL,
	[Status] [bit] NOT NULL,
	[AuthorId] [int] NOT NULL,
	[CategoryId] [int] NOT NULL,
	[ClassId] [int] NULL,
 CONSTRAINT [PK_Course] PRIMARY KEY CLUSTERED 
(
	[CourseId] ASC
)WITH (PAD_INDEX = OFF, STATISTICS_NORECOMPUTE = OFF, IGNORE_DUP_KEY = OFF, ALLOW_ROW_LOCKS = ON, ALLOW_PAGE_LOCKS = ON, OPTIMIZE_FOR_SEQUENTIAL_KEY = OFF) ON [PRIMARY]
) ON [PRIMARY] TEXTIMAGE_ON [PRIMARY]
GO
/****** Object:  Table [dbo].[CoursePayments]    Script Date: 15/08/2025 23:37:31 ******/
SET ANSI_NULLS ON
GO
SET QUOTED_IDENTIFIER ON
GO
CREATE TABLE [dbo].[CoursePayments](
	[Id] [int] IDENTITY(1,1) NOT NULL,
	[StudentCourseId] [int] NOT NULL,
	[PaidById] [int] NOT NULL,
	[Amount] [decimal](18, 0) NOT NULL,
	[IsPaid] [bit] NOT NULL,
	[PaidAt] [date] NULL,
 CONSTRAINT [PK_CoursePayments] PRIMARY KEY CLUSTERED 
(
	[Id] ASC
)WITH (PAD_INDEX = OFF, STATISTICS_NORECOMPUTE = OFF, IGNORE_DUP_KEY = OFF, ALLOW_ROW_LOCKS = ON, ALLOW_PAGE_LOCKS = ON, OPTIMIZE_FOR_SEQUENTIAL_KEY = OFF) ON [PRIMARY]
) ON [PRIMARY]
GO
/****** Object:  Table [dbo].[CourseProgress]    Script Date: 15/08/2025 23:37:31 ******/
SET ANSI_NULLS ON
GO
SET QUOTED_IDENTIFIER ON
GO
CREATE TABLE [dbo].[CourseProgress](
	[Id] [int] IDENTITY(1,1) NOT NULL,
	[CourseStudentId] [int] NOT NULL,
	[StartDate] [date] NULL,
	[LastAccess] [date] NULL,
	[Status] [bit] NOT NULL,
 CONSTRAINT [PK_CourseProcess] PRIMARY KEY CLUSTERED 
(
	[Id] ASC
)WITH (PAD_INDEX = OFF, STATISTICS_NORECOMPUTE = OFF, IGNORE_DUP_KEY = OFF, ALLOW_ROW_LOCKS = ON, ALLOW_PAGE_LOCKS = ON, OPTIMIZE_FOR_SEQUENTIAL_KEY = OFF) ON [PRIMARY]
) ON [PRIMARY]
GO
/****** Object:  Table [dbo].[CourseStatus]    Script Date: 15/08/2025 23:37:31 ******/
SET ANSI_NULLS ON
GO
SET QUOTED_IDENTIFIER ON
GO
CREATE TABLE [dbo].[CourseStatus](
	[Id] [int] IDENTITY(1,1) NOT NULL,
	[StatusName] [nvarchar](max) NOT NULL,
 CONSTRAINT [PK_CourseStatus] PRIMARY KEY CLUSTERED 
(
	[Id] ASC
)WITH (PAD_INDEX = OFF, STATISTICS_NORECOMPUTE = OFF, IGNORE_DUP_KEY = OFF, ALLOW_ROW_LOCKS = ON, ALLOW_PAGE_LOCKS = ON, OPTIMIZE_FOR_SEQUENTIAL_KEY = OFF) ON [PRIMARY]
) ON [PRIMARY] TEXTIMAGE_ON [PRIMARY]
GO
/****** Object:  Table [dbo].[Feedback]    Script Date: 15/08/2025 23:37:31 ******/
SET ANSI_NULLS ON
GO
SET QUOTED_IDENTIFIER ON
GO
CREATE TABLE [dbo].[Feedback](
	[Id] [int] IDENTITY(1,1) NOT NULL,
	[Content] [nvarchar](max) NOT NULL,
	[rate] [int] NOT NULL,
	[CreatedDate] [date] NOT NULL,
	[UpdatedDate] [date] NULL,
	[Status] [bit] NOT NULL,
	[AuthorId] [int] NOT NULL,
	[CourseId] [int] NOT NULL,
 CONSTRAINT [PK_Feedback] PRIMARY KEY CLUSTERED 
(
	[Id] ASC
)WITH (PAD_INDEX = OFF, STATISTICS_NORECOMPUTE = OFF, IGNORE_DUP_KEY = OFF, ALLOW_ROW_LOCKS = ON, ALLOW_PAGE_LOCKS = ON, OPTIMIZE_FOR_SEQUENTIAL_KEY = OFF) ON [PRIMARY]
) ON [PRIMARY] TEXTIMAGE_ON [PRIMARY]
GO
/****** Object:  Table [dbo].[Lesson]    Script Date: 15/08/2025 23:37:31 ******/
SET ANSI_NULLS ON
GO
SET QUOTED_IDENTIFIER ON
GO
CREATE TABLE [dbo].[Lesson](
	[Id] [int] IDENTITY(1,1) NOT NULL,
	[Title] [nvarchar](max) NULL,
	[Link] [nvarchar](200) NOT NULL,
	[Description] [nvarchar](200) NOT NULL,
	[VideoNum] [int] NOT NULL,
	[ModuleId] [int] NOT NULL,
	[Status] [bit] NOT NULL,
	[CreatedDate] [date] NOT NULL,
	[UpdatedDate] [date] NULL,
	[DurationSeconds] [int] NULL,
 CONSTRAINT [PK_Video] PRIMARY KEY CLUSTERED 
(
	[Id] ASC
)WITH (PAD_INDEX = OFF, STATISTICS_NORECOMPUTE = OFF, IGNORE_DUP_KEY = OFF, ALLOW_ROW_LOCKS = ON, ALLOW_PAGE_LOCKS = ON, OPTIMIZE_FOR_SEQUENTIAL_KEY = OFF) ON [PRIMARY]
) ON [PRIMARY] TEXTIMAGE_ON [PRIMARY]
GO
/****** Object:  Table [dbo].[LessonProgress]    Script Date: 15/08/2025 23:37:31 ******/
SET ANSI_NULLS ON
GO
SET QUOTED_IDENTIFIER ON
GO
CREATE TABLE [dbo].[LessonProgress](
	[Id] [int] IDENTITY(1,1) NOT NULL,
	[ModuleProgressId] [int] NOT NULL,
	[VideoId] [int] NOT NULL,
	[LastWatched] [date] NULL,
	[Status] [bit] NOT NULL,
	[WatchedDuration] [float] NULL,
 CONSTRAINT [PK_VideoProgress] PRIMARY KEY CLUSTERED 
(
	[Id] ASC
)WITH (PAD_INDEX = OFF, STATISTICS_NORECOMPUTE = OFF, IGNORE_DUP_KEY = OFF, ALLOW_ROW_LOCKS = ON, ALLOW_PAGE_LOCKS = ON, OPTIMIZE_FOR_SEQUENTIAL_KEY = OFF) ON [PRIMARY]
) ON [PRIMARY]
GO
/****** Object:  Table [dbo].[Module]    Script Date: 15/08/2025 23:37:31 ******/
SET ANSI_NULLS ON
GO
SET QUOTED_IDENTIFIER ON
GO
CREATE TABLE [dbo].[Module](
	[Id] [int] IDENTITY(1,1) NOT NULL,
	[ModuleName] [nvarchar](100) NOT NULL,
	[Description] [nvarchar](max) NOT NULL,
	[ModuleNum] [int] NOT NULL,
	[Status] [bit] NOT NULL,
	[CourseId] [int] NOT NULL,
	[CreatedDate] [date] NOT NULL,
	[UpdatedDate] [date] NULL,
 CONSTRAINT [PK_Module] PRIMARY KEY CLUSTERED 
(
	[Id] ASC
)WITH (PAD_INDEX = OFF, STATISTICS_NORECOMPUTE = OFF, IGNORE_DUP_KEY = OFF, ALLOW_ROW_LOCKS = ON, ALLOW_PAGE_LOCKS = ON, OPTIMIZE_FOR_SEQUENTIAL_KEY = OFF) ON [PRIMARY]
) ON [PRIMARY] TEXTIMAGE_ON [PRIMARY]
GO
/****** Object:  Table [dbo].[ModuleProgress]    Script Date: 15/08/2025 23:37:31 ******/
SET ANSI_NULLS ON
GO
SET QUOTED_IDENTIFIER ON
GO
CREATE TABLE [dbo].[ModuleProgress](
	[Id] [int] IDENTITY(1,1) NOT NULL,
	[CourseProcessId] [int] NOT NULL,
	[ModuleId] [int] NOT NULL,
	[StartDate] [date] NULL,
	[LastAccess] [date] NULL,
	[Status] [bit] NOT NULL,
 CONSTRAINT [PK_ModuleProgress] PRIMARY KEY CLUSTERED 
(
	[Id] ASC
)WITH (PAD_INDEX = OFF, STATISTICS_NORECOMPUTE = OFF, IGNORE_DUP_KEY = OFF, ALLOW_ROW_LOCKS = ON, ALLOW_PAGE_LOCKS = ON, OPTIMIZE_FOR_SEQUENTIAL_KEY = OFF) ON [PRIMARY]
) ON [PRIMARY]
GO
/****** Object:  Table [dbo].[PasswordResetToken]    Script Date: 15/08/2025 23:37:31 ******/
SET ANSI_NULLS ON
GO
SET QUOTED_IDENTIFIER ON
GO
CREATE TABLE [dbo].[PasswordResetToken](
	[Id] [int] IDENTITY(1,1) NOT NULL,
	[AccountId] [int] NOT NULL,
	[Token] [nvarchar](100) NOT NULL,
	[Expiration] [datetime] NOT NULL,
	[IsUsed] [bit] NOT NULL,
PRIMARY KEY CLUSTERED 
(
	[Id] ASC
)WITH (PAD_INDEX = OFF, STATISTICS_NORECOMPUTE = OFF, IGNORE_DUP_KEY = OFF, ALLOW_ROW_LOCKS = ON, ALLOW_PAGE_LOCKS = ON, OPTIMIZE_FOR_SEQUENTIAL_KEY = OFF) ON [PRIMARY]
) ON [PRIMARY]
GO
/****** Object:  Table [dbo].[Profiles]    Script Date: 15/08/2025 23:37:31 ******/
SET ANSI_NULLS ON
GO
SET QUOTED_IDENTIFIER ON
GO
CREATE TABLE [dbo].[Profiles](
	[UserId] [int] IDENTITY(1,1) NOT NULL,
	[Name] [nvarchar](50) NOT NULL,
	[Address] [nvarchar](200) NOT NULL,
	[Dob] [date] NOT NULL,
	[Sex] [bit] NOT NULL,
	[Phone] [varchar](50) NOT NULL,
	[Email] [nvarchar](50) NOT NULL,
	[Avatar] [varchar](200) NULL,
	[CreatedDate] [date] NULL,
	[UpdatedDate] [date] NULL,
	[RoleId] [int] NOT NULL,
	[AccountId] [int] NOT NULL,
	[ParentId] [int] NULL,
 CONSTRAINT [PK_Profile] PRIMARY KEY CLUSTERED 
(
	[UserId] ASC
)WITH (PAD_INDEX = OFF, STATISTICS_NORECOMPUTE = OFF, IGNORE_DUP_KEY = OFF, ALLOW_ROW_LOCKS = ON, ALLOW_PAGE_LOCKS = ON, OPTIMIZE_FOR_SEQUENTIAL_KEY = OFF) ON [PRIMARY]
) ON [PRIMARY]
GO
/****** Object:  Table [dbo].[Question]    Script Date: 15/08/2025 23:37:31 ******/
SET ANSI_NULLS ON
GO
SET QUOTED_IDENTIFIER ON
GO
CREATE TABLE [dbo].[Question](
	[Id] [int] IDENTITY(1,1) NOT NULL,
	[Content] [nvarchar](max) NULL,
	[CreatedDate] [date] NOT NULL,
	[UpdatedDate] [date] NULL,
	[TopicId] [int] NOT NULL,
 CONSTRAINT [PK_Question] PRIMARY KEY CLUSTERED 
(
	[Id] ASC
)WITH (PAD_INDEX = OFF, STATISTICS_NORECOMPUTE = OFF, IGNORE_DUP_KEY = OFF, ALLOW_ROW_LOCKS = ON, ALLOW_PAGE_LOCKS = ON, OPTIMIZE_FOR_SEQUENTIAL_KEY = OFF) ON [PRIMARY]
) ON [PRIMARY] TEXTIMAGE_ON [PRIMARY]
GO
/****** Object:  Table [dbo].[Quizz]    Script Date: 15/08/2025 23:37:31 ******/
SET ANSI_NULLS ON
GO
SET QUOTED_IDENTIFIER ON
GO
CREATE TABLE [dbo].[Quizz](
	[Id] [int] IDENTITY(1,1) NOT NULL,
	[Title] [nvarchar](max) NOT NULL,
	[Description] [nvarchar](max) NULL,
	[QuestionCount] [int] NOT NULL,
	[TimeLimit] [int] NOT NULL,
	[CreateAt] [datetime] NOT NULL,
	[ModuleId] [int] NOT NULL,
	[RequiredScore] [float] NOT NULL,
	[Status] [bit] NOT NULL,
 CONSTRAINT [PK_Quizz] PRIMARY KEY CLUSTERED 
(
	[Id] ASC
)WITH (PAD_INDEX = OFF, STATISTICS_NORECOMPUTE = OFF, IGNORE_DUP_KEY = OFF, ALLOW_ROW_LOCKS = ON, ALLOW_PAGE_LOCKS = ON, OPTIMIZE_FOR_SEQUENTIAL_KEY = OFF) ON [PRIMARY]
) ON [PRIMARY] TEXTIMAGE_ON [PRIMARY]
GO
/****** Object:  Table [dbo].[QuizzTopic]    Script Date: 15/08/2025 23:37:31 ******/
SET ANSI_NULLS ON
GO
SET QUOTED_IDENTIFIER ON
GO
CREATE TABLE [dbo].[QuizzTopic](
	[Id] [int] IDENTITY(1,1) NOT NULL,
	[QuizzId] [int] NOT NULL,
	[TopicId] [int] NOT NULL,
 CONSTRAINT [PK_QuizzTopic] PRIMARY KEY CLUSTERED 
(
	[Id] ASC
)WITH (PAD_INDEX = OFF, STATISTICS_NORECOMPUTE = OFF, IGNORE_DUP_KEY = OFF, ALLOW_ROW_LOCKS = ON, ALLOW_PAGE_LOCKS = ON, OPTIMIZE_FOR_SEQUENTIAL_KEY = OFF) ON [PRIMARY]
) ON [PRIMARY]
GO
/****** Object:  Table [dbo].[Report]    Script Date: 15/08/2025 23:37:31 ******/
SET ANSI_NULLS ON
GO
SET QUOTED_IDENTIFIER ON
GO
CREATE TABLE [dbo].[Report](
	[Id] [int] IDENTITY(1,1) NOT NULL,
	[Title] [nvarchar](200) NOT NULL,
	[UserId] [int] NOT NULL,
	[ReceiverId] [int] NOT NULL,
	[InstructorId] [int] NULL,
	[ContentDetail] [nvarchar](max) NULL,
	[StatusId] [int] NOT NULL,
	[CreatedDate] [datetime] NOT NULL,
	[LastStatusUpdated] [datetime] NULL,
	[IsDeleted] [bit] NOT NULL,
PRIMARY KEY CLUSTERED 
(
	[Id] ASC
)WITH (PAD_INDEX = OFF, STATISTICS_NORECOMPUTE = OFF, IGNORE_DUP_KEY = OFF, ALLOW_ROW_LOCKS = ON, ALLOW_PAGE_LOCKS = ON, OPTIMIZE_FOR_SEQUENTIAL_KEY = OFF) ON [PRIMARY]
) ON [PRIMARY] TEXTIMAGE_ON [PRIMARY]
GO
/****** Object:  Table [dbo].[ReportComment]    Script Date: 15/08/2025 23:37:31 ******/
SET ANSI_NULLS ON
GO
SET QUOTED_IDENTIFIER ON
GO
CREATE TABLE [dbo].[ReportComment](
	[Id] [int] IDENTITY(1,1) NOT NULL,
	[ReportId] [int] NOT NULL,
	[UserId] [int] NOT NULL,
	[CommentText] [nvarchar](max) NOT NULL,
	[CreatedAt] [datetime] NULL,
PRIMARY KEY CLUSTERED 
(
	[Id] ASC
)WITH (PAD_INDEX = OFF, STATISTICS_NORECOMPUTE = OFF, IGNORE_DUP_KEY = OFF, ALLOW_ROW_LOCKS = ON, ALLOW_PAGE_LOCKS = ON, OPTIMIZE_FOR_SEQUENTIAL_KEY = OFF) ON [PRIMARY]
) ON [PRIMARY] TEXTIMAGE_ON [PRIMARY]
GO
/****** Object:  Table [dbo].[ReportFile]    Script Date: 15/08/2025 23:37:31 ******/
SET ANSI_NULLS ON
GO
SET QUOTED_IDENTIFIER ON
GO
CREATE TABLE [dbo].[ReportFile](
	[Id] [int] IDENTITY(1,1) NOT NULL,
	[ReportId] [int] NOT NULL,
	[FilePath] [nvarchar](300) NOT NULL,
	[UploadedAt] [datetime] NULL,
PRIMARY KEY CLUSTERED 
(
	[Id] ASC
)WITH (PAD_INDEX = OFF, STATISTICS_NORECOMPUTE = OFF, IGNORE_DUP_KEY = OFF, ALLOW_ROW_LOCKS = ON, ALLOW_PAGE_LOCKS = ON, OPTIMIZE_FOR_SEQUENTIAL_KEY = OFF) ON [PRIMARY]
) ON [PRIMARY]
GO
/****** Object:  Table [dbo].[ReportStatus]    Script Date: 15/08/2025 23:37:31 ******/
SET ANSI_NULLS ON
GO
SET QUOTED_IDENTIFIER ON
GO
CREATE TABLE [dbo].[ReportStatus](
	[Id] [int] NOT NULL,
	[Name] [nvarchar](50) NOT NULL,
PRIMARY KEY CLUSTERED 
(
	[Id] ASC
)WITH (PAD_INDEX = OFF, STATISTICS_NORECOMPUTE = OFF, IGNORE_DUP_KEY = OFF, ALLOW_ROW_LOCKS = ON, ALLOW_PAGE_LOCKS = ON, OPTIMIZE_FOR_SEQUENTIAL_KEY = OFF) ON [PRIMARY]
) ON [PRIMARY]
GO
/****** Object:  Table [dbo].[Role]    Script Date: 15/08/2025 23:37:31 ******/
SET ANSI_NULLS ON
GO
SET QUOTED_IDENTIFIER ON
GO
CREATE TABLE [dbo].[Role](
	[Id] [int] IDENTITY(1,1) NOT NULL,
	[Name] [nvarchar](20) NOT NULL,
 CONSTRAINT [PK_Role] PRIMARY KEY CLUSTERED 
(
	[Id] ASC
)WITH (PAD_INDEX = OFF, STATISTICS_NORECOMPUTE = OFF, IGNORE_DUP_KEY = OFF, ALLOW_ROW_LOCKS = ON, ALLOW_PAGE_LOCKS = ON, OPTIMIZE_FOR_SEQUENTIAL_KEY = OFF) ON [PRIMARY]
) ON [PRIMARY]
GO
/****** Object:  Table [dbo].[Salary]    Script Date: 15/08/2025 23:37:31 ******/
SET ANSI_NULLS ON
GO
SET QUOTED_IDENTIFIER ON
GO
CREATE TABLE [dbo].[Salary](
	[Id] [int] IDENTITY(1,1) NOT NULL,
	[UserId] [int] NOT NULL,
	[Salary] [decimal](18, 0) NOT NULL,
 CONSTRAINT [PK_Salary] PRIMARY KEY CLUSTERED 
(
	[Id] ASC
)WITH (PAD_INDEX = OFF, STATISTICS_NORECOMPUTE = OFF, IGNORE_DUP_KEY = OFF, ALLOW_ROW_LOCKS = ON, ALLOW_PAGE_LOCKS = ON, OPTIMIZE_FOR_SEQUENTIAL_KEY = OFF) ON [PRIMARY]
) ON [PRIMARY]
GO
/****** Object:  Table [dbo].[SalaryTable]    Script Date: 15/08/2025 23:37:31 ******/
SET ANSI_NULLS ON
GO
SET QUOTED_IDENTIFIER ON
GO
CREATE TABLE [dbo].[SalaryTable](
	[Id] [int] IDENTITY(1,1) NOT NULL,
	[UserId] [int] NOT NULL,
	[Content] [nvarchar](200) NOT NULL,
	[Note] [nvarchar](max) NULL,
	[Date] [date] NOT NULL,
 CONSTRAINT [PK_SalaryTable] PRIMARY KEY CLUSTERED 
(
	[Id] ASC
)WITH (PAD_INDEX = OFF, STATISTICS_NORECOMPUTE = OFF, IGNORE_DUP_KEY = OFF, ALLOW_ROW_LOCKS = ON, ALLOW_PAGE_LOCKS = ON, OPTIMIZE_FOR_SEQUENTIAL_KEY = OFF) ON [PRIMARY]
) ON [PRIMARY] TEXTIMAGE_ON [PRIMARY]
GO
/****** Object:  Table [dbo].[StudentCourse]    Script Date: 15/08/2025 23:37:31 ******/
SET ANSI_NULLS ON
GO
SET QUOTED_IDENTIFIER ON
GO
CREATE TABLE [dbo].[StudentCourse](
	[StudentCourseId] [int] IDENTITY(1,1) NOT NULL,
	[PupilId] [int] NOT NULL,
	[CourseId] [int] NOT NULL,
	[Status] [int] NOT NULL,
 CONSTRAINT [PK_StudentCourse] PRIMARY KEY CLUSTERED 
(
	[StudentCourseId] ASC
)WITH (PAD_INDEX = OFF, STATISTICS_NORECOMPUTE = OFF, IGNORE_DUP_KEY = OFF, ALLOW_ROW_LOCKS = ON, ALLOW_PAGE_LOCKS = ON, OPTIMIZE_FOR_SEQUENTIAL_KEY = OFF) ON [PRIMARY]
) ON [PRIMARY]
GO
/****** Object:  Table [dbo].[Topic]    Script Date: 15/08/2025 23:37:31 ******/
SET ANSI_NULLS ON
GO
SET QUOTED_IDENTIFIER ON
GO
CREATE TABLE [dbo].[Topic](
	[Id] [int] IDENTITY(1,1) NOT NULL,
	[Name] [nvarchar](max) NOT NULL,
	[CreatedDate] [date] NOT NULL,
	[UpdatedDate] [date] NULL,
	[ClassId] [int] NULL,
	[CategoryId] [int] NULL,
 CONSTRAINT [PK_Topic] PRIMARY KEY CLUSTERED 
(
	[Id] ASC
)WITH (PAD_INDEX = OFF, STATISTICS_NORECOMPUTE = OFF, IGNORE_DUP_KEY = OFF, ALLOW_ROW_LOCKS = ON, ALLOW_PAGE_LOCKS = ON, OPTIMIZE_FOR_SEQUENTIAL_KEY = OFF) ON [PRIMARY]
) ON [PRIMARY] TEXTIMAGE_ON [PRIMARY]
GO
/****** Object:  Table [dbo].[UserAnswer]    Script Date: 15/08/2025 23:37:31 ******/
SET ANSI_NULLS ON
GO
SET QUOTED_IDENTIFIER ON
GO
CREATE TABLE [dbo].[UserAnswer](
	[Id] [int] IDENTITY(1,1) NOT NULL,
	[UserQuizzId] [int] NOT NULL,
	[QuestionId] [int] NOT NULL,
	[AnswerId] [int] NULL,
	[AnswerAt] [datetime] NULL,
	[IsCorrect] [bit] NULL,
 CONSTRAINT [PK_UserAnswer] PRIMARY KEY CLUSTERED 
(
	[Id] ASC
)WITH (PAD_INDEX = OFF, STATISTICS_NORECOMPUTE = OFF, IGNORE_DUP_KEY = OFF, ALLOW_ROW_LOCKS = ON, ALLOW_PAGE_LOCKS = ON, OPTIMIZE_FOR_SEQUENTIAL_KEY = OFF) ON [PRIMARY]
) ON [PRIMARY]
GO
/****** Object:  Table [dbo].[UserQuizz]    Script Date: 15/08/2025 23:37:31 ******/
SET ANSI_NULLS ON
GO
SET QUOTED_IDENTIFIER ON
GO
CREATE TABLE [dbo].[UserQuizz](
	[Id] [int] IDENTITY(1,1) NOT NULL,
	[QuizId] [int] NOT NULL,
	[StartAt] [datetime] NOT NULL,
	[SubmitAt] [datetime] NULL,
	[Duration] [float] NULL,
	[Score] [float] NULL,
	[ModuleProgressId] [int] NOT NULL,
	[IsPass] [bit] NULL,
 CONSTRAINT [PK_UserQuizz] PRIMARY KEY CLUSTERED 
(
	[Id] ASC
)WITH (PAD_INDEX = OFF, STATISTICS_NORECOMPUTE = OFF, IGNORE_DUP_KEY = OFF, ALLOW_ROW_LOCKS = ON, ALLOW_PAGE_LOCKS = ON, OPTIMIZE_FOR_SEQUENTIAL_KEY = OFF) ON [PRIMARY]
) ON [PRIMARY]
GO
/****** Object:  Table [dbo].[UserQuizzQuestion]    Script Date: 15/08/2025 23:37:31 ******/
SET ANSI_NULLS ON
GO
SET QUOTED_IDENTIFIER ON
GO
CREATE TABLE [dbo].[UserQuizzQuestion](
	[Id] [int] IDENTITY(1,1) NOT NULL,
	[UserQuizId] [int] NOT NULL,
	[Queestionid] [int] NOT NULL,
 CONSTRAINT [PK_UserQuizzQuestion] PRIMARY KEY CLUSTERED 
(
	[Id] ASC
)WITH (PAD_INDEX = OFF, STATISTICS_NORECOMPUTE = OFF, IGNORE_DUP_KEY = OFF, ALLOW_ROW_LOCKS = ON, ALLOW_PAGE_LOCKS = ON, OPTIMIZE_FOR_SEQUENTIAL_KEY = OFF) ON [PRIMARY]
) ON [PRIMARY]
GO
/****** Object:  Table [dbo].[VnPayPayments]    Script Date: 15/08/2025 23:37:31 ******/
SET ANSI_NULLS ON
GO
SET QUOTED_IDENTIFIER ON
GO
CREATE TABLE [dbo].[VnPayPayments](
	[Id] [int] IDENTITY(1,1) NOT NULL,
	[CoursePaymentId] [int] NOT NULL,
	[TransactionId] [nvarchar](100) NOT NULL,
	[OrderInfo] [nvarchar](255) NOT NULL,
	[Amount] [decimal](18, 2) NOT NULL,
	[BankCode] [nvarchar](50) NOT NULL,
	[CardType] [nvarchar](20) NOT NULL,
	[ResponseCode] [nvarchar](10) NOT NULL,
	[SecureHash] [nvarchar](255) NOT NULL,
	[PaidDate] [date] NOT NULL,
	[TransactionStatus] [nvarchar](10) NOT NULL,
 CONSTRAINT [PK_VnPayPayments] PRIMARY KEY CLUSTERED 
(
	[Id] ASC
)WITH (PAD_INDEX = OFF, STATISTICS_NORECOMPUTE = OFF, IGNORE_DUP_KEY = OFF, ALLOW_ROW_LOCKS = ON, ALLOW_PAGE_LOCKS = ON, OPTIMIZE_FOR_SEQUENTIAL_KEY = OFF) ON [PRIMARY]
) ON [PRIMARY]
GO
SET IDENTITY_INSERT [dbo].[Account] ON 

INSERT [dbo].[Account] ([Id], [Username], [Password], [Status], [CreatedDate], [UpdatedDate], [IsVerified]) VALUES (1, N'admin', N'AQAAAAIAAYagAAAAEAnTSvKBY4lGfywQ+JnKw5yo0E9CZvcexHg59oknJdQOxZ6J+ILVw6g2oaP7AsI39A==', 1, CAST(N'2025-06-10' AS Date), CAST(N'2025-08-12' AS Date), 0)
INSERT [dbo].[Account] ([Id], [Username], [Password], [Status], [CreatedDate], [UpdatedDate], [IsVerified]) VALUES (4, N'fiance1', N'finance1', 1, CAST(N'2025-06-07' AS Date), CAST(N'2025-06-11' AS Date), 0)
INSERT [dbo].[Account] ([Id], [Username], [Password], [Status], [CreatedDate], [UpdatedDate], [IsVerified]) VALUES (5, N'intructor1', N'intructor1', 1, CAST(N'2025-06-06' AS Date), CAST(N'2025-06-12' AS Date), 0)
INSERT [dbo].[Account] ([Id], [Username], [Password], [Status], [CreatedDate], [UpdatedDate], [IsVerified]) VALUES (6, N'pupil1', N'pupil1', 1, CAST(N'2025-06-05' AS Date), CAST(N'2025-06-12' AS Date), 0)
INSERT [dbo].[Account] ([Id], [Username], [Password], [Status], [CreatedDate], [UpdatedDate], [IsVerified]) VALUES (7, N'parent1', N'AQAAAAIAAYagAAAAEOdTQUFLe+XzzmaEiWJIfY3T6kQRpsjB5hB5w0PnUtTOu1YtpCPShCYhRCC+DNTZlg==', 1, CAST(N'2025-06-04' AS Date), CAST(N'2025-06-12' AS Date), 0)
INSERT [dbo].[Account] ([Id], [Username], [Password], [Status], [CreatedDate], [UpdatedDate], [IsVerified]) VALUES (8, N'makerting2', N'AQAAAAIAAYagAAAAEF/jM436u2hepjAIh5+Y5NdDcoQH3YHSjI5aZtSQEzlyxHYe+LP4VON2UZi74q4f4w==', 1, CAST(N'2025-06-03' AS Date), CAST(N'2025-06-12' AS Date), 0)
INSERT [dbo].[Account] ([Id], [Username], [Password], [Status], [CreatedDate], [UpdatedDate], [IsVerified]) VALUES (9, N'student2', N'AQAAAAIAAYagAAAAEIGEtKwIAbstYuAGTWDoafsOBXVjfxP+9MuVpxIKHP2+OsQYKswIJlcTIBZGMNwJdw==', 1, CAST(N'2025-06-02' AS Date), CAST(N'2025-06-12' AS Date), 0)
INSERT [dbo].[Account] ([Id], [Username], [Password], [Status], [CreatedDate], [UpdatedDate], [IsVerified]) VALUES (10, N'long', N'123456', 0, CAST(N'2025-06-01' AS Date), CAST(N'2025-06-17' AS Date), 0)
INSERT [dbo].[Account] ([Id], [Username], [Password], [Status], [CreatedDate], [UpdatedDate], [IsVerified]) VALUES (11, N'long1', N'123', 1, CAST(N'2025-06-13' AS Date), NULL, 0)
INSERT [dbo].[Account] ([Id], [Username], [Password], [Status], [CreatedDate], [UpdatedDate], [IsVerified]) VALUES (12, N'long2', N'123', 1, CAST(N'2025-06-30' AS Date), NULL, 0)
INSERT [dbo].[Account] ([Id], [Username], [Password], [Status], [CreatedDate], [UpdatedDate], [IsVerified]) VALUES (13, N'longhh', N'AQAAAAIAAYagAAAAELE4WDz/zNCNw/EelmZX9JMiBEHpDWtXseB5a3ayYDVzo08h7dejCarZM8CEwtltJg==', 1, CAST(N'2025-07-03' AS Date), CAST(N'2025-07-03' AS Date), 0)
INSERT [dbo].[Account] ([Id], [Username], [Password], [Status], [CreatedDate], [UpdatedDate], [IsVerified]) VALUES (14, N'hocsinh1', N'AQAAAAIAAYagAAAAEJEyOCrtr5MWDo5XE9LKWXzxpNFHhMItwnaKM2zOuBXbfLRnwoxO5iJKnG/cma38pw==', 1, CAST(N'2025-07-07' AS Date), NULL, 1)
INSERT [dbo].[Account] ([Id], [Username], [Password], [Status], [CreatedDate], [UpdatedDate], [IsVerified]) VALUES (15, N'hocsinh2', N'AQAAAAIAAYagAAAAEJvPTcKfLRrpaFIWke37LsicxAFBArzkbS8oVCth2ys9wHReH4x8CkexaUt0E24AMQ==', 1, CAST(N'2025-07-07' AS Date), NULL, 1)
INSERT [dbo].[Account] ([Id], [Username], [Password], [Status], [CreatedDate], [UpdatedDate], [IsVerified]) VALUES (16, N'phuhuynh1', N'AQAAAAIAAYagAAAAEFSmPqCAEHwzk1tbeiroEP5cigfVevk9PvRfk/SeNG66Gpp6suXZYKLU5icAUtn1SA==', 1, CAST(N'2025-07-07' AS Date), NULL, 1)
INSERT [dbo].[Account] ([Id], [Username], [Password], [Status], [CreatedDate], [UpdatedDate], [IsVerified]) VALUES (17, N'lhlong', N'AQAAAAIAAYagAAAAELuwEoACX4nSLCJAU6Las6O2lO/HPYfjW7nk34FXdvNkV1gn5Fim6pMMSbN1r6Nt2g==', 1, CAST(N'2025-07-13' AS Date), NULL, 0)
INSERT [dbo].[Account] ([Id], [Username], [Password], [Status], [CreatedDate], [UpdatedDate], [IsVerified]) VALUES (18, N'longlh', N'AQAAAAIAAYagAAAAEBFrwH3BNK9v0Mw0gmD8hbF9hYzvC4oIJuLiJPN+R4aqz4/GZv5W5ftaXipQ4tBXHw==', 1, CAST(N'2025-07-13' AS Date), NULL, 0)
INSERT [dbo].[Account] ([Id], [Username], [Password], [Status], [CreatedDate], [UpdatedDate], [IsVerified]) VALUES (19, N'mrk1', N'AQAAAAIAAYagAAAAEJ+4GbMHvVJbrAsF3/4I+54mHG3CsFvG7BvECYhwiuz+nexkKiQDtQsfaUWXyDRzvg==', 1, CAST(N'2025-07-14' AS Date), NULL, 1)
INSERT [dbo].[Account] ([Id], [Username], [Password], [Status], [CreatedDate], [UpdatedDate], [IsVerified]) VALUES (20, N'llll', N'AQAAAAIAAYagAAAAEGL23HpdkYs54HSTJxLK4nU5/aN6i/KZF4aejoRNMqDmu1BUMIDJdNAMfGW37ESC0Q==', 1, CAST(N'2025-07-20' AS Date), NULL, 0)
INSERT [dbo].[Account] ([Id], [Username], [Password], [Status], [CreatedDate], [UpdatedDate], [IsVerified]) VALUES (21, N'lll', N'AQAAAAIAAYagAAAAEMOxZIs+QovE/yW18iByZVhLskM5A072VcJUMOiVjj8kl/KFyn+5m2YvmRaP6Svgow==', 1, CAST(N'2025-07-20' AS Date), NULL, 0)
INSERT [dbo].[Account] ([Id], [Username], [Password], [Status], [CreatedDate], [UpdatedDate], [IsVerified]) VALUES (22, N'lllll', N'AQAAAAIAAYagAAAAEN8ZZAYgSbSl2VgpRRC0Zu4MMC/a2yFQBUGXHtMWH11IxU99li+Bt2h/Eqns4ToPZw==', 1, CAST(N'2025-07-20' AS Date), NULL, 0)
INSERT [dbo].[Account] ([Id], [Username], [Password], [Status], [CreatedDate], [UpdatedDate], [IsVerified]) VALUES (23, N'hs1', N'AQAAAAIAAYagAAAAEEXGqwZoLg+LIjjHrdwyCU8K8KbtWQrB9aKwMy+WgIEPX7PCEiQyc0kllrV+yCTSyw==', 1, CAST(N'2025-08-08' AS Date), NULL, 0)
INSERT [dbo].[Account] ([Id], [Username], [Password], [Status], [CreatedDate], [UpdatedDate], [IsVerified]) VALUES (24, N'hs2', N'AQAAAAIAAYagAAAAEOdowzRxeE/6ceBry5UEDbAysmh6vQr7lZYdJigsxxthdLEtGMIoLtVTcyXCkSAqbQ==', 1, CAST(N'2025-08-08' AS Date), NULL, 0)
INSERT [dbo].[Account] ([Id], [Username], [Password], [Status], [CreatedDate], [UpdatedDate], [IsVerified]) VALUES (25, N'hs3', N'AQAAAAIAAYagAAAAEBigKojlQjggn3SoELwhmzYw9wl+RzSrhrSPqMYj3lJVipk9xSZZ9+FjNV7Z0Qznyw==', 1, CAST(N'2025-08-09' AS Date), NULL, 0)
INSERT [dbo].[Account] ([Id], [Username], [Password], [Status], [CreatedDate], [UpdatedDate], [IsVerified]) VALUES (26, N'hs4', N'AQAAAAIAAYagAAAAEFHyZ4n2krxDeNNF2kRLKjMom1VAi5QuW+/K2KNKAVjV8ghkQVW8dTh4GaB9lFMj8w==', 1, CAST(N'2025-08-09' AS Date), NULL, 0)
INSERT [dbo].[Account] ([Id], [Username], [Password], [Status], [CreatedDate], [UpdatedDate], [IsVerified]) VALUES (27, N'hs5', N'AQAAAAIAAYagAAAAEEetiR88WSQqrbZUXa2ir+ApwF8xzWt/VHinLxZ0IItFuO6uM4NV4RYcYnW0CwDpmQ==', 1, CAST(N'2025-08-09' AS Date), NULL, 0)
INSERT [dbo].[Account] ([Id], [Username], [Password], [Status], [CreatedDate], [UpdatedDate], [IsVerified]) VALUES (28, N'hs6', N'AQAAAAIAAYagAAAAEF6UIuVIf66sxdST9yUuWWo5o2DNrcIdMZB7jnP1A/pg+7I50+V2mG77RnPru/3IPw==', 1, CAST(N'2025-08-09' AS Date), NULL, 0)
INSERT [dbo].[Account] ([Id], [Username], [Password], [Status], [CreatedDate], [UpdatedDate], [IsVerified]) VALUES (29, N'hs7', N'AQAAAAIAAYagAAAAEE7ogMkKIM5/a3EBD7BJ5dM2k1cLgWJuLcK2a4uQCq2pKSxyrUsWYHLxbIEGefz4Zg==', 1, CAST(N'2025-08-09' AS Date), NULL, 0)
INSERT [dbo].[Account] ([Id], [Username], [Password], [Status], [CreatedDate], [UpdatedDate], [IsVerified]) VALUES (30, N'hs8', N'AQAAAAIAAYagAAAAEIArZjtcJZpvq+PpGoEWa6Elb7mD+WzXlOUZDV75xb7p8c2qP+yYy+xHfUoAYVik3Q==', 1, CAST(N'2025-08-09' AS Date), NULL, 0)
INSERT [dbo].[Account] ([Id], [Username], [Password], [Status], [CreatedDate], [UpdatedDate], [IsVerified]) VALUES (31, N'hs9', N'AQAAAAIAAYagAAAAEIJT3H+nkTnAKDbij0+7e4ZTpY7YJLWFAk7/TjivoRGUl9r67t7If6qoxZ6+4ieuvQ==', 1, CAST(N'2025-08-09' AS Date), NULL, 0)
INSERT [dbo].[Account] ([Id], [Username], [Password], [Status], [CreatedDate], [UpdatedDate], [IsVerified]) VALUES (32, N'hs10', N'AQAAAAIAAYagAAAAELf3jRAbyA2KxZe1/6KQN6lzwxTjBX+D0Ec19BMI+PNDSOVEO/2dLepFd/mniTshIQ==', 1, CAST(N'2025-08-09' AS Date), NULL, 0)
INSERT [dbo].[Account] ([Id], [Username], [Password], [Status], [CreatedDate], [UpdatedDate], [IsVerified]) VALUES (33, N'hs11', N'AQAAAAIAAYagAAAAEH3+mWSR9Zc/NpLdSYVuIfhJh75BEgU+Mt9GahLjl6Sbupro80gUPSnVIBBP9a6zNA==', 1, CAST(N'2025-08-09' AS Date), NULL, 0)
INSERT [dbo].[Account] ([Id], [Username], [Password], [Status], [CreatedDate], [UpdatedDate], [IsVerified]) VALUES (34, N'hs12', N'AQAAAAIAAYagAAAAEMboe3fcmaPL6FlyDZe9tnUi2lR3vhUwD7J3tBy9OASdacFyJnLY4Zm4t9jdgZ/FOg==', 1, CAST(N'2025-08-09' AS Date), NULL, 0)
INSERT [dbo].[Account] ([Id], [Username], [Password], [Status], [CreatedDate], [UpdatedDate], [IsVerified]) VALUES (35, N'longhoang123', N'AQAAAAIAAYagAAAAEAf6NH+FyT8mzH7b5AOrCZa8/7lIU2FED+wrQnpZv5gmk2HwvKEHF/8sO/pk4/yFsQ==', 1, CAST(N'2025-08-12' AS Date), NULL, 0)
INSERT [dbo].[Account] ([Id], [Username], [Password], [Status], [CreatedDate], [UpdatedDate], [IsVerified]) VALUES (36, N'longolng', N'AQAAAAIAAYagAAAAECtQQ/iCYODuSuTjJ5bRuXcJsUJfEdoY659ANrdDE5TPF3HNTuVgLfWVkWTrEUH6fg==', 1, CAST(N'2025-08-13' AS Date), NULL, 1)
INSERT [dbo].[Account] ([Id], [Username], [Password], [Status], [CreatedDate], [UpdatedDate], [IsVerified]) VALUES (37, N'sh1', N'AQAAAAIAAYagAAAAELCYK4Sff0MonwGzykX5h7za3uOTipymHlKh819gVDDa0nvaIOnb4xO+0CqjTU0Tog==', 1, CAST(N'2025-08-15' AS Date), NULL, 0)
INSERT [dbo].[Account] ([Id], [Username], [Password], [Status], [CreatedDate], [UpdatedDate], [IsVerified]) VALUES (38, N'longhoang321', N'AQAAAAIAAYagAAAAEAsQaeb+7mTvF6iQ7MvhF/iVErMeIWauLfXXXMh6H7E0CH3ysm+7uhDvxRsSiuKdtA==', 1, CAST(N'2025-08-15' AS Date), NULL, 1)
SET IDENTITY_INSERT [dbo].[Account] OFF
GO
SET IDENTITY_INSERT [dbo].[Answer] ON 

INSERT [dbo].[Answer] ([Id], [QuesId], [Content], [IsCorrect]) VALUES (1, 1, N'Một biểu thức.', 0)
INSERT [dbo].[Answer] ([Id], [QuesId], [Content], [IsCorrect]) VALUES (2, 1, N'Một phát biểu có thể nhận giá trị Đúng hoặc Sai.', 1)
INSERT [dbo].[Answer] ([Id], [QuesId], [Content], [IsCorrect]) VALUES (3, 1, N'Một phương trình.', 0)
INSERT [dbo].[Answer] ([Id], [QuesId], [Content], [IsCorrect]) VALUES (4, 1, N'Một tập hợp.', 0)
INSERT [dbo].[Answer] ([Id], [QuesId], [Content], [IsCorrect]) VALUES (5, 2, N'Một biểu đồ.', 0)
INSERT [dbo].[Answer] ([Id], [QuesId], [Content], [IsCorrect]) VALUES (6, 2, N'Một dãy số.', 0)
INSERT [dbo].[Answer] ([Id], [QuesId], [Content], [IsCorrect]) VALUES (7, 2, N'Tập hợp các đối tượng có tính chất chung.', 1)
INSERT [dbo].[Answer] ([Id], [QuesId], [Content], [IsCorrect]) VALUES (8, 2, N'Một đồ thị.', 0)
INSERT [dbo].[Answer] ([Id], [QuesId], [Content], [IsCorrect]) VALUES (9, 3, N'∉', 0)
INSERT [dbo].[Answer] ([Id], [QuesId], [Content], [IsCorrect]) VALUES (10, 3, N'∈', 1)
INSERT [dbo].[Answer] ([Id], [QuesId], [Content], [IsCorrect]) VALUES (11, 3, N'⊂', 0)
INSERT [dbo].[Answer] ([Id], [QuesId], [Content], [IsCorrect]) VALUES (12, 3, N'∪', 0)
INSERT [dbo].[Answer] ([Id], [QuesId], [Content], [IsCorrect]) VALUES (13, 4, N'Tập không có phần tử.', 1)
INSERT [dbo].[Answer] ([Id], [QuesId], [Content], [IsCorrect]) VALUES (14, 4, N'Tập có vô hạn phần tử.', 0)
INSERT [dbo].[Answer] ([Id], [QuesId], [Content], [IsCorrect]) VALUES (15, 4, N'Tập có một phần tử.', 0)
INSERT [dbo].[Answer] ([Id], [QuesId], [Content], [IsCorrect]) VALUES (16, 4, N'Tập có 2 phần tử.', 0)
INSERT [dbo].[Answer] ([Id], [QuesId], [Content], [IsCorrect]) VALUES (17, 5, N'∅', 1)
INSERT [dbo].[Answer] ([Id], [QuesId], [Content], [IsCorrect]) VALUES (18, 5, N'0', 0)
INSERT [dbo].[Answer] ([Id], [QuesId], [Content], [IsCorrect]) VALUES (19, 5, N'{}', 0)
INSERT [dbo].[Answer] ([Id], [QuesId], [Content], [IsCorrect]) VALUES (20, 5, N'Ø', 0)
INSERT [dbo].[Answer] ([Id], [QuesId], [Content], [IsCorrect]) VALUES (21, 6, N'Khi có cùng số phần tử.', 0)
INSERT [dbo].[Answer] ([Id], [QuesId], [Content], [IsCorrect]) VALUES (22, 6, N'Khi các phần tử giống nhau.', 1)
INSERT [dbo].[Answer] ([Id], [QuesId], [Content], [IsCorrect]) VALUES (23, 6, N'Khi số phần tử A nhỏ hơn B.', 0)
INSERT [dbo].[Answer] ([Id], [QuesId], [Content], [IsCorrect]) VALUES (24, 6, N'Khi tập rỗng.', 0)
INSERT [dbo].[Answer] ([Id], [QuesId], [Content], [IsCorrect]) VALUES (25, 7, N'Tập con là tập có ít nhất một phần tử chung.', 0)
INSERT [dbo].[Answer] ([Id], [QuesId], [Content], [IsCorrect]) VALUES (26, 7, N'Tập mà mọi phần tử đều thuộc tập mẹ.', 1)
INSERT [dbo].[Answer] ([Id], [QuesId], [Content], [IsCorrect]) VALUES (27, 7, N'Tập không có phần tử.', 0)
INSERT [dbo].[Answer] ([Id], [QuesId], [Content], [IsCorrect]) VALUES (28, 7, N'Tập vô hạn.', 0)
INSERT [dbo].[Answer] ([Id], [QuesId], [Content], [IsCorrect]) VALUES (29, 8, N'⊂', 1)
INSERT [dbo].[Answer] ([Id], [QuesId], [Content], [IsCorrect]) VALUES (30, 8, N'∈', 0)
INSERT [dbo].[Answer] ([Id], [QuesId], [Content], [IsCorrect]) VALUES (31, 8, N'∅', 0)
INSERT [dbo].[Answer] ([Id], [QuesId], [Content], [IsCorrect]) VALUES (32, 8, N'∩', 0)
INSERT [dbo].[Answer] ([Id], [QuesId], [Content], [IsCorrect]) VALUES (33, 9, N'{0,1,2,3,...}', 1)
INSERT [dbo].[Answer] ([Id], [QuesId], [Content], [IsCorrect]) VALUES (34, 9, N'{...,-2,-1,0,1,...}', 0)
INSERT [dbo].[Answer] ([Id], [QuesId], [Content], [IsCorrect]) VALUES (35, 9, N'{x ∈ Q}', 0)
INSERT [dbo].[Answer] ([Id], [QuesId], [Content], [IsCorrect]) VALUES (36, 9, N'{x ∈ R}', 0)
INSERT [dbo].[Answer] ([Id], [QuesId], [Content], [IsCorrect]) VALUES (37, 10, N'N', 1)
INSERT [dbo].[Answer] ([Id], [QuesId], [Content], [IsCorrect]) VALUES (38, 10, N'Z', 0)
INSERT [dbo].[Answer] ([Id], [QuesId], [Content], [IsCorrect]) VALUES (39, 10, N'Q', 0)
INSERT [dbo].[Answer] ([Id], [QuesId], [Content], [IsCorrect]) VALUES (40, 10, N'R', 0)
INSERT [dbo].[Answer] ([Id], [QuesId], [Content], [IsCorrect]) VALUES (41, 11, N'{...,-2,-1,0,1,...}', 1)
INSERT [dbo].[Answer] ([Id], [QuesId], [Content], [IsCorrect]) VALUES (42, 11, N'{0,1,2,3,...}', 0)
INSERT [dbo].[Answer] ([Id], [QuesId], [Content], [IsCorrect]) VALUES (43, 11, N'{x ∈ Q}', 0)
INSERT [dbo].[Answer] ([Id], [QuesId], [Content], [IsCorrect]) VALUES (44, 11, N'{x ∈ R}', 0)
INSERT [dbo].[Answer] ([Id], [QuesId], [Content], [IsCorrect]) VALUES (45, 12, N'Z', 1)
INSERT [dbo].[Answer] ([Id], [QuesId], [Content], [IsCorrect]) VALUES (46, 12, N'N', 0)
INSERT [dbo].[Answer] ([Id], [QuesId], [Content], [IsCorrect]) VALUES (47, 12, N'Q', 0)
INSERT [dbo].[Answer] ([Id], [QuesId], [Content], [IsCorrect]) VALUES (48, 12, N'R', 0)
INSERT [dbo].[Answer] ([Id], [QuesId], [Content], [IsCorrect]) VALUES (49, 13, N'{x | x = a/b, a ∈ Z, b ∈ Z, b ≠ 0}', 1)
INSERT [dbo].[Answer] ([Id], [QuesId], [Content], [IsCorrect]) VALUES (50, 13, N'{0,1,2,3,...}', 0)
INSERT [dbo].[Answer] ([Id], [QuesId], [Content], [IsCorrect]) VALUES (51, 13, N'{x ∈ R}', 0)
INSERT [dbo].[Answer] ([Id], [QuesId], [Content], [IsCorrect]) VALUES (52, 13, N'{x ∈ Z}', 0)
INSERT [dbo].[Answer] ([Id], [QuesId], [Content], [IsCorrect]) VALUES (53, 14, N'Q', 1)
INSERT [dbo].[Answer] ([Id], [QuesId], [Content], [IsCorrect]) VALUES (54, 14, N'N', 0)
INSERT [dbo].[Answer] ([Id], [QuesId], [Content], [IsCorrect]) VALUES (55, 14, N'Z', 0)
INSERT [dbo].[Answer] ([Id], [QuesId], [Content], [IsCorrect]) VALUES (56, 14, N'R', 0)
INSERT [dbo].[Answer] ([Id], [QuesId], [Content], [IsCorrect]) VALUES (57, 15, N'{x | x là số thực}', 1)
INSERT [dbo].[Answer] ([Id], [QuesId], [Content], [IsCorrect]) VALUES (58, 15, N'{x ∈ Z}', 0)
INSERT [dbo].[Answer] ([Id], [QuesId], [Content], [IsCorrect]) VALUES (59, 15, N'{x ∈ Q}', 0)
INSERT [dbo].[Answer] ([Id], [QuesId], [Content], [IsCorrect]) VALUES (60, 15, N'{x ∈ N}', 0)
INSERT [dbo].[Answer] ([Id], [QuesId], [Content], [IsCorrect]) VALUES (61, 16, N'R', 1)
INSERT [dbo].[Answer] ([Id], [QuesId], [Content], [IsCorrect]) VALUES (62, 16, N'Q', 0)
INSERT [dbo].[Answer] ([Id], [QuesId], [Content], [IsCorrect]) VALUES (63, 16, N'Z', 0)
INSERT [dbo].[Answer] ([Id], [QuesId], [Content], [IsCorrect]) VALUES (64, 16, N'N', 0)
INSERT [dbo].[Answer] ([Id], [QuesId], [Content], [IsCorrect]) VALUES (65, 17, N'Tập gồm các phần tử chung của 2 tập.', 1)
INSERT [dbo].[Answer] ([Id], [QuesId], [Content], [IsCorrect]) VALUES (66, 17, N'Tập gồm tất cả phần tử.', 0)
INSERT [dbo].[Answer] ([Id], [QuesId], [Content], [IsCorrect]) VALUES (67, 17, N'Tập không có phần tử.', 0)
INSERT [dbo].[Answer] ([Id], [QuesId], [Content], [IsCorrect]) VALUES (68, 17, N'Tập hợp rỗng.', 0)
INSERT [dbo].[Answer] ([Id], [QuesId], [Content], [IsCorrect]) VALUES (69, 18, N'∩', 1)
INSERT [dbo].[Answer] ([Id], [QuesId], [Content], [IsCorrect]) VALUES (70, 18, N'∪', 0)
INSERT [dbo].[Answer] ([Id], [QuesId], [Content], [IsCorrect]) VALUES (71, 18, N'⊂', 0)
INSERT [dbo].[Answer] ([Id], [QuesId], [Content], [IsCorrect]) VALUES (72, 18, N'∈', 0)
INSERT [dbo].[Answer] ([Id], [QuesId], [Content], [IsCorrect]) VALUES (73, 19, N'Tập hợp gồm các phần tử thuộc ít nhất 1 trong 2 tập.', 1)
INSERT [dbo].[Answer] ([Id], [QuesId], [Content], [IsCorrect]) VALUES (74, 19, N'Tập không có phần tử.', 0)
INSERT [dbo].[Answer] ([Id], [QuesId], [Content], [IsCorrect]) VALUES (75, 19, N'Tập con.', 0)
INSERT [dbo].[Answer] ([Id], [QuesId], [Content], [IsCorrect]) VALUES (76, 19, N'Tập hợp rỗng.', 0)
INSERT [dbo].[Answer] ([Id], [QuesId], [Content], [IsCorrect]) VALUES (77, 20, N'∪', 1)
INSERT [dbo].[Answer] ([Id], [QuesId], [Content], [IsCorrect]) VALUES (78, 20, N'∩', 0)
INSERT [dbo].[Answer] ([Id], [QuesId], [Content], [IsCorrect]) VALUES (79, 20, N'⊂', 0)
INSERT [dbo].[Answer] ([Id], [QuesId], [Content], [IsCorrect]) VALUES (80, 20, N'∈', 0)
INSERT [dbo].[Answer] ([Id], [QuesId], [Content], [IsCorrect]) VALUES (81, 21, N'Tập gồm các phần tử thuộc tập A nhưng không thuộc tập B.', 1)
INSERT [dbo].[Answer] ([Id], [QuesId], [Content], [IsCorrect]) VALUES (82, 21, N'Tập gồm tất cả các phần tử.', 0)
INSERT [dbo].[Answer] ([Id], [QuesId], [Content], [IsCorrect]) VALUES (83, 21, N'Tập con của B.', 0)
INSERT [dbo].[Answer] ([Id], [QuesId], [Content], [IsCorrect]) VALUES (84, 21, N'Tập hợp rỗng.', 0)
INSERT [dbo].[Answer] ([Id], [QuesId], [Content], [IsCorrect]) VALUES (85, 22, N'\', 1)
INSERT [dbo].[Answer] ([Id], [QuesId], [Content], [IsCorrect]) VALUES (86, 22, N'∪', 0)
INSERT [dbo].[Answer] ([Id], [QuesId], [Content], [IsCorrect]) VALUES (87, 22, N'∩', 0)
INSERT [dbo].[Answer] ([Id], [QuesId], [Content], [IsCorrect]) VALUES (88, 22, N'⊂', 0)
INSERT [dbo].[Answer] ([Id], [QuesId], [Content], [IsCorrect]) VALUES (89, 23, N'Mệnh đề luôn đúng với mọi giá trị biến.', 1)
INSERT [dbo].[Answer] ([Id], [QuesId], [Content], [IsCorrect]) VALUES (90, 23, N'Mệnh đề sai với một số giá trị.', 0)
INSERT [dbo].[Answer] ([Id], [QuesId], [Content], [IsCorrect]) VALUES (91, 23, N'Biểu thức toán học.', 0)
INSERT [dbo].[Answer] ([Id], [QuesId], [Content], [IsCorrect]) VALUES (92, 23, N'Một tập hợp.', 0)
INSERT [dbo].[Answer] ([Id], [QuesId], [Content], [IsCorrect]) VALUES (93, 24, N'Mệnh đề sai với mọi giá trị.', 1)
INSERT [dbo].[Answer] ([Id], [QuesId], [Content], [IsCorrect]) VALUES (94, 24, N'Mệnh đề luôn đúng.', 0)
INSERT [dbo].[Answer] ([Id], [QuesId], [Content], [IsCorrect]) VALUES (95, 24, N'Biểu thức logic.', 0)
INSERT [dbo].[Answer] ([Id], [QuesId], [Content], [IsCorrect]) VALUES (96, 24, N'Một hàm số.', 0)
INSERT [dbo].[Answer] ([Id], [QuesId], [Content], [IsCorrect]) VALUES (97, 25, N'Mệnh đề ngược lại.', 1)
INSERT [dbo].[Answer] ([Id], [QuesId], [Content], [IsCorrect]) VALUES (98, 25, N'Mệnh đề tương đương.', 0)
INSERT [dbo].[Answer] ([Id], [QuesId], [Content], [IsCorrect]) VALUES (99, 25, N'Một biểu thức.', 0)
GO
INSERT [dbo].[Answer] ([Id], [QuesId], [Content], [IsCorrect]) VALUES (100, 25, N'Một hàm số.', 0)
INSERT [dbo].[Answer] ([Id], [QuesId], [Content], [IsCorrect]) VALUES (101, 26, N'¬', 1)
INSERT [dbo].[Answer] ([Id], [QuesId], [Content], [IsCorrect]) VALUES (102, 26, N'∩', 0)
INSERT [dbo].[Answer] ([Id], [QuesId], [Content], [IsCorrect]) VALUES (103, 26, N'∪', 0)
INSERT [dbo].[Answer] ([Id], [QuesId], [Content], [IsCorrect]) VALUES (104, 26, N'⊂', 0)
INSERT [dbo].[Answer] ([Id], [QuesId], [Content], [IsCorrect]) VALUES (105, 27, N'Nếu A thì B.', 1)
INSERT [dbo].[Answer] ([Id], [QuesId], [Content], [IsCorrect]) VALUES (106, 27, N'A và B.', 0)
INSERT [dbo].[Answer] ([Id], [QuesId], [Content], [IsCorrect]) VALUES (107, 27, N'A hoặc B.', 0)
INSERT [dbo].[Answer] ([Id], [QuesId], [Content], [IsCorrect]) VALUES (108, 27, N'A khi và chỉ khi B.', 0)
INSERT [dbo].[Answer] ([Id], [QuesId], [Content], [IsCorrect]) VALUES (109, 28, N'A khi và chỉ khi B.', 1)
INSERT [dbo].[Answer] ([Id], [QuesId], [Content], [IsCorrect]) VALUES (110, 28, N'Nếu A thì B.', 0)
INSERT [dbo].[Answer] ([Id], [QuesId], [Content], [IsCorrect]) VALUES (111, 28, N'A hoặc B.', 0)
INSERT [dbo].[Answer] ([Id], [QuesId], [Content], [IsCorrect]) VALUES (112, 28, N'A và B.', 0)
INSERT [dbo].[Answer] ([Id], [QuesId], [Content], [IsCorrect]) VALUES (113, 29, N'Tập hợp các giá trị làm cho mệnh đề đúng.', 1)
INSERT [dbo].[Answer] ([Id], [QuesId], [Content], [IsCorrect]) VALUES (114, 29, N'Tập hợp các giá trị sai.', 0)
INSERT [dbo].[Answer] ([Id], [QuesId], [Content], [IsCorrect]) VALUES (115, 29, N'Một mệnh đề logic.', 0)
INSERT [dbo].[Answer] ([Id], [QuesId], [Content], [IsCorrect]) VALUES (116, 29, N'Tập rỗng.', 0)
INSERT [dbo].[Answer] ([Id], [QuesId], [Content], [IsCorrect]) VALUES (117, 30, N'{2,3}', 1)
INSERT [dbo].[Answer] ([Id], [QuesId], [Content], [IsCorrect]) VALUES (118, 30, N'{1,4}', 0)
INSERT [dbo].[Answer] ([Id], [QuesId], [Content], [IsCorrect]) VALUES (119, 30, N'{1,2,3,4}', 0)
INSERT [dbo].[Answer] ([Id], [QuesId], [Content], [IsCorrect]) VALUES (120, 30, N'{}', 0)
INSERT [dbo].[Answer] ([Id], [QuesId], [Content], [IsCorrect]) VALUES (121, 31, N'Một biểu thức chứa dấu so sánh như >, <, ≥, ≤.', 1)
INSERT [dbo].[Answer] ([Id], [QuesId], [Content], [IsCorrect]) VALUES (122, 31, N'Một phương trình có dấu =.', 0)
INSERT [dbo].[Answer] ([Id], [QuesId], [Content], [IsCorrect]) VALUES (123, 31, N'Một hàm số.', 0)
INSERT [dbo].[Answer] ([Id], [QuesId], [Content], [IsCorrect]) VALUES (124, 31, N'Một đồ thị hàm số.', 0)
INSERT [dbo].[Answer] ([Id], [QuesId], [Content], [IsCorrect]) VALUES (125, 32, N'Lớn hơn.', 1)
INSERT [dbo].[Answer] ([Id], [QuesId], [Content], [IsCorrect]) VALUES (126, 32, N'Nhỏ hơn.', 0)
INSERT [dbo].[Answer] ([Id], [QuesId], [Content], [IsCorrect]) VALUES (127, 32, N'Bằng.', 0)
INSERT [dbo].[Answer] ([Id], [QuesId], [Content], [IsCorrect]) VALUES (128, 32, N'Không xác định.', 0)
INSERT [dbo].[Answer] ([Id], [QuesId], [Content], [IsCorrect]) VALUES (129, 33, N'Giá trị làm cho bất phương trình đúng.', 1)
INSERT [dbo].[Answer] ([Id], [QuesId], [Content], [IsCorrect]) VALUES (130, 33, N'Một hàm số.', 0)
INSERT [dbo].[Answer] ([Id], [QuesId], [Content], [IsCorrect]) VALUES (131, 33, N'Một giá trị ngẫu nhiên.', 0)
INSERT [dbo].[Answer] ([Id], [QuesId], [Content], [IsCorrect]) VALUES (132, 33, N'Một biểu thức đại số.', 0)
INSERT [dbo].[Answer] ([Id], [QuesId], [Content], [IsCorrect]) VALUES (133, 34, N'Biểu diễn bằng các đoạn hoặc khoảng.', 1)
INSERT [dbo].[Answer] ([Id], [QuesId], [Content], [IsCorrect]) VALUES (134, 34, N'Biểu diễn bằng đồ thị.', 0)
INSERT [dbo].[Answer] ([Id], [QuesId], [Content], [IsCorrect]) VALUES (135, 34, N'Không thể biểu diễn.', 0)
INSERT [dbo].[Answer] ([Id], [QuesId], [Content], [IsCorrect]) VALUES (136, 34, N'Bằng sơ đồ cây.', 0)
INSERT [dbo].[Answer] ([Id], [QuesId], [Content], [IsCorrect]) VALUES (137, 35, N'ax + b > 0 hoặc ax + b < 0.', 1)
INSERT [dbo].[Answer] ([Id], [QuesId], [Content], [IsCorrect]) VALUES (138, 35, N'ax^2 + bx + c = 0.', 0)
INSERT [dbo].[Answer] ([Id], [QuesId], [Content], [IsCorrect]) VALUES (139, 35, N'ax + b = c.', 0)
INSERT [dbo].[Answer] ([Id], [QuesId], [Content], [IsCorrect]) VALUES (140, 35, N'x + b = 0.', 0)
INSERT [dbo].[Answer] ([Id], [QuesId], [Content], [IsCorrect]) VALUES (141, 36, N'Bất phương trình không đổi hướng.', 1)
INSERT [dbo].[Answer] ([Id], [QuesId], [Content], [IsCorrect]) VALUES (142, 36, N'Bất phương trình đảo hướng.', 0)
INSERT [dbo].[Answer] ([Id], [QuesId], [Content], [IsCorrect]) VALUES (143, 36, N'Không có tác dụng.', 0)
INSERT [dbo].[Answer] ([Id], [QuesId], [Content], [IsCorrect]) VALUES (144, 36, N'Làm bất phương trình vô nghiệm.', 0)
INSERT [dbo].[Answer] ([Id], [QuesId], [Content], [IsCorrect]) VALUES (145, 37, N'Bất phương trình đảo chiều.', 1)
INSERT [dbo].[Answer] ([Id], [QuesId], [Content], [IsCorrect]) VALUES (146, 37, N'Không đổi chiều.', 0)
INSERT [dbo].[Answer] ([Id], [QuesId], [Content], [IsCorrect]) VALUES (147, 37, N'Không có tác dụng.', 0)
INSERT [dbo].[Answer] ([Id], [QuesId], [Content], [IsCorrect]) VALUES (148, 37, N'Làm bất phương trình sai.', 0)
INSERT [dbo].[Answer] ([Id], [QuesId], [Content], [IsCorrect]) VALUES (149, 38, N'Nhỏ hơn hoặc bằng.', 0)
INSERT [dbo].[Answer] ([Id], [QuesId], [Content], [IsCorrect]) VALUES (150, 38, N'Lớn hơn hoặc bằng.', 1)
INSERT [dbo].[Answer] ([Id], [QuesId], [Content], [IsCorrect]) VALUES (151, 38, N'Bằng.', 0)
INSERT [dbo].[Answer] ([Id], [QuesId], [Content], [IsCorrect]) VALUES (152, 38, N'Không xác định.', 0)
INSERT [dbo].[Answer] ([Id], [QuesId], [Content], [IsCorrect]) VALUES (153, 39, N'Bất phương trình luôn đúng.', 1)
INSERT [dbo].[Answer] ([Id], [QuesId], [Content], [IsCorrect]) VALUES (154, 39, N'Bất phương trình không có nghiệm.', 0)
INSERT [dbo].[Answer] ([Id], [QuesId], [Content], [IsCorrect]) VALUES (155, 39, N'Bất phương trình có nghiệm.', 0)
INSERT [dbo].[Answer] ([Id], [QuesId], [Content], [IsCorrect]) VALUES (156, 39, N'Không xác định.', 0)
INSERT [dbo].[Answer] ([Id], [QuesId], [Content], [IsCorrect]) VALUES (157, 40, N'Không có giá trị nào thỏa mãn.', 1)
INSERT [dbo].[Answer] ([Id], [QuesId], [Content], [IsCorrect]) VALUES (158, 40, N'Có vô số nghiệm.', 0)
INSERT [dbo].[Answer] ([Id], [QuesId], [Content], [IsCorrect]) VALUES (159, 40, N'Một nghiệm duy nhất.', 0)
INSERT [dbo].[Answer] ([Id], [QuesId], [Content], [IsCorrect]) VALUES (160, 40, N'Không rõ.', 0)
INSERT [dbo].[Answer] ([Id], [QuesId], [Content], [IsCorrect]) VALUES (161, 41, N'Bất phương trình đúng với mọi giá trị của ẩn.', 1)
INSERT [dbo].[Answer] ([Id], [QuesId], [Content], [IsCorrect]) VALUES (162, 41, N'Không có nghiệm.', 0)
INSERT [dbo].[Answer] ([Id], [QuesId], [Content], [IsCorrect]) VALUES (163, 41, N'Một nghiệm duy nhất.', 0)
INSERT [dbo].[Answer] ([Id], [QuesId], [Content], [IsCorrect]) VALUES (164, 41, N'Không rõ.', 0)
INSERT [dbo].[Answer] ([Id], [QuesId], [Content], [IsCorrect]) VALUES (165, 42, N'Bất phương trình không đổi.', 1)
INSERT [dbo].[Answer] ([Id], [QuesId], [Content], [IsCorrect]) VALUES (166, 42, N'Bất phương trình đổi chiều.', 0)
INSERT [dbo].[Answer] ([Id], [QuesId], [Content], [IsCorrect]) VALUES (167, 42, N'Bất phương trình không có nghiệm.', 0)
INSERT [dbo].[Answer] ([Id], [QuesId], [Content], [IsCorrect]) VALUES (168, 42, N'Làm bất phương trình vô nghiệm.', 0)
INSERT [dbo].[Answer] ([Id], [QuesId], [Content], [IsCorrect]) VALUES (169, 43, N'Bất phương trình không đổi.', 1)
INSERT [dbo].[Answer] ([Id], [QuesId], [Content], [IsCorrect]) VALUES (170, 43, N'Bất phương trình đổi chiều.', 0)
INSERT [dbo].[Answer] ([Id], [QuesId], [Content], [IsCorrect]) VALUES (171, 43, N'Bất phương trình không có nghiệm.', 0)
INSERT [dbo].[Answer] ([Id], [QuesId], [Content], [IsCorrect]) VALUES (172, 43, N'Làm bất phương trình vô nghiệm.', 0)
INSERT [dbo].[Answer] ([Id], [QuesId], [Content], [IsCorrect]) VALUES (173, 44, N'Bất phương trình có cùng tập nghiệm.', 1)
INSERT [dbo].[Answer] ([Id], [QuesId], [Content], [IsCorrect]) VALUES (174, 44, N'Bất phương trình có nghiệm khác.', 0)
INSERT [dbo].[Answer] ([Id], [QuesId], [Content], [IsCorrect]) VALUES (175, 44, N'Không liên quan.', 0)
INSERT [dbo].[Answer] ([Id], [QuesId], [Content], [IsCorrect]) VALUES (176, 44, N'Không xác định.', 0)
INSERT [dbo].[Answer] ([Id], [QuesId], [Content], [IsCorrect]) VALUES (177, 45, N'Giải từng bất phương trình rồi lấy giao.', 1)
INSERT [dbo].[Answer] ([Id], [QuesId], [Content], [IsCorrect]) VALUES (178, 45, N'Giải như phương trình.', 0)
INSERT [dbo].[Answer] ([Id], [QuesId], [Content], [IsCorrect]) VALUES (179, 45, N'Lấy hợp nghiệm.', 0)
INSERT [dbo].[Answer] ([Id], [QuesId], [Content], [IsCorrect]) VALUES (180, 45, N'Lấy nghiệm bất kỳ.', 0)
INSERT [dbo].[Answer] ([Id], [QuesId], [Content], [IsCorrect]) VALUES (181, 46, N'Giao nghiệm các bất phương trình.', 1)
INSERT [dbo].[Answer] ([Id], [QuesId], [Content], [IsCorrect]) VALUES (182, 46, N'Hợp nghiệm.', 0)
INSERT [dbo].[Answer] ([Id], [QuesId], [Content], [IsCorrect]) VALUES (183, 46, N'Tập rỗng.', 0)
INSERT [dbo].[Answer] ([Id], [QuesId], [Content], [IsCorrect]) VALUES (184, 46, N'Tập đầy đủ.', 0)
INSERT [dbo].[Answer] ([Id], [QuesId], [Content], [IsCorrect]) VALUES (185, 47, N'Biểu diễn bằng đoạn hoặc khoảng.', 1)
INSERT [dbo].[Answer] ([Id], [QuesId], [Content], [IsCorrect]) VALUES (186, 47, N'Không biểu diễn.', 0)
INSERT [dbo].[Answer] ([Id], [QuesId], [Content], [IsCorrect]) VALUES (187, 47, N'Bằng bảng giá trị.', 0)
INSERT [dbo].[Answer] ([Id], [QuesId], [Content], [IsCorrect]) VALUES (188, 47, N'Sơ đồ cây.', 0)
INSERT [dbo].[Answer] ([Id], [QuesId], [Content], [IsCorrect]) VALUES (189, 48, N'Khi a = 0 và b < 0.', 1)
INSERT [dbo].[Answer] ([Id], [QuesId], [Content], [IsCorrect]) VALUES (190, 48, N'Khi a = 0.', 0)
INSERT [dbo].[Answer] ([Id], [QuesId], [Content], [IsCorrect]) VALUES (191, 48, N'Khi b = 0.', 0)
INSERT [dbo].[Answer] ([Id], [QuesId], [Content], [IsCorrect]) VALUES (192, 48, N'Không có điều kiện.', 0)
INSERT [dbo].[Answer] ([Id], [QuesId], [Content], [IsCorrect]) VALUES (193, 49, N'Khi bất phương trình luôn đúng.', 1)
INSERT [dbo].[Answer] ([Id], [QuesId], [Content], [IsCorrect]) VALUES (194, 49, N'Khi vô nghiệm.', 0)
INSERT [dbo].[Answer] ([Id], [QuesId], [Content], [IsCorrect]) VALUES (195, 49, N'Khi b = 0.', 0)
INSERT [dbo].[Answer] ([Id], [QuesId], [Content], [IsCorrect]) VALUES (196, 49, N'Không xác định.', 0)
INSERT [dbo].[Answer] ([Id], [QuesId], [Content], [IsCorrect]) VALUES (197, 50, N'Biến đổi thành tích các biểu thức.', 1)
INSERT [dbo].[Answer] ([Id], [QuesId], [Content], [IsCorrect]) VALUES (198, 50, N'Chuyển về phương trình.', 0)
INSERT [dbo].[Answer] ([Id], [QuesId], [Content], [IsCorrect]) VALUES (199, 50, N'Dùng đồ thị.', 0)
GO
INSERT [dbo].[Answer] ([Id], [QuesId], [Content], [IsCorrect]) VALUES (200, 50, N'Không giải.', 0)
INSERT [dbo].[Answer] ([Id], [QuesId], [Content], [IsCorrect]) VALUES (201, 51, N'ax^2 + bx + c > 0 hoặc < 0.', 1)
INSERT [dbo].[Answer] ([Id], [QuesId], [Content], [IsCorrect]) VALUES (202, 51, N'ax + b > 0.', 0)
INSERT [dbo].[Answer] ([Id], [QuesId], [Content], [IsCorrect]) VALUES (203, 51, N'ax^3 + b.', 0)
INSERT [dbo].[Answer] ([Id], [QuesId], [Content], [IsCorrect]) VALUES (204, 51, N'Không xác định.', 0)
INSERT [dbo].[Answer] ([Id], [QuesId], [Content], [IsCorrect]) VALUES (205, 52, N'Sử dụng bảng xét dấu.', 1)
INSERT [dbo].[Answer] ([Id], [QuesId], [Content], [IsCorrect]) VALUES (206, 52, N'Dùng đồ thị.', 0)
INSERT [dbo].[Answer] ([Id], [QuesId], [Content], [IsCorrect]) VALUES (207, 52, N'Không giải.', 0)
INSERT [dbo].[Answer] ([Id], [QuesId], [Content], [IsCorrect]) VALUES (208, 52, N'Không cần bảng.', 0)
INSERT [dbo].[Answer] ([Id], [QuesId], [Content], [IsCorrect]) VALUES (209, 53, N'Không có nghiệm chung.', 1)
INSERT [dbo].[Answer] ([Id], [QuesId], [Content], [IsCorrect]) VALUES (210, 53, N'Hợp nghiệm.', 0)
INSERT [dbo].[Answer] ([Id], [QuesId], [Content], [IsCorrect]) VALUES (211, 53, N'Tập đầy đủ.', 0)
INSERT [dbo].[Answer] ([Id], [QuesId], [Content], [IsCorrect]) VALUES (212, 53, N'Không xác định.', 0)
INSERT [dbo].[Answer] ([Id], [QuesId], [Content], [IsCorrect]) VALUES (213, 54, N'Giao nghiệm.', 1)
INSERT [dbo].[Answer] ([Id], [QuesId], [Content], [IsCorrect]) VALUES (214, 54, N'Hợp nghiệm.', 0)
INSERT [dbo].[Answer] ([Id], [QuesId], [Content], [IsCorrect]) VALUES (215, 54, N'Tập rỗng.', 0)
INSERT [dbo].[Answer] ([Id], [QuesId], [Content], [IsCorrect]) VALUES (216, 54, N'Tập đầy đủ.', 0)
INSERT [dbo].[Answer] ([Id], [QuesId], [Content], [IsCorrect]) VALUES (217, 55, N'Phương trình.', 1)
INSERT [dbo].[Answer] ([Id], [QuesId], [Content], [IsCorrect]) VALUES (218, 55, N'Hệ phương trình.', 0)
INSERT [dbo].[Answer] ([Id], [QuesId], [Content], [IsCorrect]) VALUES (219, 55, N'Không xác định.', 0)
INSERT [dbo].[Answer] ([Id], [QuesId], [Content], [IsCorrect]) VALUES (220, 55, N'Biểu thức.', 0)
INSERT [dbo].[Answer] ([Id], [QuesId], [Content], [IsCorrect]) VALUES (221, 56, N'Đảo chiều bất phương trình.', 1)
INSERT [dbo].[Answer] ([Id], [QuesId], [Content], [IsCorrect]) VALUES (222, 56, N'Không làm gì.', 0)
INSERT [dbo].[Answer] ([Id], [QuesId], [Content], [IsCorrect]) VALUES (223, 56, N'Giữ nguyên.', 0)
INSERT [dbo].[Answer] ([Id], [QuesId], [Content], [IsCorrect]) VALUES (224, 56, N'Không xác định.', 0)
INSERT [dbo].[Answer] ([Id], [QuesId], [Content], [IsCorrect]) VALUES (225, 57, N'Phương pháp bảng xét dấu.', 1)
INSERT [dbo].[Answer] ([Id], [QuesId], [Content], [IsCorrect]) VALUES (226, 57, N'Đồ thị.', 0)
INSERT [dbo].[Answer] ([Id], [QuesId], [Content], [IsCorrect]) VALUES (227, 57, N'Không cần.', 0)
INSERT [dbo].[Answer] ([Id], [QuesId], [Content], [IsCorrect]) VALUES (228, 57, N'Không rõ.', 0)
INSERT [dbo].[Answer] ([Id], [QuesId], [Content], [IsCorrect]) VALUES (229, 58, N'Khoảng nghiệm trên trục số.', 1)
INSERT [dbo].[Answer] ([Id], [QuesId], [Content], [IsCorrect]) VALUES (230, 58, N'Không có.', 0)
INSERT [dbo].[Answer] ([Id], [QuesId], [Content], [IsCorrect]) VALUES (231, 58, N'Tập rỗng.', 0)
INSERT [dbo].[Answer] ([Id], [QuesId], [Content], [IsCorrect]) VALUES (232, 58, N'Không xác định.', 0)
INSERT [dbo].[Answer] ([Id], [QuesId], [Content], [IsCorrect]) VALUES (233, 59, N'Xác định điều kiện tham số.', 1)
INSERT [dbo].[Answer] ([Id], [QuesId], [Content], [IsCorrect]) VALUES (234, 59, N'Không cần chú ý.', 0)
INSERT [dbo].[Answer] ([Id], [QuesId], [Content], [IsCorrect]) VALUES (235, 59, N'Dùng bảng xét dấu.', 0)
INSERT [dbo].[Answer] ([Id], [QuesId], [Content], [IsCorrect]) VALUES (236, 59, N'Không rõ.', 0)
INSERT [dbo].[Answer] ([Id], [QuesId], [Content], [IsCorrect]) VALUES (237, 60, N'Xét nghiệm với từng trường hợp.', 1)
INSERT [dbo].[Answer] ([Id], [QuesId], [Content], [IsCorrect]) VALUES (238, 60, N'Không cần xét.', 0)
INSERT [dbo].[Answer] ([Id], [QuesId], [Content], [IsCorrect]) VALUES (239, 60, N'Lấy hợp nghiệm.', 0)
INSERT [dbo].[Answer] ([Id], [QuesId], [Content], [IsCorrect]) VALUES (240, 60, N'Lấy giao nghiệm.', 0)
INSERT [dbo].[Answer] ([Id], [QuesId], [Content], [IsCorrect]) VALUES (241, 61, N'Hệ thức liên hệ giữa cạnh và góc', 1)
INSERT [dbo].[Answer] ([Id], [QuesId], [Content], [IsCorrect]) VALUES (242, 61, N'Hình học không gian', 0)
INSERT [dbo].[Answer] ([Id], [QuesId], [Content], [IsCorrect]) VALUES (243, 61, N'Định lý Thales', 0)
INSERT [dbo].[Answer] ([Id], [QuesId], [Content], [IsCorrect]) VALUES (244, 61, N'Phép đối xứng trục', 0)
INSERT [dbo].[Answer] ([Id], [QuesId], [Content], [IsCorrect]) VALUES (245, 62, N'c² = a² + b²', 1)
INSERT [dbo].[Answer] ([Id], [QuesId], [Content], [IsCorrect]) VALUES (246, 62, N'a² = b² + c²', 0)
INSERT [dbo].[Answer] ([Id], [QuesId], [Content], [IsCorrect]) VALUES (247, 62, N'a² = c² - b²', 0)
INSERT [dbo].[Answer] ([Id], [QuesId], [Content], [IsCorrect]) VALUES (248, 62, N'c² = a² - b²', 0)
INSERT [dbo].[Answer] ([Id], [QuesId], [Content], [IsCorrect]) VALUES (249, 63, N'Tam giác vuông', 1)
INSERT [dbo].[Answer] ([Id], [QuesId], [Content], [IsCorrect]) VALUES (250, 63, N'Tam giác đều', 0)
INSERT [dbo].[Answer] ([Id], [QuesId], [Content], [IsCorrect]) VALUES (251, 63, N'Tam giác cân', 0)
INSERT [dbo].[Answer] ([Id], [QuesId], [Content], [IsCorrect]) VALUES (252, 63, N'Tam giác tù', 0)
INSERT [dbo].[Answer] ([Id], [QuesId], [Content], [IsCorrect]) VALUES (253, 64, N'sinA = đối / huyền', 1)
INSERT [dbo].[Answer] ([Id], [QuesId], [Content], [IsCorrect]) VALUES (254, 64, N'sinA = kề / huyền', 0)
INSERT [dbo].[Answer] ([Id], [QuesId], [Content], [IsCorrect]) VALUES (255, 64, N'sinA = huyền / kề', 0)
INSERT [dbo].[Answer] ([Id], [QuesId], [Content], [IsCorrect]) VALUES (256, 64, N'sinA = kề / đối', 0)
INSERT [dbo].[Answer] ([Id], [QuesId], [Content], [IsCorrect]) VALUES (257, 65, N'cosA = kề / huyền', 1)
INSERT [dbo].[Answer] ([Id], [QuesId], [Content], [IsCorrect]) VALUES (258, 65, N'cosA = đối / huyền', 0)
INSERT [dbo].[Answer] ([Id], [QuesId], [Content], [IsCorrect]) VALUES (259, 65, N'cosA = huyền / kề', 0)
INSERT [dbo].[Answer] ([Id], [QuesId], [Content], [IsCorrect]) VALUES (260, 65, N'cosA = đối / kề', 0)
INSERT [dbo].[Answer] ([Id], [QuesId], [Content], [IsCorrect]) VALUES (261, 66, N'tanA = đối / kề', 1)
INSERT [dbo].[Answer] ([Id], [QuesId], [Content], [IsCorrect]) VALUES (262, 66, N'tanA = kề / đối', 0)
INSERT [dbo].[Answer] ([Id], [QuesId], [Content], [IsCorrect]) VALUES (263, 66, N'tanA = huyền / đối', 0)
INSERT [dbo].[Answer] ([Id], [QuesId], [Content], [IsCorrect]) VALUES (264, 66, N'tanA = huyền / kề', 0)
INSERT [dbo].[Answer] ([Id], [QuesId], [Content], [IsCorrect]) VALUES (265, 67, N'cotA = kề / đối', 1)
INSERT [dbo].[Answer] ([Id], [QuesId], [Content], [IsCorrect]) VALUES (266, 67, N'cotA = đối / kề', 0)
INSERT [dbo].[Answer] ([Id], [QuesId], [Content], [IsCorrect]) VALUES (267, 67, N'cotA = huyền / đối', 0)
INSERT [dbo].[Answer] ([Id], [QuesId], [Content], [IsCorrect]) VALUES (268, 67, N'cotA = huyền / kề', 0)
INSERT [dbo].[Answer] ([Id], [QuesId], [Content], [IsCorrect]) VALUES (269, 68, N'Mọi cạnh bằng nhau', 1)
INSERT [dbo].[Answer] ([Id], [QuesId], [Content], [IsCorrect]) VALUES (270, 68, N'Góc 90°', 0)
INSERT [dbo].[Answer] ([Id], [QuesId], [Content], [IsCorrect]) VALUES (271, 68, N'Một cạnh lớn hơn', 0)
INSERT [dbo].[Answer] ([Id], [QuesId], [Content], [IsCorrect]) VALUES (272, 68, N'Một cạnh bằng tổng 2 cạnh kia', 0)
INSERT [dbo].[Answer] ([Id], [QuesId], [Content], [IsCorrect]) VALUES (273, 69, N'Liên hệ cạnh - góc qua sin/cos', 1)
INSERT [dbo].[Answer] ([Id], [QuesId], [Content], [IsCorrect]) VALUES (274, 69, N'Phép nhân ma trận', 0)
INSERT [dbo].[Answer] ([Id], [QuesId], [Content], [IsCorrect]) VALUES (275, 69, N'Định lý hàm số mũ', 0)
INSERT [dbo].[Answer] ([Id], [QuesId], [Content], [IsCorrect]) VALUES (276, 69, N'Biến đổi Logarit', 0)
INSERT [dbo].[Answer] ([Id], [QuesId], [Content], [IsCorrect]) VALUES (277, 70, N'Mọi tam giác', 1)
INSERT [dbo].[Answer] ([Id], [QuesId], [Content], [IsCorrect]) VALUES (278, 70, N'Chỉ tam giác vuông', 0)
INSERT [dbo].[Answer] ([Id], [QuesId], [Content], [IsCorrect]) VALUES (279, 70, N'Chỉ tam giác đều', 0)
INSERT [dbo].[Answer] ([Id], [QuesId], [Content], [IsCorrect]) VALUES (280, 70, N'Chỉ tam giác cân', 0)
INSERT [dbo].[Answer] ([Id], [QuesId], [Content], [IsCorrect]) VALUES (281, 71, N'Mọi tam giác', 1)
INSERT [dbo].[Answer] ([Id], [QuesId], [Content], [IsCorrect]) VALUES (282, 71, N'Chỉ tam giác vuông', 0)
INSERT [dbo].[Answer] ([Id], [QuesId], [Content], [IsCorrect]) VALUES (283, 71, N'Chỉ tam giác cân', 0)
INSERT [dbo].[Answer] ([Id], [QuesId], [Content], [IsCorrect]) VALUES (284, 71, N'Tam giác vuông cân', 0)
INSERT [dbo].[Answer] ([Id], [QuesId], [Content], [IsCorrect]) VALUES (285, 72, N'(1/2)ab sinC', 1)
INSERT [dbo].[Answer] ([Id], [QuesId], [Content], [IsCorrect]) VALUES (286, 72, N'(1/2)ab cosC', 0)
INSERT [dbo].[Answer] ([Id], [QuesId], [Content], [IsCorrect]) VALUES (287, 72, N'ab tanC', 0)
INSERT [dbo].[Answer] ([Id], [QuesId], [Content], [IsCorrect]) VALUES (288, 72, N'a + b + c', 0)
INSERT [dbo].[Answer] ([Id], [QuesId], [Content], [IsCorrect]) VALUES (289, 73, N'h = (2S) / đáy', 1)
INSERT [dbo].[Answer] ([Id], [QuesId], [Content], [IsCorrect]) VALUES (290, 73, N'h = đáy / 2S', 0)
INSERT [dbo].[Answer] ([Id], [QuesId], [Content], [IsCorrect]) VALUES (291, 73, N'h = cạnh đối diện', 0)
INSERT [dbo].[Answer] ([Id], [QuesId], [Content], [IsCorrect]) VALUES (292, 73, N'h = bán kính nội tiếp', 0)
INSERT [dbo].[Answer] ([Id], [QuesId], [Content], [IsCorrect]) VALUES (293, 74, N'r = S / p', 1)
INSERT [dbo].[Answer] ([Id], [QuesId], [Content], [IsCorrect]) VALUES (294, 74, N'r = 2S / p', 0)
INSERT [dbo].[Answer] ([Id], [QuesId], [Content], [IsCorrect]) VALUES (295, 74, N'r = S / (2p)', 0)
INSERT [dbo].[Answer] ([Id], [QuesId], [Content], [IsCorrect]) VALUES (296, 74, N'r = (a + b + c) / 2', 0)
INSERT [dbo].[Answer] ([Id], [QuesId], [Content], [IsCorrect]) VALUES (297, 75, N'R = abc / (4S)', 1)
INSERT [dbo].[Answer] ([Id], [QuesId], [Content], [IsCorrect]) VALUES (298, 75, N'R = S / abc', 0)
INSERT [dbo].[Answer] ([Id], [QuesId], [Content], [IsCorrect]) VALUES (299, 75, N'R = (a + b + c) / 3', 0)
GO
INSERT [dbo].[Answer] ([Id], [QuesId], [Content], [IsCorrect]) VALUES (300, 75, N'R = (a² + b² + c²) / 4S', 0)
INSERT [dbo].[Answer] ([Id], [QuesId], [Content], [IsCorrect]) VALUES (301, 76, N'sin định lý sin, cos định lý cos', 1)
INSERT [dbo].[Answer] ([Id], [QuesId], [Content], [IsCorrect]) VALUES (302, 76, N'Tổng các góc = 180°', 0)
INSERT [dbo].[Answer] ([Id], [QuesId], [Content], [IsCorrect]) VALUES (303, 76, N'Định lý Thales', 0)
INSERT [dbo].[Answer] ([Id], [QuesId], [Content], [IsCorrect]) VALUES (304, 76, N'Đường trung tuyến', 0)
INSERT [dbo].[Answer] ([Id], [QuesId], [Content], [IsCorrect]) VALUES (305, 77, N'Tính cạnh/góc chưa biết', 1)
INSERT [dbo].[Answer] ([Id], [QuesId], [Content], [IsCorrect]) VALUES (306, 77, N'Chứng minh hình thang', 0)
INSERT [dbo].[Answer] ([Id], [QuesId], [Content], [IsCorrect]) VALUES (307, 77, N'Tính diện tích hình tròn', 0)
INSERT [dbo].[Answer] ([Id], [QuesId], [Content], [IsCorrect]) VALUES (308, 77, N'Tính khối nón', 0)
INSERT [dbo].[Answer] ([Id], [QuesId], [Content], [IsCorrect]) VALUES (309, 78, N'Liên hệ cạnh-góc', 1)
INSERT [dbo].[Answer] ([Id], [QuesId], [Content], [IsCorrect]) VALUES (310, 78, N'Quan hệ chiều cao', 0)
INSERT [dbo].[Answer] ([Id], [QuesId], [Content], [IsCorrect]) VALUES (311, 78, N'Quan hệ diện tích', 0)
INSERT [dbo].[Answer] ([Id], [QuesId], [Content], [IsCorrect]) VALUES (312, 78, N'Quan hệ chu vi', 0)
INSERT [dbo].[Answer] ([Id], [QuesId], [Content], [IsCorrect]) VALUES (313, 79, N'Liên hệ giữa R và góc', 1)
INSERT [dbo].[Answer] ([Id], [QuesId], [Content], [IsCorrect]) VALUES (314, 79, N'R bằng cạnh đáy', 0)
INSERT [dbo].[Answer] ([Id], [QuesId], [Content], [IsCorrect]) VALUES (315, 79, N'R không liên quan đến góc', 0)
INSERT [dbo].[Answer] ([Id], [QuesId], [Content], [IsCorrect]) VALUES (316, 79, N'R là chiều cao', 0)
INSERT [dbo].[Answer] ([Id], [QuesId], [Content], [IsCorrect]) VALUES (317, 80, N'Khi tam giác suy biến', 1)
INSERT [dbo].[Answer] ([Id], [QuesId], [Content], [IsCorrect]) VALUES (318, 80, N'Khi tam giác đều', 0)
INSERT [dbo].[Answer] ([Id], [QuesId], [Content], [IsCorrect]) VALUES (319, 80, N'Khi tam giác cân', 0)
INSERT [dbo].[Answer] ([Id], [QuesId], [Content], [IsCorrect]) VALUES (320, 80, N'Không khi nào', 0)
INSERT [dbo].[Answer] ([Id], [QuesId], [Content], [IsCorrect]) VALUES (321, 81, N'Khi tam giác suy biến', 1)
INSERT [dbo].[Answer] ([Id], [QuesId], [Content], [IsCorrect]) VALUES (322, 81, N'Khi tam giác đều', 0)
INSERT [dbo].[Answer] ([Id], [QuesId], [Content], [IsCorrect]) VALUES (323, 81, N'Khi tam giác cân', 0)
INSERT [dbo].[Answer] ([Id], [QuesId], [Content], [IsCorrect]) VALUES (324, 81, N'Không khi nào', 0)
INSERT [dbo].[Answer] ([Id], [QuesId], [Content], [IsCorrect]) VALUES (325, 82, N'cos 90° = 0', 1)
INSERT [dbo].[Answer] ([Id], [QuesId], [Content], [IsCorrect]) VALUES (326, 82, N'cos 90° = 1', 0)
INSERT [dbo].[Answer] ([Id], [QuesId], [Content], [IsCorrect]) VALUES (327, 82, N'cos 90° = -1', 0)
INSERT [dbo].[Answer] ([Id], [QuesId], [Content], [IsCorrect]) VALUES (328, 82, N'cos 90° = 1/2', 0)
INSERT [dbo].[Answer] ([Id], [QuesId], [Content], [IsCorrect]) VALUES (329, 83, N'sin 0° = 0', 1)
INSERT [dbo].[Answer] ([Id], [QuesId], [Content], [IsCorrect]) VALUES (330, 83, N'sin 0° = 1', 0)
INSERT [dbo].[Answer] ([Id], [QuesId], [Content], [IsCorrect]) VALUES (331, 83, N'sin 0° = -1', 0)
INSERT [dbo].[Answer] ([Id], [QuesId], [Content], [IsCorrect]) VALUES (332, 83, N'sin 0° = 1/2', 0)
INSERT [dbo].[Answer] ([Id], [QuesId], [Content], [IsCorrect]) VALUES (333, 84, N'Góc càng lớn, cạnh đối càng dài', 1)
INSERT [dbo].[Answer] ([Id], [QuesId], [Content], [IsCorrect]) VALUES (334, 84, N'Góc càng nhỏ, cạnh đối càng dài', 0)
INSERT [dbo].[Answer] ([Id], [QuesId], [Content], [IsCorrect]) VALUES (335, 84, N'Cạnh không phụ thuộc góc', 0)
INSERT [dbo].[Answer] ([Id], [QuesId], [Content], [IsCorrect]) VALUES (336, 84, N'Không liên hệ', 0)
INSERT [dbo].[Answer] ([Id], [QuesId], [Content], [IsCorrect]) VALUES (337, 85, N'Xác định độ dài, góc', 1)
INSERT [dbo].[Answer] ([Id], [QuesId], [Content], [IsCorrect]) VALUES (338, 85, N'Chứng minh tỉ lệ', 0)
INSERT [dbo].[Answer] ([Id], [QuesId], [Content], [IsCorrect]) VALUES (339, 85, N'Xác định đường tròn', 0)
INSERT [dbo].[Answer] ([Id], [QuesId], [Content], [IsCorrect]) VALUES (340, 85, N'Tính diện tích', 0)
INSERT [dbo].[Answer] ([Id], [QuesId], [Content], [IsCorrect]) VALUES (341, 86, N'Tính từ định lý sin/cos', 1)
INSERT [dbo].[Answer] ([Id], [QuesId], [Content], [IsCorrect]) VALUES (342, 86, N'Tính trực tiếp', 0)
INSERT [dbo].[Answer] ([Id], [QuesId], [Content], [IsCorrect]) VALUES (343, 86, N'Chia đôi cạnh', 0)
INSERT [dbo].[Answer] ([Id], [QuesId], [Content], [IsCorrect]) VALUES (344, 86, N'Đường trung tuyến', 0)
INSERT [dbo].[Answer] ([Id], [QuesId], [Content], [IsCorrect]) VALUES (345, 87, N'Định lý sin', 1)
INSERT [dbo].[Answer] ([Id], [QuesId], [Content], [IsCorrect]) VALUES (346, 87, N'Định lý cos', 0)
INSERT [dbo].[Answer] ([Id], [QuesId], [Content], [IsCorrect]) VALUES (347, 87, N'Định lý Pythagoras', 0)
INSERT [dbo].[Answer] ([Id], [QuesId], [Content], [IsCorrect]) VALUES (348, 87, N'Định lý Thales', 0)
INSERT [dbo].[Answer] ([Id], [QuesId], [Content], [IsCorrect]) VALUES (349, 88, N'Định lý cos', 1)
INSERT [dbo].[Answer] ([Id], [QuesId], [Content], [IsCorrect]) VALUES (350, 88, N'Định lý sin', 0)
INSERT [dbo].[Answer] ([Id], [QuesId], [Content], [IsCorrect]) VALUES (351, 88, N'Định lý Pythagoras', 0)
INSERT [dbo].[Answer] ([Id], [QuesId], [Content], [IsCorrect]) VALUES (352, 88, N'Định lý Thales', 0)
INSERT [dbo].[Answer] ([Id], [QuesId], [Content], [IsCorrect]) VALUES (353, 89, N'sin²A + cos²A = 1', 1)
INSERT [dbo].[Answer] ([Id], [QuesId], [Content], [IsCorrect]) VALUES (354, 89, N'sinA + cosA = 1', 0)
INSERT [dbo].[Answer] ([Id], [QuesId], [Content], [IsCorrect]) VALUES (355, 89, N'sinA / cosA = 1', 0)
INSERT [dbo].[Answer] ([Id], [QuesId], [Content], [IsCorrect]) VALUES (356, 89, N'sinA * cosA = 1', 0)
INSERT [dbo].[Answer] ([Id], [QuesId], [Content], [IsCorrect]) VALUES (357, 90, N'cos²A + sin²A = 1', 1)
INSERT [dbo].[Answer] ([Id], [QuesId], [Content], [IsCorrect]) VALUES (358, 90, N'cosA + sinA = 0', 0)
INSERT [dbo].[Answer] ([Id], [QuesId], [Content], [IsCorrect]) VALUES (359, 90, N'cosA - sinA = 1', 0)
INSERT [dbo].[Answer] ([Id], [QuesId], [Content], [IsCorrect]) VALUES (360, 90, N'cosA * sinA = 0', 0)
INSERT [dbo].[Answer] ([Id], [QuesId], [Content], [IsCorrect]) VALUES (361, 91, N'Là đại lượng có độ lớn và phương, chiều', 1)
INSERT [dbo].[Answer] ([Id], [QuesId], [Content], [IsCorrect]) VALUES (362, 91, N'Là một số vô hướng', 0)
INSERT [dbo].[Answer] ([Id], [QuesId], [Content], [IsCorrect]) VALUES (363, 91, N'Là một điểm trong không gian', 0)
INSERT [dbo].[Answer] ([Id], [QuesId], [Content], [IsCorrect]) VALUES (364, 91, N'Là một ma trận', 0)
INSERT [dbo].[Answer] ([Id], [QuesId], [Content], [IsCorrect]) VALUES (365, 92, N'→AB', 1)
INSERT [dbo].[Answer] ([Id], [QuesId], [Content], [IsCorrect]) VALUES (366, 92, N'AB', 0)
INSERT [dbo].[Answer] ([Id], [QuesId], [Content], [IsCorrect]) VALUES (367, 92, N'AB²', 0)
INSERT [dbo].[Answer] ([Id], [QuesId], [Content], [IsCorrect]) VALUES (368, 92, N'(AB)', 0)
INSERT [dbo].[Answer] ([Id], [QuesId], [Content], [IsCorrect]) VALUES (369, 93, N'Điểm đầu, điểm cuối, phương, chiều, độ dài', 1)
INSERT [dbo].[Answer] ([Id], [QuesId], [Content], [IsCorrect]) VALUES (370, 93, N'Chỉ có độ dài', 0)
INSERT [dbo].[Answer] ([Id], [QuesId], [Content], [IsCorrect]) VALUES (371, 93, N'Chỉ có phương', 0)
INSERT [dbo].[Answer] ([Id], [QuesId], [Content], [IsCorrect]) VALUES (372, 93, N'Không có thành phần nào', 0)
INSERT [dbo].[Answer] ([Id], [QuesId], [Content], [IsCorrect]) VALUES (373, 94, N'Khi cùng phương, cùng độ dài, cùng chiều', 1)
INSERT [dbo].[Answer] ([Id], [QuesId], [Content], [IsCorrect]) VALUES (374, 94, N'Khi có độ dài bất kỳ', 0)
INSERT [dbo].[Answer] ([Id], [QuesId], [Content], [IsCorrect]) VALUES (375, 94, N'Khi khác chiều', 0)
INSERT [dbo].[Answer] ([Id], [QuesId], [Content], [IsCorrect]) VALUES (376, 94, N'Khi cùng tọa độ', 0)
INSERT [dbo].[Answer] ([Id], [QuesId], [Content], [IsCorrect]) VALUES (377, 95, N'Vectơ tổng của hai vectơ', 1)
INSERT [dbo].[Answer] ([Id], [QuesId], [Content], [IsCorrect]) VALUES (378, 95, N'Vectơ hiệu của hai vectơ', 0)
INSERT [dbo].[Answer] ([Id], [QuesId], [Content], [IsCorrect]) VALUES (379, 95, N'Vectơ nhân', 0)
INSERT [dbo].[Answer] ([Id], [QuesId], [Content], [IsCorrect]) VALUES (380, 95, N'Ma trận tổng', 0)
INSERT [dbo].[Answer] ([Id], [QuesId], [Content], [IsCorrect]) VALUES (381, 96, N'Lấy tổng vectơ thứ nhất và vectơ thứ hai đối chiều', 1)
INSERT [dbo].[Answer] ([Id], [QuesId], [Content], [IsCorrect]) VALUES (382, 96, N'Lấy độ dài cộng lại', 0)
INSERT [dbo].[Answer] ([Id], [QuesId], [Content], [IsCorrect]) VALUES (383, 96, N'Nhân các tọa độ', 0)
INSERT [dbo].[Answer] ([Id], [QuesId], [Content], [IsCorrect]) VALUES (384, 96, N'Không xác định', 0)
INSERT [dbo].[Answer] ([Id], [QuesId], [Content], [IsCorrect]) VALUES (385, 97, N'Dùng để cộng hai vectơ', 1)
INSERT [dbo].[Answer] ([Id], [QuesId], [Content], [IsCorrect]) VALUES (386, 97, N'Dùng để trừ hai vectơ', 0)
INSERT [dbo].[Answer] ([Id], [QuesId], [Content], [IsCorrect]) VALUES (387, 97, N'Xác định tích của hai vectơ', 0)
INSERT [dbo].[Answer] ([Id], [QuesId], [Content], [IsCorrect]) VALUES (388, 97, N'Xác định góc giữa hai vectơ', 0)
INSERT [dbo].[Answer] ([Id], [QuesId], [Content], [IsCorrect]) VALUES (389, 98, N'Nhân từng thành phần với số', 1)
INSERT [dbo].[Answer] ([Id], [QuesId], [Content], [IsCorrect]) VALUES (390, 98, N'Nhân độ dài với số', 0)
INSERT [dbo].[Answer] ([Id], [QuesId], [Content], [IsCorrect]) VALUES (391, 98, N'Nhân tọa độ với số âm', 0)
INSERT [dbo].[Answer] ([Id], [QuesId], [Content], [IsCorrect]) VALUES (392, 98, N'Không thay đổi', 0)
INSERT [dbo].[Answer] ([Id], [QuesId], [Content], [IsCorrect]) VALUES (393, 99, N'Đảo chiều vectơ', 1)
INSERT [dbo].[Answer] ([Id], [QuesId], [Content], [IsCorrect]) VALUES (394, 99, N'Giữ nguyên vectơ', 0)
INSERT [dbo].[Answer] ([Id], [QuesId], [Content], [IsCorrect]) VALUES (395, 99, N'Nhân độ dài', 0)
INSERT [dbo].[Answer] ([Id], [QuesId], [Content], [IsCorrect]) VALUES (396, 99, N'Tăng góc', 0)
INSERT [dbo].[Answer] ([Id], [QuesId], [Content], [IsCorrect]) VALUES (397, 100, N'Có cùng phương', 1)
INSERT [dbo].[Answer] ([Id], [QuesId], [Content], [IsCorrect]) VALUES (398, 100, N'Có cùng độ dài', 0)
INSERT [dbo].[Answer] ([Id], [QuesId], [Content], [IsCorrect]) VALUES (399, 100, N'Vuông góc', 0)
GO
INSERT [dbo].[Answer] ([Id], [QuesId], [Content], [IsCorrect]) VALUES (400, 100, N'Bất kỳ', 0)
INSERT [dbo].[Answer] ([Id], [QuesId], [Content], [IsCorrect]) VALUES (401, 101, N'Tích vô hướng bằng 0', 1)
INSERT [dbo].[Answer] ([Id], [QuesId], [Content], [IsCorrect]) VALUES (402, 101, N'Tích vô hướng > 0', 0)
INSERT [dbo].[Answer] ([Id], [QuesId], [Content], [IsCorrect]) VALUES (403, 101, N'Tổng tọa độ bằng 0', 0)
INSERT [dbo].[Answer] ([Id], [QuesId], [Content], [IsCorrect]) VALUES (404, 101, N'Độ dài bằng nhau', 0)
INSERT [dbo].[Answer] ([Id], [QuesId], [Content], [IsCorrect]) VALUES (405, 102, N'(x2 - x1, y2 - y1)', 1)
INSERT [dbo].[Answer] ([Id], [QuesId], [Content], [IsCorrect]) VALUES (406, 102, N'(x1 + x2, y1 + y2)', 0)
INSERT [dbo].[Answer] ([Id], [QuesId], [Content], [IsCorrect]) VALUES (407, 102, N'(x1 * x2, y1 * y2)', 0)
INSERT [dbo].[Answer] ([Id], [QuesId], [Content], [IsCorrect]) VALUES (408, 102, N'(x2 / x1, y2 / y1)', 0)
INSERT [dbo].[Answer] ([Id], [QuesId], [Content], [IsCorrect]) VALUES (409, 103, N'√(x² + y²)', 1)
INSERT [dbo].[Answer] ([Id], [QuesId], [Content], [IsCorrect]) VALUES (410, 103, N'|x - y|', 0)
INSERT [dbo].[Answer] ([Id], [QuesId], [Content], [IsCorrect]) VALUES (411, 103, N'(x + y)²', 0)
INSERT [dbo].[Answer] ([Id], [QuesId], [Content], [IsCorrect]) VALUES (412, 103, N'√(xy)', 0)
INSERT [dbo].[Answer] ([Id], [QuesId], [Content], [IsCorrect]) VALUES (413, 104, N'Vectơ có độ dài = 0', 1)
INSERT [dbo].[Answer] ([Id], [QuesId], [Content], [IsCorrect]) VALUES (414, 104, N'Vectơ có độ dài bất kỳ', 0)
INSERT [dbo].[Answer] ([Id], [QuesId], [Content], [IsCorrect]) VALUES (415, 104, N'Vectơ có hướng', 0)
INSERT [dbo].[Answer] ([Id], [QuesId], [Content], [IsCorrect]) VALUES (416, 104, N'Không xác định', 0)
INSERT [dbo].[Answer] ([Id], [QuesId], [Content], [IsCorrect]) VALUES (417, 105, N'Chuyển động, lực, vận tốc', 1)
INSERT [dbo].[Answer] ([Id], [QuesId], [Content], [IsCorrect]) VALUES (418, 105, N'Chỉ trong hình học', 0)
INSERT [dbo].[Answer] ([Id], [QuesId], [Content], [IsCorrect]) VALUES (419, 105, N'Chỉ toán học', 0)
INSERT [dbo].[Answer] ([Id], [QuesId], [Content], [IsCorrect]) VALUES (420, 105, N'Không có ứng dụng', 0)
INSERT [dbo].[Answer] ([Id], [QuesId], [Content], [IsCorrect]) VALUES (421, 106, N'Vectơ có hướng xác định', 1)
INSERT [dbo].[Answer] ([Id], [QuesId], [Content], [IsCorrect]) VALUES (422, 106, N'Vectơ không có hướng', 0)
INSERT [dbo].[Answer] ([Id], [QuesId], [Content], [IsCorrect]) VALUES (423, 106, N'Vô hướng', 0)
INSERT [dbo].[Answer] ([Id], [QuesId], [Content], [IsCorrect]) VALUES (424, 106, N'Chỉ có độ dài', 0)
INSERT [dbo].[Answer] ([Id], [QuesId], [Content], [IsCorrect]) VALUES (425, 107, N'Đường thẳng song song với vectơ', 1)
INSERT [dbo].[Answer] ([Id], [QuesId], [Content], [IsCorrect]) VALUES (426, 107, N'Không có phương', 0)
INSERT [dbo].[Answer] ([Id], [QuesId], [Content], [IsCorrect]) VALUES (427, 107, N'Vuông góc với phương', 0)
INSERT [dbo].[Answer] ([Id], [QuesId], [Content], [IsCorrect]) VALUES (428, 107, N'Không xác định', 0)
INSERT [dbo].[Answer] ([Id], [QuesId], [Content], [IsCorrect]) VALUES (429, 108, N'Đường thẳng chứa vectơ', 1)
INSERT [dbo].[Answer] ([Id], [QuesId], [Content], [IsCorrect]) VALUES (430, 108, N'Đường thẳng vuông góc vectơ', 0)
INSERT [dbo].[Answer] ([Id], [QuesId], [Content], [IsCorrect]) VALUES (431, 108, N'Tâm hình tròn', 0)
INSERT [dbo].[Answer] ([Id], [QuesId], [Content], [IsCorrect]) VALUES (432, 108, N'Tâm tam giác', 0)
INSERT [dbo].[Answer] ([Id], [QuesId], [Content], [IsCorrect]) VALUES (433, 109, N'Cùng phương và cùng chiều', 1)
INSERT [dbo].[Answer] ([Id], [QuesId], [Content], [IsCorrect]) VALUES (434, 109, N'Cùng độ dài', 0)
INSERT [dbo].[Answer] ([Id], [QuesId], [Content], [IsCorrect]) VALUES (435, 109, N'Khác phương', 0)
INSERT [dbo].[Answer] ([Id], [QuesId], [Content], [IsCorrect]) VALUES (436, 109, N'Vuông góc', 0)
INSERT [dbo].[Answer] ([Id], [QuesId], [Content], [IsCorrect]) VALUES (437, 110, N'Biểu diễn trên mặt phẳng Oxy', 1)
INSERT [dbo].[Answer] ([Id], [QuesId], [Content], [IsCorrect]) VALUES (438, 110, N'Biểu diễn qua hệ số góc', 0)
INSERT [dbo].[Answer] ([Id], [QuesId], [Content], [IsCorrect]) VALUES (439, 110, N'Không thể biểu diễn', 0)
INSERT [dbo].[Answer] ([Id], [QuesId], [Content], [IsCorrect]) VALUES (440, 110, N'Tọa độ không gian', 0)
INSERT [dbo].[Answer] ([Id], [QuesId], [Content], [IsCorrect]) VALUES (441, 111, N'Đặt gốc tại điểm quy chiếu', 1)
INSERT [dbo].[Answer] ([Id], [QuesId], [Content], [IsCorrect]) VALUES (442, 111, N'Bất kỳ', 0)
INSERT [dbo].[Answer] ([Id], [QuesId], [Content], [IsCorrect]) VALUES (443, 111, N'Trên trục hoành', 0)
INSERT [dbo].[Answer] ([Id], [QuesId], [Content], [IsCorrect]) VALUES (444, 111, N'Không thể đặt', 0)
INSERT [dbo].[Answer] ([Id], [QuesId], [Content], [IsCorrect]) VALUES (445, 112, N'Bằng tổng các độ dài', 1)
INSERT [dbo].[Answer] ([Id], [QuesId], [Content], [IsCorrect]) VALUES (446, 112, N'Bằng độ dài lớn nhất', 0)
INSERT [dbo].[Answer] ([Id], [QuesId], [Content], [IsCorrect]) VALUES (447, 112, N'Không xác định', 0)
INSERT [dbo].[Answer] ([Id], [QuesId], [Content], [IsCorrect]) VALUES (448, 112, N'Tổng các diện tích', 0)
INSERT [dbo].[Answer] ([Id], [QuesId], [Content], [IsCorrect]) VALUES (449, 113, N'|a| * |b| * cosθ', 1)
INSERT [dbo].[Answer] ([Id], [QuesId], [Content], [IsCorrect]) VALUES (450, 113, N'|a| * |b| * sinθ', 0)
INSERT [dbo].[Answer] ([Id], [QuesId], [Content], [IsCorrect]) VALUES (451, 113, N'|a + b|', 0)
INSERT [dbo].[Answer] ([Id], [QuesId], [Content], [IsCorrect]) VALUES (452, 113, N'|a - b|', 0)
INSERT [dbo].[Answer] ([Id], [QuesId], [Content], [IsCorrect]) VALUES (453, 114, N'Khi góc giữa hai vectơ = 90°', 1)
INSERT [dbo].[Answer] ([Id], [QuesId], [Content], [IsCorrect]) VALUES (454, 114, N'Khi độ dài bằng nhau', 0)
INSERT [dbo].[Answer] ([Id], [QuesId], [Content], [IsCorrect]) VALUES (455, 114, N'Khi một vectơ là vectơ không', 0)
INSERT [dbo].[Answer] ([Id], [QuesId], [Content], [IsCorrect]) VALUES (456, 114, N'Không bao giờ bằng 0', 0)
INSERT [dbo].[Answer] ([Id], [QuesId], [Content], [IsCorrect]) VALUES (457, 115, N'Xác định góc giữa hai vectơ', 1)
INSERT [dbo].[Answer] ([Id], [QuesId], [Content], [IsCorrect]) VALUES (458, 115, N'Xác định phương của vectơ', 0)
INSERT [dbo].[Answer] ([Id], [QuesId], [Content], [IsCorrect]) VALUES (459, 115, N'Xác định độ dài', 0)
INSERT [dbo].[Answer] ([Id], [QuesId], [Content], [IsCorrect]) VALUES (460, 115, N'Xác định diện tích', 0)
INSERT [dbo].[Answer] ([Id], [QuesId], [Content], [IsCorrect]) VALUES (461, 116, N'Tính độ dài cạnh', 1)
INSERT [dbo].[Answer] ([Id], [QuesId], [Content], [IsCorrect]) VALUES (462, 116, N'Tính góc ngoài', 0)
INSERT [dbo].[Answer] ([Id], [QuesId], [Content], [IsCorrect]) VALUES (463, 116, N'Tính diện tích', 0)
INSERT [dbo].[Answer] ([Id], [QuesId], [Content], [IsCorrect]) VALUES (464, 116, N'Tính chu vi', 0)
INSERT [dbo].[Answer] ([Id], [QuesId], [Content], [IsCorrect]) VALUES (465, 117, N'Dạng tổng quát: Ax + By + C = 0', 1)
INSERT [dbo].[Answer] ([Id], [QuesId], [Content], [IsCorrect]) VALUES (466, 117, N'X = Y', 0)
INSERT [dbo].[Answer] ([Id], [QuesId], [Content], [IsCorrect]) VALUES (467, 117, N'Y = C', 0)
INSERT [dbo].[Answer] ([Id], [QuesId], [Content], [IsCorrect]) VALUES (468, 117, N'Không có dạng', 0)
INSERT [dbo].[Answer] ([Id], [QuesId], [Content], [IsCorrect]) VALUES (469, 118, N'Vectơ vuông góc với đường thẳng', 1)
INSERT [dbo].[Answer] ([Id], [QuesId], [Content], [IsCorrect]) VALUES (470, 118, N'Vectơ song song với đường thẳng', 0)
INSERT [dbo].[Answer] ([Id], [QuesId], [Content], [IsCorrect]) VALUES (471, 118, N'Vectơ đồng hướng', 0)
INSERT [dbo].[Answer] ([Id], [QuesId], [Content], [IsCorrect]) VALUES (472, 118, N'Không có định nghĩa', 0)
INSERT [dbo].[Answer] ([Id], [QuesId], [Content], [IsCorrect]) VALUES (473, 119, N'Lực tác động', 1)
INSERT [dbo].[Answer] ([Id], [QuesId], [Content], [IsCorrect]) VALUES (474, 119, N'Ma trận nghịch đảo', 0)
INSERT [dbo].[Answer] ([Id], [QuesId], [Content], [IsCorrect]) VALUES (475, 119, N'Phương trình tuyến tính', 0)
INSERT [dbo].[Answer] ([Id], [QuesId], [Content], [IsCorrect]) VALUES (476, 119, N'Hàm số bậc nhất', 0)
INSERT [dbo].[Answer] ([Id], [QuesId], [Content], [IsCorrect]) VALUES (477, 120, N'Hệ trục tọa độ', 1)
INSERT [dbo].[Answer] ([Id], [QuesId], [Content], [IsCorrect]) VALUES (478, 120, N'Hệ số góc', 0)
INSERT [dbo].[Answer] ([Id], [QuesId], [Content], [IsCorrect]) VALUES (479, 120, N'Tọa độ cực', 0)
INSERT [dbo].[Answer] ([Id], [QuesId], [Content], [IsCorrect]) VALUES (480, 120, N'Không gian ba chiều', 0)
INSERT [dbo].[Answer] ([Id], [QuesId], [Content], [IsCorrect]) VALUES (481, 121, N'Quan hệ giữa mỗi giá trị x và y', 1)
INSERT [dbo].[Answer] ([Id], [QuesId], [Content], [IsCorrect]) VALUES (482, 121, N'Tập hợp các số thực', 0)
INSERT [dbo].[Answer] ([Id], [QuesId], [Content], [IsCorrect]) VALUES (483, 121, N'Biểu thức toán học bất kỳ', 0)
INSERT [dbo].[Answer] ([Id], [QuesId], [Content], [IsCorrect]) VALUES (484, 121, N'Biểu đồ', 0)
INSERT [dbo].[Answer] ([Id], [QuesId], [Content], [IsCorrect]) VALUES (485, 122, N'Tập hợp các giá trị của x', 1)
INSERT [dbo].[Answer] ([Id], [QuesId], [Content], [IsCorrect]) VALUES (486, 122, N'Tập hợp các giá trị của y', 0)
INSERT [dbo].[Answer] ([Id], [QuesId], [Content], [IsCorrect]) VALUES (487, 122, N'Giá trị cực trị', 0)
INSERT [dbo].[Answer] ([Id], [QuesId], [Content], [IsCorrect]) VALUES (488, 122, N'Điểm uốn', 0)
INSERT [dbo].[Answer] ([Id], [QuesId], [Content], [IsCorrect]) VALUES (489, 123, N'Tập hợp các giá trị của y khi x chạy qua TXĐ', 1)
INSERT [dbo].[Answer] ([Id], [QuesId], [Content], [IsCorrect]) VALUES (490, 123, N'Biểu đồ', 0)
INSERT [dbo].[Answer] ([Id], [QuesId], [Content], [IsCorrect]) VALUES (491, 123, N'Tập hợp x', 0)
INSERT [dbo].[Answer] ([Id], [QuesId], [Content], [IsCorrect]) VALUES (492, 123, N'Giá trị cực trị', 0)
INSERT [dbo].[Answer] ([Id], [QuesId], [Content], [IsCorrect]) VALUES (493, 124, N'Biểu diễn hình học của hàm số', 1)
INSERT [dbo].[Answer] ([Id], [QuesId], [Content], [IsCorrect]) VALUES (494, 124, N'Tập nghiệm của phương trình', 0)
INSERT [dbo].[Answer] ([Id], [QuesId], [Content], [IsCorrect]) VALUES (495, 124, N'Phương trình hoành độ', 0)
INSERT [dbo].[Answer] ([Id], [QuesId], [Content], [IsCorrect]) VALUES (496, 124, N'Đường thẳng đứng', 0)
INSERT [dbo].[Answer] ([Id], [QuesId], [Content], [IsCorrect]) VALUES (497, 125, N'Khi y tăng khi x tăng', 1)
INSERT [dbo].[Answer] ([Id], [QuesId], [Content], [IsCorrect]) VALUES (498, 125, N'Khi y giảm khi x tăng', 0)
INSERT [dbo].[Answer] ([Id], [QuesId], [Content], [IsCorrect]) VALUES (499, 125, N'Không phụ thuộc vào x', 0)
GO
INSERT [dbo].[Answer] ([Id], [QuesId], [Content], [IsCorrect]) VALUES (500, 125, N'Tồn tại điểm uốn', 0)
INSERT [dbo].[Answer] ([Id], [QuesId], [Content], [IsCorrect]) VALUES (501, 126, N'Khi y giảm khi x tăng', 1)
INSERT [dbo].[Answer] ([Id], [QuesId], [Content], [IsCorrect]) VALUES (502, 126, N'Khi y tăng khi x tăng', 0)
INSERT [dbo].[Answer] ([Id], [QuesId], [Content], [IsCorrect]) VALUES (503, 126, N'Khi y không đổi', 0)
INSERT [dbo].[Answer] ([Id], [QuesId], [Content], [IsCorrect]) VALUES (504, 126, N'Khi đạo hàm bằng 0', 0)
INSERT [dbo].[Answer] ([Id], [QuesId], [Content], [IsCorrect]) VALUES (505, 127, N'Hàm có dạng ax + b (a ≠ 0)', 1)
INSERT [dbo].[Answer] ([Id], [QuesId], [Content], [IsCorrect]) VALUES (506, 127, N'Có đạo hàm cấp 2', 0)
INSERT [dbo].[Answer] ([Id], [QuesId], [Content], [IsCorrect]) VALUES (507, 127, N'Hàm bậc 2', 0)
INSERT [dbo].[Answer] ([Id], [QuesId], [Content], [IsCorrect]) VALUES (508, 127, N'Hàm tuần hoàn', 0)
INSERT [dbo].[Answer] ([Id], [QuesId], [Content], [IsCorrect]) VALUES (509, 128, N'Một đường thẳng', 1)
INSERT [dbo].[Answer] ([Id], [QuesId], [Content], [IsCorrect]) VALUES (510, 128, N'Một parabol', 0)
INSERT [dbo].[Answer] ([Id], [QuesId], [Content], [IsCorrect]) VALUES (511, 128, N'Một đường tròn', 0)
INSERT [dbo].[Answer] ([Id], [QuesId], [Content], [IsCorrect]) VALUES (512, 128, N'Một hyperbol', 0)
INSERT [dbo].[Answer] ([Id], [QuesId], [Content], [IsCorrect]) VALUES (513, 129, N'Một parabol', 1)
INSERT [dbo].[Answer] ([Id], [QuesId], [Content], [IsCorrect]) VALUES (514, 129, N'Một đường thẳng', 0)
INSERT [dbo].[Answer] ([Id], [QuesId], [Content], [IsCorrect]) VALUES (515, 129, N'Một elip', 0)
INSERT [dbo].[Answer] ([Id], [QuesId], [Content], [IsCorrect]) VALUES (516, 129, N'Một đường tròn', 0)
INSERT [dbo].[Answer] ([Id], [QuesId], [Content], [IsCorrect]) VALUES (517, 130, N'Qua công thức -b/2a', 1)
INSERT [dbo].[Answer] ([Id], [QuesId], [Content], [IsCorrect]) VALUES (518, 130, N'Qua nghiệm của phương trình', 0)
INSERT [dbo].[Answer] ([Id], [QuesId], [Content], [IsCorrect]) VALUES (519, 130, N'Qua điểm uốn', 0)
INSERT [dbo].[Answer] ([Id], [QuesId], [Content], [IsCorrect]) VALUES (520, 130, N'Qua tọa độ gốc', 0)
INSERT [dbo].[Answer] ([Id], [QuesId], [Content], [IsCorrect]) VALUES (521, 131, N'Xác định hai điểm và nối lại', 1)
INSERT [dbo].[Answer] ([Id], [QuesId], [Content], [IsCorrect]) VALUES (522, 131, N'Vẽ từ gốc tọa độ', 0)
INSERT [dbo].[Answer] ([Id], [QuesId], [Content], [IsCorrect]) VALUES (523, 131, N'Lấy nhiều điểm', 0)
INSERT [dbo].[Answer] ([Id], [QuesId], [Content], [IsCorrect]) VALUES (524, 131, N'Không cần vẽ', 0)
INSERT [dbo].[Answer] ([Id], [QuesId], [Content], [IsCorrect]) VALUES (525, 132, N'Mô hình hóa các hiện tượng thực tế', 1)
INSERT [dbo].[Answer] ([Id], [QuesId], [Content], [IsCorrect]) VALUES (526, 132, N'Giải phương trình', 0)
INSERT [dbo].[Answer] ([Id], [QuesId], [Content], [IsCorrect]) VALUES (527, 132, N'Vẽ hình học', 0)
INSERT [dbo].[Answer] ([Id], [QuesId], [Content], [IsCorrect]) VALUES (528, 132, N'Tạo bảng', 0)
INSERT [dbo].[Answer] ([Id], [QuesId], [Content], [IsCorrect]) VALUES (529, 133, N'Điểm có đạo hàm bằng 0', 1)
INSERT [dbo].[Answer] ([Id], [QuesId], [Content], [IsCorrect]) VALUES (530, 133, N'Điểm có đạo hàm không xác định', 0)
INSERT [dbo].[Answer] ([Id], [QuesId], [Content], [IsCorrect]) VALUES (531, 133, N'Giao điểm với trục tung', 0)
INSERT [dbo].[Answer] ([Id], [QuesId], [Content], [IsCorrect]) VALUES (532, 133, N'Giao điểm với trục hoành', 0)
INSERT [dbo].[Answer] ([Id], [QuesId], [Content], [IsCorrect]) VALUES (533, 134, N'Giải phương trình đạo hàm bằng 0', 1)
INSERT [dbo].[Answer] ([Id], [QuesId], [Content], [IsCorrect]) VALUES (534, 134, N'Xét bảng biến thiên', 0)
INSERT [dbo].[Answer] ([Id], [QuesId], [Content], [IsCorrect]) VALUES (535, 134, N'Vẽ đồ thị', 0)
INSERT [dbo].[Answer] ([Id], [QuesId], [Content], [IsCorrect]) VALUES (536, 134, N'Tìm nghiệm', 0)
INSERT [dbo].[Answer] ([Id], [QuesId], [Content], [IsCorrect]) VALUES (537, 135, N'1 điểm uốn', 1)
INSERT [dbo].[Answer] ([Id], [QuesId], [Content], [IsCorrect]) VALUES (538, 135, N'0 điểm uốn', 0)
INSERT [dbo].[Answer] ([Id], [QuesId], [Content], [IsCorrect]) VALUES (539, 135, N'2 điểm uốn', 0)
INSERT [dbo].[Answer] ([Id], [QuesId], [Content], [IsCorrect]) VALUES (540, 135, N'Vô số điểm uốn', 0)
INSERT [dbo].[Answer] ([Id], [QuesId], [Content], [IsCorrect]) VALUES (541, 136, N'Sử dụng đạo hàm để xét tính đồng biến, cực trị', 1)
INSERT [dbo].[Answer] ([Id], [QuesId], [Content], [IsCorrect]) VALUES (542, 136, N'Vẽ hình', 0)
INSERT [dbo].[Answer] ([Id], [QuesId], [Content], [IsCorrect]) VALUES (543, 136, N'Tính giới hạn', 0)
INSERT [dbo].[Answer] ([Id], [QuesId], [Content], [IsCorrect]) VALUES (544, 136, N'Giải hệ phương trình', 0)
INSERT [dbo].[Answer] ([Id], [QuesId], [Content], [IsCorrect]) VALUES (545, 137, N'Khi lim y = b khi x tiến vô cực', 1)
INSERT [dbo].[Answer] ([Id], [QuesId], [Content], [IsCorrect]) VALUES (546, 137, N'Khi đạo hàm = 0', 0)
INSERT [dbo].[Answer] ([Id], [QuesId], [Content], [IsCorrect]) VALUES (547, 137, N'Khi đồ thị song song trục hoành', 0)
INSERT [dbo].[Answer] ([Id], [QuesId], [Content], [IsCorrect]) VALUES (548, 137, N'Không có điều kiện', 0)
INSERT [dbo].[Answer] ([Id], [QuesId], [Content], [IsCorrect]) VALUES (549, 138, N'Giá trị x mà tại đó hàm không xác định', 1)
INSERT [dbo].[Answer] ([Id], [QuesId], [Content], [IsCorrect]) VALUES (550, 138, N'Điểm cực trị', 0)
INSERT [dbo].[Answer] ([Id], [QuesId], [Content], [IsCorrect]) VALUES (551, 138, N'Tọa độ gốc', 0)
INSERT [dbo].[Answer] ([Id], [QuesId], [Content], [IsCorrect]) VALUES (552, 138, N'Giá trị nhỏ nhất', 0)
INSERT [dbo].[Answer] ([Id], [QuesId], [Content], [IsCorrect]) VALUES (553, 139, N'Qua trục tung', 0)
INSERT [dbo].[Answer] ([Id], [QuesId], [Content], [IsCorrect]) VALUES (554, 139, N'Qua trục hoành', 0)
INSERT [dbo].[Answer] ([Id], [QuesId], [Content], [IsCorrect]) VALUES (555, 139, N'Qua trục Oy', 0)
INSERT [dbo].[Answer] ([Id], [QuesId], [Content], [IsCorrect]) VALUES (556, 139, N'Qua trục Oy', 1)
INSERT [dbo].[Answer] ([Id], [QuesId], [Content], [IsCorrect]) VALUES (557, 140, N'Qua gốc tọa độ', 0)
INSERT [dbo].[Answer] ([Id], [QuesId], [Content], [IsCorrect]) VALUES (558, 140, N'Qua trục Oy', 0)
INSERT [dbo].[Answer] ([Id], [QuesId], [Content], [IsCorrect]) VALUES (559, 140, N'Qua trục Ox', 0)
INSERT [dbo].[Answer] ([Id], [QuesId], [Content], [IsCorrect]) VALUES (560, 140, N'Qua gốc tọa độ', 1)
INSERT [dbo].[Answer] ([Id], [QuesId], [Content], [IsCorrect]) VALUES (561, 141, N'Một đường thẳng', 0)
INSERT [dbo].[Answer] ([Id], [QuesId], [Content], [IsCorrect]) VALUES (562, 141, N'Một hình tròn', 0)
INSERT [dbo].[Answer] ([Id], [QuesId], [Content], [IsCorrect]) VALUES (563, 141, N'Hai trục Ox và Oy vuông góc tại O', 1)
INSERT [dbo].[Answer] ([Id], [QuesId], [Content], [IsCorrect]) VALUES (564, 141, N'Một mặt phẳng bất kỳ', 0)
INSERT [dbo].[Answer] ([Id], [QuesId], [Content], [IsCorrect]) VALUES (565, 142, N'Một số thực', 0)
INSERT [dbo].[Answer] ([Id], [QuesId], [Content], [IsCorrect]) VALUES (566, 142, N'Bộ số (x, y)', 1)
INSERT [dbo].[Answer] ([Id], [QuesId], [Content], [IsCorrect]) VALUES (567, 142, N'Một vector', 0)
INSERT [dbo].[Answer] ([Id], [QuesId], [Content], [IsCorrect]) VALUES (568, 142, N'Một số nguyên', 0)
INSERT [dbo].[Answer] ([Id], [QuesId], [Content], [IsCorrect]) VALUES (569, 143, N'Qua phép nhân', 0)
INSERT [dbo].[Answer] ([Id], [QuesId], [Content], [IsCorrect]) VALUES (570, 143, N'Qua tích vô hướng', 0)
INSERT [dbo].[Answer] ([Id], [QuesId], [Content], [IsCorrect]) VALUES (571, 143, N'Xác định qua khoảng cách từ trục', 1)
INSERT [dbo].[Answer] ([Id], [QuesId], [Content], [IsCorrect]) VALUES (572, 143, N'Qua định lý sin', 0)
INSERT [dbo].[Answer] ([Id], [QuesId], [Content], [IsCorrect]) VALUES (573, 144, N'|x2 - x1| + |y2 - y1|', 0)
INSERT [dbo].[Answer] ([Id], [QuesId], [Content], [IsCorrect]) VALUES (574, 144, N'√[(x2 - x1)^2 + (y2 - y1)^2]', 1)
INSERT [dbo].[Answer] ([Id], [QuesId], [Content], [IsCorrect]) VALUES (575, 144, N'(x2 - x1) + (y2 - y1)', 0)
INSERT [dbo].[Answer] ([Id], [QuesId], [Content], [IsCorrect]) VALUES (576, 144, N'√[(x1 + x2)^2 + (y1 + y2)^2]', 0)
INSERT [dbo].[Answer] ([Id], [QuesId], [Content], [IsCorrect]) VALUES (577, 145, N'(x1 - x2 , y1 - y2)', 0)
INSERT [dbo].[Answer] ([Id], [QuesId], [Content], [IsCorrect]) VALUES (578, 145, N'(x1 + x2 , y1 + y2)', 0)
INSERT [dbo].[Answer] ([Id], [QuesId], [Content], [IsCorrect]) VALUES (579, 145, N'√(x1^2 + x2^2), √(y1^2 + y2^2)', 0)
INSERT [dbo].[Answer] ([Id], [QuesId], [Content], [IsCorrect]) VALUES (580, 145, N'((x1 + x2)/2 , (y1 + y2)/2)', 1)
INSERT [dbo].[Answer] ([Id], [QuesId], [Content], [IsCorrect]) VALUES (581, 146, N'(xA + xB , yA + yB)', 0)
INSERT [dbo].[Answer] ([Id], [QuesId], [Content], [IsCorrect]) VALUES (582, 146, N'((xA + xB + xC)/3 , (yA + yB + yC)/3)', 1)
INSERT [dbo].[Answer] ([Id], [QuesId], [Content], [IsCorrect]) VALUES (583, 146, N'(xA * xB * xC , yA * yB * yC)', 0)
INSERT [dbo].[Answer] ([Id], [QuesId], [Content], [IsCorrect]) VALUES (584, 146, N'(xA - xB , yA - yB)', 0)
INSERT [dbo].[Answer] ([Id], [QuesId], [Content], [IsCorrect]) VALUES (585, 147, N'1/3 * tổng các tọa độ', 0)
INSERT [dbo].[Answer] ([Id], [QuesId], [Content], [IsCorrect]) VALUES (586, 147, N'(x1 + x2 + x3)(y1 + y2 + y3)', 0)
INSERT [dbo].[Answer] ([Id], [QuesId], [Content], [IsCorrect]) VALUES (587, 147, N'|1/2 * [(x2 - x1)(y3 - y1) - (x3 - x1)(y2 - y1)]|', 1)
INSERT [dbo].[Answer] ([Id], [QuesId], [Content], [IsCorrect]) VALUES (588, 147, N'(x1y1 + x2y2 + x3y3)/3', 0)
INSERT [dbo].[Answer] ([Id], [QuesId], [Content], [IsCorrect]) VALUES (589, 148, N'Δ: x = a', 0)
INSERT [dbo].[Answer] ([Id], [QuesId], [Content], [IsCorrect]) VALUES (590, 148, N'Δ: (x + y) = c', 0)
INSERT [dbo].[Answer] ([Id], [QuesId], [Content], [IsCorrect]) VALUES (591, 148, N'Δ: (y - y1) = m(x - x1)', 1)
INSERT [dbo].[Answer] ([Id], [QuesId], [Content], [IsCorrect]) VALUES (592, 148, N'Δ: y = b', 0)
INSERT [dbo].[Answer] ([Id], [QuesId], [Content], [IsCorrect]) VALUES (593, 149, N'(x - a)^2 + (y - b)^2 = R^2', 1)
INSERT [dbo].[Answer] ([Id], [QuesId], [Content], [IsCorrect]) VALUES (594, 149, N'(x + a)^2 + (y + b)^2 = R^2', 0)
INSERT [dbo].[Answer] ([Id], [QuesId], [Content], [IsCorrect]) VALUES (595, 149, N'x^2 + y^2 = R', 0)
INSERT [dbo].[Answer] ([Id], [QuesId], [Content], [IsCorrect]) VALUES (596, 149, N'(x - a)(y - b) = R^2', 0)
INSERT [dbo].[Answer] ([Id], [QuesId], [Content], [IsCorrect]) VALUES (597, 150, N'Cắt nhau tại 1 điểm', 0)
INSERT [dbo].[Answer] ([Id], [QuesId], [Content], [IsCorrect]) VALUES (598, 150, N'Cùng đi qua gốc tọa độ', 0)
INSERT [dbo].[Answer] ([Id], [QuesId], [Content], [IsCorrect]) VALUES (599, 150, N'Có cùng tung độ', 0)
GO
INSERT [dbo].[Answer] ([Id], [QuesId], [Content], [IsCorrect]) VALUES (600, 150, N'Có hệ số góc bằng nhau', 1)
INSERT [dbo].[Answer] ([Id], [QuesId], [Content], [IsCorrect]) VALUES (601, 151, N'Tích hệ số góc = -1', 1)
INSERT [dbo].[Answer] ([Id], [QuesId], [Content], [IsCorrect]) VALUES (602, 151, N'Cùng hệ số góc', 0)
INSERT [dbo].[Answer] ([Id], [QuesId], [Content], [IsCorrect]) VALUES (603, 151, N'Cùng hoành độ', 0)
INSERT [dbo].[Answer] ([Id], [QuesId], [Content], [IsCorrect]) VALUES (604, 151, N'Cắt tại trục tung', 0)
INSERT [dbo].[Answer] ([Id], [QuesId], [Content], [IsCorrect]) VALUES (605, 152, N'Qua hệ số x', 0)
INSERT [dbo].[Answer] ([Id], [QuesId], [Content], [IsCorrect]) VALUES (606, 152, N'Qua hệ số y', 0)
INSERT [dbo].[Answer] ([Id], [QuesId], [Content], [IsCorrect]) VALUES (607, 152, N'Qua định lý sin', 0)
INSERT [dbo].[Answer] ([Id], [QuesId], [Content], [IsCorrect]) VALUES (608, 152, N'Qua arctan của chênh lệch hệ số góc', 1)
INSERT [dbo].[Answer] ([Id], [QuesId], [Content], [IsCorrect]) VALUES (609, 153, N'(x - a)^2 + (y - b)^2 = R^2', 1)
INSERT [dbo].[Answer] ([Id], [QuesId], [Content], [IsCorrect]) VALUES (610, 153, N'(x + a)^2 + (y + b)^2 = R', 0)
INSERT [dbo].[Answer] ([Id], [QuesId], [Content], [IsCorrect]) VALUES (611, 153, N'Điểm bất kỳ trên Ox', 0)
INSERT [dbo].[Answer] ([Id], [QuesId], [Content], [IsCorrect]) VALUES (612, 153, N'Điểm bất kỳ trên Oy', 0)
INSERT [dbo].[Answer] ([Id], [QuesId], [Content], [IsCorrect]) VALUES (613, 154, N'(a, b, c)', 0)
INSERT [dbo].[Answer] ([Id], [QuesId], [Content], [IsCorrect]) VALUES (614, 154, N'Không xác định', 0)
INSERT [dbo].[Answer] ([Id], [QuesId], [Content], [IsCorrect]) VALUES (615, 154, N'Vector (x, y)', 0)
INSERT [dbo].[Answer] ([Id], [QuesId], [Content], [IsCorrect]) VALUES (616, 154, N'Vector (a, b)', 1)
INSERT [dbo].[Answer] ([Id], [QuesId], [Content], [IsCorrect]) VALUES (617, 155, N'Qua phép nhân', 0)
INSERT [dbo].[Answer] ([Id], [QuesId], [Content], [IsCorrect]) VALUES (618, 155, N'Qua đạo hàm', 0)
INSERT [dbo].[Answer] ([Id], [QuesId], [Content], [IsCorrect]) VALUES (619, 155, N'Khi y = 0, tìm x', 1)
INSERT [dbo].[Answer] ([Id], [QuesId], [Content], [IsCorrect]) VALUES (620, 155, N'Qua diện tích tam giác', 0)
INSERT [dbo].[Answer] ([Id], [QuesId], [Content], [IsCorrect]) VALUES (621, 156, N'Qua đạo hàm', 0)
INSERT [dbo].[Answer] ([Id], [QuesId], [Content], [IsCorrect]) VALUES (622, 156, N'Khi x = 0, tìm y', 1)
INSERT [dbo].[Answer] ([Id], [QuesId], [Content], [IsCorrect]) VALUES (623, 156, N'Qua đường cao', 0)
INSERT [dbo].[Answer] ([Id], [QuesId], [Content], [IsCorrect]) VALUES (624, 156, N'Qua diện tích tam giác', 0)
INSERT [dbo].[Answer] ([Id], [QuesId], [Content], [IsCorrect]) VALUES (625, 157, N'(Ax + By + C)^2', 0)
INSERT [dbo].[Answer] ([Id], [QuesId], [Content], [IsCorrect]) VALUES (626, 157, N'√(x^2 + y^2)', 0)
INSERT [dbo].[Answer] ([Id], [QuesId], [Content], [IsCorrect]) VALUES (627, 157, N'|x + y|', 0)
INSERT [dbo].[Answer] ([Id], [QuesId], [Content], [IsCorrect]) VALUES (628, 157, N'|Ax + By + C| / √(A^2 + B^2)', 1)
INSERT [dbo].[Answer] ([Id], [QuesId], [Content], [IsCorrect]) VALUES (629, 158, N'Tích hệ số góc', 0)
INSERT [dbo].[Answer] ([Id], [QuesId], [Content], [IsCorrect]) VALUES (630, 158, N'Số vô hướng bất kỳ', 0)
INSERT [dbo].[Answer] ([Id], [QuesId], [Content], [IsCorrect]) VALUES (631, 158, N'Tích cos của góc giữa hai vector', 1)
INSERT [dbo].[Answer] ([Id], [QuesId], [Content], [IsCorrect]) VALUES (632, 158, N'Góc hợp bởi 2 vector', 0)
INSERT [dbo].[Answer] ([Id], [QuesId], [Content], [IsCorrect]) VALUES (633, 159, N'Δ: (x - a)(x0 - a) + (y - b)(y0 - b) = R^2', 1)
INSERT [dbo].[Answer] ([Id], [QuesId], [Content], [IsCorrect]) VALUES (634, 159, N'Δ: x = a', 0)
INSERT [dbo].[Answer] ([Id], [QuesId], [Content], [IsCorrect]) VALUES (635, 159, N'Δ: y = b', 0)
INSERT [dbo].[Answer] ([Id], [QuesId], [Content], [IsCorrect]) VALUES (636, 159, N'Δ: x + y = c', 0)
INSERT [dbo].[Answer] ([Id], [QuesId], [Content], [IsCorrect]) VALUES (637, 160, N'Tọa độ trọng tâm (xG, yG) = ((xA + xB + xC)/3 , (yA + yB + yC)/3)', 1)
INSERT [dbo].[Answer] ([Id], [QuesId], [Content], [IsCorrect]) VALUES (638, 160, N'Tổng các tọa độ chia 2', 0)
INSERT [dbo].[Answer] ([Id], [QuesId], [Content], [IsCorrect]) VALUES (639, 160, N'Điểm O(0,0)', 0)
INSERT [dbo].[Answer] ([Id], [QuesId], [Content], [IsCorrect]) VALUES (640, 160, N'Giao điểm của các đường trung tuyến', 0)
INSERT [dbo].[Answer] ([Id], [QuesId], [Content], [IsCorrect]) VALUES (641, 161, N'Một phương trình', 0)
INSERT [dbo].[Answer] ([Id], [QuesId], [Content], [IsCorrect]) VALUES (642, 161, N'Một ánh xạ từ tập X vào tập Y', 1)
INSERT [dbo].[Answer] ([Id], [QuesId], [Content], [IsCorrect]) VALUES (643, 161, N'Một đồ thị', 0)
INSERT [dbo].[Answer] ([Id], [QuesId], [Content], [IsCorrect]) VALUES (644, 161, N'Một số thực', 0)
INSERT [dbo].[Answer] ([Id], [QuesId], [Content], [IsCorrect]) VALUES (645, 162, N'Không thay đổi', 0)
INSERT [dbo].[Answer] ([Id], [QuesId], [Content], [IsCorrect]) VALUES (646, 162, N'Khi y tăng khi x tăng', 1)
INSERT [dbo].[Answer] ([Id], [QuesId], [Content], [IsCorrect]) VALUES (647, 162, N'Khi x giảm khi y tăng', 0)
INSERT [dbo].[Answer] ([Id], [QuesId], [Content], [IsCorrect]) VALUES (648, 162, N'Khi y giảm khi x tăng', 0)
INSERT [dbo].[Answer] ([Id], [QuesId], [Content], [IsCorrect]) VALUES (649, 163, N'Cả hai tăng hoặc giảm', 0)
INSERT [dbo].[Answer] ([Id], [QuesId], [Content], [IsCorrect]) VALUES (650, 163, N'Khi y giảm khi x tăng', 1)
INSERT [dbo].[Answer] ([Id], [QuesId], [Content], [IsCorrect]) VALUES (651, 163, N'Không xác định', 0)
INSERT [dbo].[Answer] ([Id], [QuesId], [Content], [IsCorrect]) VALUES (652, 163, N'Khi y tăng khi x tăng', 0)
INSERT [dbo].[Answer] ([Id], [QuesId], [Content], [IsCorrect]) VALUES (653, 164, N'Điểm cực trị', 0)
INSERT [dbo].[Answer] ([Id], [QuesId], [Content], [IsCorrect]) VALUES (654, 164, N'Khoảng biến thiên', 0)
INSERT [dbo].[Answer] ([Id], [QuesId], [Content], [IsCorrect]) VALUES (655, 164, N'Giá trị của y', 0)
INSERT [dbo].[Answer] ([Id], [QuesId], [Content], [IsCorrect]) VALUES (656, 164, N'Tập hợp các giá trị x mà hàm có nghĩa', 1)
INSERT [dbo].[Answer] ([Id], [QuesId], [Content], [IsCorrect]) VALUES (657, 165, N'Một đường thẳng', 1)
INSERT [dbo].[Answer] ([Id], [QuesId], [Content], [IsCorrect]) VALUES (658, 165, N'Một elip', 0)
INSERT [dbo].[Answer] ([Id], [QuesId], [Content], [IsCorrect]) VALUES (659, 165, N'Một đường tròn', 0)
INSERT [dbo].[Answer] ([Id], [QuesId], [Content], [IsCorrect]) VALUES (660, 165, N'Một parabol', 0)
INSERT [dbo].[Answer] ([Id], [QuesId], [Content], [IsCorrect]) VALUES (661, 166, N'Nghịch biến', 0)
INSERT [dbo].[Answer] ([Id], [QuesId], [Content], [IsCorrect]) VALUES (662, 166, N'Không xác định', 0)
INSERT [dbo].[Answer] ([Id], [QuesId], [Content], [IsCorrect]) VALUES (663, 166, N'Không đổi', 0)
INSERT [dbo].[Answer] ([Id], [QuesId], [Content], [IsCorrect]) VALUES (664, 166, N'Đồng biến', 1)
INSERT [dbo].[Answer] ([Id], [QuesId], [Content], [IsCorrect]) VALUES (665, 167, N'0 ≤ m ≤ 1', 0)
INSERT [dbo].[Answer] ([Id], [QuesId], [Content], [IsCorrect]) VALUES (666, 167, N'-1 ≤ m ≤ 1', 1)
INSERT [dbo].[Answer] ([Id], [QuesId], [Content], [IsCorrect]) VALUES (667, 167, N'm > 0', 0)
INSERT [dbo].[Answer] ([Id], [QuesId], [Content], [IsCorrect]) VALUES (668, 167, N'm < 0', 0)
INSERT [dbo].[Answer] ([Id], [QuesId], [Content], [IsCorrect]) VALUES (669, 168, N'-1 ≤ m ≤ 1', 1)
INSERT [dbo].[Answer] ([Id], [QuesId], [Content], [IsCorrect]) VALUES (670, 168, N'0 ≤ m ≤ 1', 0)
INSERT [dbo].[Answer] ([Id], [QuesId], [Content], [IsCorrect]) VALUES (671, 168, N'm < 0', 0)
INSERT [dbo].[Answer] ([Id], [QuesId], [Content], [IsCorrect]) VALUES (672, 168, N'm > 0', 0)
INSERT [dbo].[Answer] ([Id], [QuesId], [Content], [IsCorrect]) VALUES (673, 169, N'x = π/4 + kπ', 0)
INSERT [dbo].[Answer] ([Id], [QuesId], [Content], [IsCorrect]) VALUES (674, 169, N'x = kπ', 1)
INSERT [dbo].[Answer] ([Id], [QuesId], [Content], [IsCorrect]) VALUES (675, 169, N'x = π/2 + kπ', 0)
INSERT [dbo].[Answer] ([Id], [QuesId], [Content], [IsCorrect]) VALUES (676, 169, N'x = π/3 + kπ', 0)
INSERT [dbo].[Answer] ([Id], [QuesId], [Content], [IsCorrect]) VALUES (677, 170, N'x = π/2 + kπ', 1)
INSERT [dbo].[Answer] ([Id], [QuesId], [Content], [IsCorrect]) VALUES (678, 170, N'x = π/4 + kπ', 0)
INSERT [dbo].[Answer] ([Id], [QuesId], [Content], [IsCorrect]) VALUES (679, 170, N'x = kπ', 0)
INSERT [dbo].[Answer] ([Id], [QuesId], [Content], [IsCorrect]) VALUES (680, 170, N'x = π/3 + kπ', 0)
INSERT [dbo].[Answer] ([Id], [QuesId], [Content], [IsCorrect]) VALUES (681, 171, N'sinx = y, cosx = y', 0)
INSERT [dbo].[Answer] ([Id], [QuesId], [Content], [IsCorrect]) VALUES (682, 171, N'sinx = m, cosx = m, tanx = m', 1)
INSERT [dbo].[Answer] ([Id], [QuesId], [Content], [IsCorrect]) VALUES (683, 171, N'tanx = x', 0)
INSERT [dbo].[Answer] ([Id], [QuesId], [Content], [IsCorrect]) VALUES (684, 171, N'sinx = x + y', 0)
INSERT [dbo].[Answer] ([Id], [QuesId], [Content], [IsCorrect]) VALUES (685, 172, N'0', 0)
INSERT [dbo].[Answer] ([Id], [QuesId], [Content], [IsCorrect]) VALUES (686, 172, N'-1', 0)
INSERT [dbo].[Answer] ([Id], [QuesId], [Content], [IsCorrect]) VALUES (687, 172, N'1', 1)
INSERT [dbo].[Answer] ([Id], [QuesId], [Content], [IsCorrect]) VALUES (688, 172, N'∞', 0)
INSERT [dbo].[Answer] ([Id], [QuesId], [Content], [IsCorrect]) VALUES (689, 173, N'1', 0)
INSERT [dbo].[Answer] ([Id], [QuesId], [Content], [IsCorrect]) VALUES (690, 173, N'-1', 1)
INSERT [dbo].[Answer] ([Id], [QuesId], [Content], [IsCorrect]) VALUES (691, 173, N'∞', 0)
INSERT [dbo].[Answer] ([Id], [QuesId], [Content], [IsCorrect]) VALUES (692, 173, N'0', 0)
INSERT [dbo].[Answer] ([Id], [QuesId], [Content], [IsCorrect]) VALUES (693, 174, N'x = π/2 + kπ', 0)
INSERT [dbo].[Answer] ([Id], [QuesId], [Content], [IsCorrect]) VALUES (694, 174, N'x = kπ', 1)
INSERT [dbo].[Answer] ([Id], [QuesId], [Content], [IsCorrect]) VALUES (695, 174, N'x = π/4 + kπ', 0)
INSERT [dbo].[Answer] ([Id], [QuesId], [Content], [IsCorrect]) VALUES (696, 174, N'x = π/3 + kπ', 0)
INSERT [dbo].[Answer] ([Id], [QuesId], [Content], [IsCorrect]) VALUES (697, 175, N'π/2', 0)
INSERT [dbo].[Answer] ([Id], [QuesId], [Content], [IsCorrect]) VALUES (698, 175, N'2π', 1)
INSERT [dbo].[Answer] ([Id], [QuesId], [Content], [IsCorrect]) VALUES (699, 175, N'π', 0)
GO
INSERT [dbo].[Answer] ([Id], [QuesId], [Content], [IsCorrect]) VALUES (700, 175, N'4π', 0)
INSERT [dbo].[Answer] ([Id], [QuesId], [Content], [IsCorrect]) VALUES (701, 176, N'2π', 1)
INSERT [dbo].[Answer] ([Id], [QuesId], [Content], [IsCorrect]) VALUES (702, 176, N'π', 0)
INSERT [dbo].[Answer] ([Id], [QuesId], [Content], [IsCorrect]) VALUES (703, 176, N'π/2', 0)
INSERT [dbo].[Answer] ([Id], [QuesId], [Content], [IsCorrect]) VALUES (704, 176, N'4π', 0)
INSERT [dbo].[Answer] ([Id], [QuesId], [Content], [IsCorrect]) VALUES (705, 177, N'x = kπ', 0)
INSERT [dbo].[Answer] ([Id], [QuesId], [Content], [IsCorrect]) VALUES (706, 177, N'x = π/2 + 2kπ', 1)
INSERT [dbo].[Answer] ([Id], [QuesId], [Content], [IsCorrect]) VALUES (707, 177, N'x = π/4 + kπ', 0)
INSERT [dbo].[Answer] ([Id], [QuesId], [Content], [IsCorrect]) VALUES (708, 177, N'x = π/3 + kπ', 0)
INSERT [dbo].[Answer] ([Id], [QuesId], [Content], [IsCorrect]) VALUES (709, 178, N'x = 2kπ', 1)
INSERT [dbo].[Answer] ([Id], [QuesId], [Content], [IsCorrect]) VALUES (710, 178, N'x = π/2 + kπ', 0)
INSERT [dbo].[Answer] ([Id], [QuesId], [Content], [IsCorrect]) VALUES (711, 178, N'x = π/3 + kπ', 0)
INSERT [dbo].[Answer] ([Id], [QuesId], [Content], [IsCorrect]) VALUES (712, 178, N'x = π/4 + kπ', 0)
INSERT [dbo].[Answer] ([Id], [QuesId], [Content], [IsCorrect]) VALUES (713, 179, N'x = π/4 + kπ', 1)
INSERT [dbo].[Answer] ([Id], [QuesId], [Content], [IsCorrect]) VALUES (714, 179, N'x = π/3 + kπ', 0)
INSERT [dbo].[Answer] ([Id], [QuesId], [Content], [IsCorrect]) VALUES (715, 179, N'x = π/2 + kπ', 0)
INSERT [dbo].[Answer] ([Id], [QuesId], [Content], [IsCorrect]) VALUES (716, 179, N'x = kπ', 0)
INSERT [dbo].[Answer] ([Id], [QuesId], [Content], [IsCorrect]) VALUES (717, 180, N'Vẽ đồ thị hàm bậc ba', 0)
INSERT [dbo].[Answer] ([Id], [QuesId], [Content], [IsCorrect]) VALUES (718, 180, N'Mô tả các dao động, chuyển động tuần hoàn', 1)
INSERT [dbo].[Answer] ([Id], [QuesId], [Content], [IsCorrect]) VALUES (719, 180, N'Tìm nghiệm nguyên', 0)
INSERT [dbo].[Answer] ([Id], [QuesId], [Content], [IsCorrect]) VALUES (720, 180, N'Giải phương trình bậc hai', 0)
INSERT [dbo].[Answer] ([Id], [QuesId], [Content], [IsCorrect]) VALUES (723, 181, N'Chọn k phần tử từ n phần tử không phân biệt thứ tự', 1)
INSERT [dbo].[Answer] ([Id], [QuesId], [Content], [IsCorrect]) VALUES (724, 181, N'Chọn k phần tử từ n phần tử có phân biệt thứ tự', 0)
INSERT [dbo].[Answer] ([Id], [QuesId], [Content], [IsCorrect]) VALUES (725, 181, N'Xếp k phần tử', 0)
INSERT [dbo].[Answer] ([Id], [QuesId], [Content], [IsCorrect]) VALUES (726, 181, N'Hoán vị k phần tử', 0)
INSERT [dbo].[Answer] ([Id], [QuesId], [Content], [IsCorrect]) VALUES (727, 182, N'C(n,k) = n! / (k! (n-k)!)', 1)
INSERT [dbo].[Answer] ([Id], [QuesId], [Content], [IsCorrect]) VALUES (728, 182, N'C(n,k) = n! / (n-k)!', 0)
INSERT [dbo].[Answer] ([Id], [QuesId], [Content], [IsCorrect]) VALUES (729, 182, N'C(n,k) = k! / n!', 0)
INSERT [dbo].[Answer] ([Id], [QuesId], [Content], [IsCorrect]) VALUES (730, 182, N'C(n,k) = n! * k!', 0)
INSERT [dbo].[Answer] ([Id], [QuesId], [Content], [IsCorrect]) VALUES (731, 183, N'1', 1)
INSERT [dbo].[Answer] ([Id], [QuesId], [Content], [IsCorrect]) VALUES (732, 183, N'0', 0)
INSERT [dbo].[Answer] ([Id], [QuesId], [Content], [IsCorrect]) VALUES (733, 183, N'n', 0)
INSERT [dbo].[Answer] ([Id], [QuesId], [Content], [IsCorrect]) VALUES (734, 183, N'k', 0)
INSERT [dbo].[Answer] ([Id], [QuesId], [Content], [IsCorrect]) VALUES (735, 184, N'1', 1)
INSERT [dbo].[Answer] ([Id], [QuesId], [Content], [IsCorrect]) VALUES (736, 184, N'0', 0)
INSERT [dbo].[Answer] ([Id], [QuesId], [Content], [IsCorrect]) VALUES (737, 184, N'n', 0)
INSERT [dbo].[Answer] ([Id], [QuesId], [Content], [IsCorrect]) VALUES (738, 184, N'n!', 0)
INSERT [dbo].[Answer] ([Id], [QuesId], [Content], [IsCorrect]) VALUES (739, 185, N'n', 1)
INSERT [dbo].[Answer] ([Id], [QuesId], [Content], [IsCorrect]) VALUES (740, 185, N'n!', 0)
INSERT [dbo].[Answer] ([Id], [QuesId], [Content], [IsCorrect]) VALUES (741, 185, N'1', 0)
INSERT [dbo].[Answer] ([Id], [QuesId], [Content], [IsCorrect]) VALUES (742, 185, N'0', 0)
INSERT [dbo].[Answer] ([Id], [QuesId], [Content], [IsCorrect]) VALUES (743, 186, N'Khả năng xảy ra của một biến cố', 1)
INSERT [dbo].[Answer] ([Id], [QuesId], [Content], [IsCorrect]) VALUES (744, 186, N'Tổng của các khả năng', 0)
INSERT [dbo].[Answer] ([Id], [QuesId], [Content], [IsCorrect]) VALUES (745, 186, N'Một con số bất kỳ', 0)
INSERT [dbo].[Answer] ([Id], [QuesId], [Content], [IsCorrect]) VALUES (746, 186, N'Một sự kiện chắc chắn', 0)
INSERT [dbo].[Answer] ([Id], [QuesId], [Content], [IsCorrect]) VALUES (747, 187, N'1', 1)
INSERT [dbo].[Answer] ([Id], [QuesId], [Content], [IsCorrect]) VALUES (748, 187, N'0', 0)
INSERT [dbo].[Answer] ([Id], [QuesId], [Content], [IsCorrect]) VALUES (749, 187, N'0.5', 0)
INSERT [dbo].[Answer] ([Id], [QuesId], [Content], [IsCorrect]) VALUES (750, 187, N'Không xác định', 0)
INSERT [dbo].[Answer] ([Id], [QuesId], [Content], [IsCorrect]) VALUES (751, 188, N'0', 1)
INSERT [dbo].[Answer] ([Id], [QuesId], [Content], [IsCorrect]) VALUES (752, 188, N'1', 0)
INSERT [dbo].[Answer] ([Id], [QuesId], [Content], [IsCorrect]) VALUES (753, 188, N'0.5', 0)
INSERT [dbo].[Answer] ([Id], [QuesId], [Content], [IsCorrect]) VALUES (754, 188, N'Không xác định', 0)
INSERT [dbo].[Answer] ([Id], [QuesId], [Content], [IsCorrect]) VALUES (755, 189, N'Tập hợp tất cả các kết quả có thể của phép thử', 1)
INSERT [dbo].[Answer] ([Id], [QuesId], [Content], [IsCorrect]) VALUES (756, 189, N'Tập hợp các biến cố con', 0)
INSERT [dbo].[Answer] ([Id], [QuesId], [Content], [IsCorrect]) VALUES (757, 189, N'Một tập hợp rỗng', 0)
INSERT [dbo].[Answer] ([Id], [QuesId], [Content], [IsCorrect]) VALUES (758, 189, N'Tập hợp các phần tử', 0)
INSERT [dbo].[Answer] ([Id], [QuesId], [Content], [IsCorrect]) VALUES (759, 190, N'Một tập hợp các kết quả của phép thử', 1)
INSERT [dbo].[Answer] ([Id], [QuesId], [Content], [IsCorrect]) VALUES (760, 190, N'Một tập con của không gian mẫu', 0)
INSERT [dbo].[Answer] ([Id], [QuesId], [Content], [IsCorrect]) VALUES (761, 190, N'Một hoán vị của kết quả', 0)
INSERT [dbo].[Answer] ([Id], [QuesId], [Content], [IsCorrect]) VALUES (762, 190, N'Một tổ hợp của kết quả', 0)
INSERT [dbo].[Answer] ([Id], [QuesId], [Content], [IsCorrect]) VALUES (763, 191, N'Khi các biến cố không đồng thời xảy ra', 1)
INSERT [dbo].[Answer] ([Id], [QuesId], [Content], [IsCorrect]) VALUES (764, 191, N'Khi các biến cố độc lập', 0)
INSERT [dbo].[Answer] ([Id], [QuesId], [Content], [IsCorrect]) VALUES (765, 191, N'Khi các biến cố đồng thời xảy ra', 0)
INSERT [dbo].[Answer] ([Id], [QuesId], [Content], [IsCorrect]) VALUES (766, 191, N'Khi xác suất nhỏ hơn 1', 0)
INSERT [dbo].[Answer] ([Id], [QuesId], [Content], [IsCorrect]) VALUES (767, 192, N'Khi các biến cố độc lập', 1)
INSERT [dbo].[Answer] ([Id], [QuesId], [Content], [IsCorrect]) VALUES (768, 192, N'Khi các biến cố không đồng thời', 0)
INSERT [dbo].[Answer] ([Id], [QuesId], [Content], [IsCorrect]) VALUES (769, 192, N'Khi biến cố đối xảy ra', 0)
INSERT [dbo].[Answer] ([Id], [QuesId], [Content], [IsCorrect]) VALUES (770, 192, N'Khi phép thử đơn giản', 0)
INSERT [dbo].[Answer] ([Id], [QuesId], [Content], [IsCorrect]) VALUES (771, 193, N'1', 1)
INSERT [dbo].[Answer] ([Id], [QuesId], [Content], [IsCorrect]) VALUES (772, 193, N'0', 0)
INSERT [dbo].[Answer] ([Id], [QuesId], [Content], [IsCorrect]) VALUES (773, 193, N'0.5', 0)
INSERT [dbo].[Answer] ([Id], [QuesId], [Content], [IsCorrect]) VALUES (774, 193, N'2', 0)
INSERT [dbo].[Answer] ([Id], [QuesId], [Content], [IsCorrect]) VALUES (775, 194, N'[0,1]', 1)
INSERT [dbo].[Answer] ([Id], [QuesId], [Content], [IsCorrect]) VALUES (776, 194, N'[0,∞)', 0)
INSERT [dbo].[Answer] ([Id], [QuesId], [Content], [IsCorrect]) VALUES (777, 194, N'(-∞,1]', 0)
INSERT [dbo].[Answer] ([Id], [QuesId], [Content], [IsCorrect]) VALUES (778, 194, N'(0,1)', 0)
INSERT [dbo].[Answer] ([Id], [QuesId], [Content], [IsCorrect]) VALUES (779, 195, N'Biến cố ngược lại với A', 1)
INSERT [dbo].[Answer] ([Id], [QuesId], [Content], [IsCorrect]) VALUES (780, 195, N'Biến cố đồng thời với A', 0)
INSERT [dbo].[Answer] ([Id], [QuesId], [Content], [IsCorrect]) VALUES (781, 195, N'Biến cố rỗng', 0)
INSERT [dbo].[Answer] ([Id], [QuesId], [Content], [IsCorrect]) VALUES (782, 195, N'Biến cố có xác suất 0', 0)
INSERT [dbo].[Answer] ([Id], [QuesId], [Content], [IsCorrect]) VALUES (783, 196, N'Xác suất khi biết trước một thông tin nào đó', 1)
INSERT [dbo].[Answer] ([Id], [QuesId], [Content], [IsCorrect]) VALUES (784, 196, N'Xác suất của biến cố đối', 0)
INSERT [dbo].[Answer] ([Id], [QuesId], [Content], [IsCorrect]) VALUES (785, 196, N'Xác suất khi không biết thông tin', 0)
INSERT [dbo].[Answer] ([Id], [QuesId], [Content], [IsCorrect]) VALUES (786, 196, N'Xác suất tổng quát', 0)
INSERT [dbo].[Answer] ([Id], [QuesId], [Content], [IsCorrect]) VALUES (787, 197, N'Khi xảy ra một biến cố không làm thay đổi xác suất biến cố kia', 1)
INSERT [dbo].[Answer] ([Id], [QuesId], [Content], [IsCorrect]) VALUES (788, 197, N'Khi hai biến cố cùng xảy ra', 0)
INSERT [dbo].[Answer] ([Id], [QuesId], [Content], [IsCorrect]) VALUES (789, 197, N'Khi hai biến cố đối nhau', 0)
INSERT [dbo].[Answer] ([Id], [QuesId], [Content], [IsCorrect]) VALUES (790, 197, N'Khi một biến cố có xác suất 0', 0)
INSERT [dbo].[Answer] ([Id], [QuesId], [Content], [IsCorrect]) VALUES (791, 198, N'Một quá trình dẫn đến một kết quả', 1)
INSERT [dbo].[Answer] ([Id], [QuesId], [Content], [IsCorrect]) VALUES (792, 198, N'Một biến cố ngẫu nhiên', 0)
INSERT [dbo].[Answer] ([Id], [QuesId], [Content], [IsCorrect]) VALUES (793, 198, N'Một hoán vị', 0)
INSERT [dbo].[Answer] ([Id], [QuesId], [Content], [IsCorrect]) VALUES (794, 198, N'Một tổ hợp', 0)
INSERT [dbo].[Answer] ([Id], [QuesId], [Content], [IsCorrect]) VALUES (795, 199, N'Phân phối mô tả số lần thành công trong n lần thử độc lập', 1)
INSERT [dbo].[Answer] ([Id], [QuesId], [Content], [IsCorrect]) VALUES (796, 199, N'Phân phối chuẩn', 0)
INSERT [dbo].[Answer] ([Id], [QuesId], [Content], [IsCorrect]) VALUES (797, 199, N'Phân phối đều', 0)
INSERT [dbo].[Answer] ([Id], [QuesId], [Content], [IsCorrect]) VALUES (798, 199, N'Phân phối rời rạc', 0)
INSERT [dbo].[Answer] ([Id], [QuesId], [Content], [IsCorrect]) VALUES (799, 200, N'Dự báo, tính toán xác suất trong các tình huống thực tế', 1)
INSERT [dbo].[Answer] ([Id], [QuesId], [Content], [IsCorrect]) VALUES (800, 200, N'Tạo số ngẫu nhiên', 0)
INSERT [dbo].[Answer] ([Id], [QuesId], [Content], [IsCorrect]) VALUES (801, 200, N'Xác định nghiệm phương trình', 0)
GO
INSERT [dbo].[Answer] ([Id], [QuesId], [Content], [IsCorrect]) VALUES (802, 200, N'Phân tích chuỗi thời gian', 0)
INSERT [dbo].[Answer] ([Id], [QuesId], [Content], [IsCorrect]) VALUES (803, 201, N'Dãy số không đổi', 0)
INSERT [dbo].[Answer] ([Id], [QuesId], [Content], [IsCorrect]) VALUES (804, 201, N'Dãy số có hiệu giữa hai số liên tiếp không đổi', 1)
INSERT [dbo].[Answer] ([Id], [QuesId], [Content], [IsCorrect]) VALUES (805, 201, N'Dãy số giảm dần', 0)
INSERT [dbo].[Answer] ([Id], [QuesId], [Content], [IsCorrect]) VALUES (806, 201, N'Dãy số có tích giữa hai số liên tiếp không đổi', 0)
INSERT [dbo].[Answer] ([Id], [QuesId], [Content], [IsCorrect]) VALUES (807, 202, N'Dãy số tăng đều', 0)
INSERT [dbo].[Answer] ([Id], [QuesId], [Content], [IsCorrect]) VALUES (808, 202, N'Dãy số giảm đều', 0)
INSERT [dbo].[Answer] ([Id], [QuesId], [Content], [IsCorrect]) VALUES (809, 202, N'Dãy số có hiệu giữa hai số liên tiếp không đổi', 0)
INSERT [dbo].[Answer] ([Id], [QuesId], [Content], [IsCorrect]) VALUES (810, 202, N'Dãy số có tích giữa hai số liên tiếp không đổi', 1)
INSERT [dbo].[Answer] ([Id], [QuesId], [Content], [IsCorrect]) VALUES (811, 203, N'un = u1 * n', 0)
INSERT [dbo].[Answer] ([Id], [QuesId], [Content], [IsCorrect]) VALUES (812, 203, N'un = u1 + (n-1)d', 1)
INSERT [dbo].[Answer] ([Id], [QuesId], [Content], [IsCorrect]) VALUES (813, 203, N'un = u1 * r^(n-1)', 0)
INSERT [dbo].[Answer] ([Id], [QuesId], [Content], [IsCorrect]) VALUES (814, 203, N'un = u1 + n*d', 0)
INSERT [dbo].[Answer] ([Id], [QuesId], [Content], [IsCorrect]) VALUES (815, 204, N'un = u1 + (n-1)d', 0)
INSERT [dbo].[Answer] ([Id], [QuesId], [Content], [IsCorrect]) VALUES (816, 204, N'un = u1 * r^(n-1)', 1)
INSERT [dbo].[Answer] ([Id], [QuesId], [Content], [IsCorrect]) VALUES (817, 204, N'un = u1 * n', 0)
INSERT [dbo].[Answer] ([Id], [QuesId], [Content], [IsCorrect]) VALUES (818, 204, N'un = u1 + n*r', 0)
INSERT [dbo].[Answer] ([Id], [QuesId], [Content], [IsCorrect]) VALUES (819, 205, N'Hiệu giữa hai số liên tiếp', 1)
INSERT [dbo].[Answer] ([Id], [QuesId], [Content], [IsCorrect]) VALUES (820, 205, N'Tích giữa hai số liên tiếp', 0)
INSERT [dbo].[Answer] ([Id], [QuesId], [Content], [IsCorrect]) VALUES (821, 205, N'Hiệu giữa số đầu và số cuối', 0)
INSERT [dbo].[Answer] ([Id], [QuesId], [Content], [IsCorrect]) VALUES (822, 205, N'Tổng các số hạng', 0)
INSERT [dbo].[Answer] ([Id], [QuesId], [Content], [IsCorrect]) VALUES (823, 206, N'Tỉ số giữa hai số liên tiếp', 1)
INSERT [dbo].[Answer] ([Id], [QuesId], [Content], [IsCorrect]) VALUES (824, 206, N'Hiệu giữa hai số liên tiếp', 0)
INSERT [dbo].[Answer] ([Id], [QuesId], [Content], [IsCorrect]) VALUES (825, 206, N'Hiệu số cuối và số đầu', 0)
INSERT [dbo].[Answer] ([Id], [QuesId], [Content], [IsCorrect]) VALUES (826, 206, N'Tổng hai số liên tiếp', 0)
INSERT [dbo].[Answer] ([Id], [QuesId], [Content], [IsCorrect]) VALUES (827, 207, N'Sn = n * d', 0)
INSERT [dbo].[Answer] ([Id], [QuesId], [Content], [IsCorrect]) VALUES (828, 207, N'Sn = n * (u1 + d)', 0)
INSERT [dbo].[Answer] ([Id], [QuesId], [Content], [IsCorrect]) VALUES (829, 207, N'Sn = n/2 * (u1 + un)', 1)
INSERT [dbo].[Answer] ([Id], [QuesId], [Content], [IsCorrect]) VALUES (830, 207, N'Sn = n * u1 * d', 0)
INSERT [dbo].[Answer] ([Id], [QuesId], [Content], [IsCorrect]) VALUES (831, 208, N'Sn = n * u1 * r', 0)
INSERT [dbo].[Answer] ([Id], [QuesId], [Content], [IsCorrect]) VALUES (832, 208, N'Sn = u1 * (1 - r^n) / (1 - r)', 1)
INSERT [dbo].[Answer] ([Id], [QuesId], [Content], [IsCorrect]) VALUES (833, 208, N'Sn = u1 * n * r', 0)
INSERT [dbo].[Answer] ([Id], [QuesId], [Content], [IsCorrect]) VALUES (834, 208, N'Sn = u1 + (n-1)d', 0)
INSERT [dbo].[Answer] ([Id], [QuesId], [Content], [IsCorrect]) VALUES (835, 209, N'Hiệu giữa hai số liên tiếp không đổi', 1)
INSERT [dbo].[Answer] ([Id], [QuesId], [Content], [IsCorrect]) VALUES (836, 209, N'Hiệu giữa số đầu và số cuối không đổi', 0)
INSERT [dbo].[Answer] ([Id], [QuesId], [Content], [IsCorrect]) VALUES (837, 209, N'Tổng hai số liên tiếp không đổi', 0)
INSERT [dbo].[Answer] ([Id], [QuesId], [Content], [IsCorrect]) VALUES (838, 209, N'Tích giữa hai số liên tiếp không đổi', 0)
INSERT [dbo].[Answer] ([Id], [QuesId], [Content], [IsCorrect]) VALUES (839, 210, N'Không có điều kiện nào', 0)
INSERT [dbo].[Answer] ([Id], [QuesId], [Content], [IsCorrect]) VALUES (840, 210, N'Tỉ số giữa hai số liên tiếp không đổi', 1)
INSERT [dbo].[Answer] ([Id], [QuesId], [Content], [IsCorrect]) VALUES (841, 210, N'Hiệu giữa hai số liên tiếp không đổi', 0)
INSERT [dbo].[Answer] ([Id], [QuesId], [Content], [IsCorrect]) VALUES (842, 210, N'Tổng hai số liên tiếp không đổi', 0)
INSERT [dbo].[Answer] ([Id], [QuesId], [Content], [IsCorrect]) VALUES (843, 211, N'Khi tổng các số hạng dương', 1)
INSERT [dbo].[Answer] ([Id], [QuesId], [Content], [IsCorrect]) VALUES (844, 211, N'Khi số hạng đầu âm', 0)
INSERT [dbo].[Answer] ([Id], [QuesId], [Content], [IsCorrect]) VALUES (845, 211, N'Không thể xảy ra', 0)
INSERT [dbo].[Answer] ([Id], [QuesId], [Content], [IsCorrect]) VALUES (846, 211, N'Khi công sai âm', 0)
INSERT [dbo].[Answer] ([Id], [QuesId], [Content], [IsCorrect]) VALUES (847, 212, N'Khi công bội âm và số hạng đầu âm', 1)
INSERT [dbo].[Answer] ([Id], [QuesId], [Content], [IsCorrect]) VALUES (848, 212, N'Khi công bội dương', 0)
INSERT [dbo].[Answer] ([Id], [QuesId], [Content], [IsCorrect]) VALUES (849, 212, N'Không thể xảy ra', 0)
INSERT [dbo].[Answer] ([Id], [QuesId], [Content], [IsCorrect]) VALUES (850, 212, N'Khi số hạng đầu dương', 0)
INSERT [dbo].[Answer] ([Id], [QuesId], [Content], [IsCorrect]) VALUES (851, 213, N'Số hạng đầu, công sai và n', 1)
INSERT [dbo].[Answer] ([Id], [QuesId], [Content], [IsCorrect]) VALUES (852, 213, N'Chỉ phụ thuộc vào số hạng đầu', 0)
INSERT [dbo].[Answer] ([Id], [QuesId], [Content], [IsCorrect]) VALUES (853, 213, N'Chỉ phụ thuộc vào công sai', 0)
INSERT [dbo].[Answer] ([Id], [QuesId], [Content], [IsCorrect]) VALUES (854, 213, N'Chỉ phụ thuộc vào n', 0)
INSERT [dbo].[Answer] ([Id], [QuesId], [Content], [IsCorrect]) VALUES (855, 214, N'Số hạng đầu, công bội và n', 1)
INSERT [dbo].[Answer] ([Id], [QuesId], [Content], [IsCorrect]) VALUES (856, 214, N'Chỉ phụ thuộc vào số hạng đầu', 0)
INSERT [dbo].[Answer] ([Id], [QuesId], [Content], [IsCorrect]) VALUES (857, 214, N'Chỉ phụ thuộc vào công bội', 0)
INSERT [dbo].[Answer] ([Id], [QuesId], [Content], [IsCorrect]) VALUES (858, 214, N'Chỉ phụ thuộc vào n', 0)
INSERT [dbo].[Answer] ([Id], [QuesId], [Content], [IsCorrect]) VALUES (859, 215, N'Bài toán tăng lương, trả góp', 1)
INSERT [dbo].[Answer] ([Id], [QuesId], [Content], [IsCorrect]) VALUES (860, 215, N'Bài toán hình học', 0)
INSERT [dbo].[Answer] ([Id], [QuesId], [Content], [IsCorrect]) VALUES (861, 215, N'Bài toán về diện tích', 0)
INSERT [dbo].[Answer] ([Id], [QuesId], [Content], [IsCorrect]) VALUES (862, 215, N'Bài toán xác suất', 0)
INSERT [dbo].[Answer] ([Id], [QuesId], [Content], [IsCorrect]) VALUES (863, 216, N'Bài toán lãi suất, tăng trưởng', 1)
INSERT [dbo].[Answer] ([Id], [QuesId], [Content], [IsCorrect]) VALUES (864, 216, N'Bài toán hình học', 0)
INSERT [dbo].[Answer] ([Id], [QuesId], [Content], [IsCorrect]) VALUES (865, 216, N'Bài toán diện tích', 0)
INSERT [dbo].[Answer] ([Id], [QuesId], [Content], [IsCorrect]) VALUES (866, 216, N'Bài toán thống kê', 0)
INSERT [dbo].[Answer] ([Id], [QuesId], [Content], [IsCorrect]) VALUES (867, 217, N'Cấp số không đổi', 1)
INSERT [dbo].[Answer] ([Id], [QuesId], [Content], [IsCorrect]) VALUES (868, 217, N'Cấp số giảm dần', 0)
INSERT [dbo].[Answer] ([Id], [QuesId], [Content], [IsCorrect]) VALUES (869, 217, N'Cấp số nghịch đảo', 0)
INSERT [dbo].[Answer] ([Id], [QuesId], [Content], [IsCorrect]) VALUES (870, 217, N'Cấp số cách đều', 0)
INSERT [dbo].[Answer] ([Id], [QuesId], [Content], [IsCorrect]) VALUES (871, 218, N'Cấp số không đổi', 1)
INSERT [dbo].[Answer] ([Id], [QuesId], [Content], [IsCorrect]) VALUES (872, 218, N'Cấp số nhân', 0)
INSERT [dbo].[Answer] ([Id], [QuesId], [Content], [IsCorrect]) VALUES (873, 218, N'Cấp số tăng đều', 0)
INSERT [dbo].[Answer] ([Id], [QuesId], [Content], [IsCorrect]) VALUES (874, 218, N'Cấp số giảm đều', 0)
INSERT [dbo].[Answer] ([Id], [QuesId], [Content], [IsCorrect]) VALUES (875, 219, N'Không thể', 0)
INSERT [dbo].[Answer] ([Id], [QuesId], [Content], [IsCorrect]) VALUES (876, 219, N'Chỉ khi số hạng đầu âm', 0)
INSERT [dbo].[Answer] ([Id], [QuesId], [Content], [IsCorrect]) VALUES (877, 219, N'Có thể', 1)
INSERT [dbo].[Answer] ([Id], [QuesId], [Content], [IsCorrect]) VALUES (878, 219, N'Chỉ khi công bội dương', 0)
INSERT [dbo].[Answer] ([Id], [QuesId], [Content], [IsCorrect]) VALUES (879, 220, N'Không thể', 0)
INSERT [dbo].[Answer] ([Id], [QuesId], [Content], [IsCorrect]) VALUES (880, 220, N'Có thể', 1)
INSERT [dbo].[Answer] ([Id], [QuesId], [Content], [IsCorrect]) VALUES (881, 220, N'Chỉ khi số hạng đầu âm', 0)
INSERT [dbo].[Answer] ([Id], [QuesId], [Content], [IsCorrect]) VALUES (882, 220, N'Chỉ khi công sai âm', 0)
INSERT [dbo].[Answer] ([Id], [QuesId], [Content], [IsCorrect]) VALUES (883, 221, N'Giá trị mà hàm số tiến gần khi x tiến gần a', 1)
INSERT [dbo].[Answer] ([Id], [QuesId], [Content], [IsCorrect]) VALUES (884, 221, N'Số hạng của dãy số', 0)
INSERT [dbo].[Answer] ([Id], [QuesId], [Content], [IsCorrect]) VALUES (885, 221, N'Tích của các giá trị x', 0)
INSERT [dbo].[Answer] ([Id], [QuesId], [Content], [IsCorrect]) VALUES (886, 221, N'Giá trị lớn nhất của hàm số', 0)
INSERT [dbo].[Answer] ([Id], [QuesId], [Content], [IsCorrect]) VALUES (887, 222, N'lim f(x) khi x → a', 1)
INSERT [dbo].[Answer] ([Id], [QuesId], [Content], [IsCorrect]) VALUES (888, 222, N'f(x) = a', 0)
INSERT [dbo].[Answer] ([Id], [QuesId], [Content], [IsCorrect]) VALUES (889, 222, N'f(a)', 0)
INSERT [dbo].[Answer] ([Id], [QuesId], [Content], [IsCorrect]) VALUES (890, 222, N'df(x)/dx', 0)
INSERT [dbo].[Answer] ([Id], [QuesId], [Content], [IsCorrect]) VALUES (891, 223, N'Khi giới hạn trái và phải đều tồn tại và bằng nhau', 1)
INSERT [dbo].[Answer] ([Id], [QuesId], [Content], [IsCorrect]) VALUES (892, 223, N'Khi hàm số liên tục', 0)
INSERT [dbo].[Answer] ([Id], [QuesId], [Content], [IsCorrect]) VALUES (893, 223, N'Khi đạo hàm tồn tại', 0)
INSERT [dbo].[Answer] ([Id], [QuesId], [Content], [IsCorrect]) VALUES (894, 223, N'Khi f(a) khác 0', 0)
INSERT [dbo].[Answer] ([Id], [QuesId], [Content], [IsCorrect]) VALUES (895, 224, N'Giới hạn khi x tiến từ 1 phía (trái hoặc phải)', 1)
INSERT [dbo].[Answer] ([Id], [QuesId], [Content], [IsCorrect]) VALUES (896, 224, N'Giới hạn vô cực', 0)
INSERT [dbo].[Answer] ([Id], [QuesId], [Content], [IsCorrect]) VALUES (897, 224, N'Giới hạn tại vô cực', 0)
INSERT [dbo].[Answer] ([Id], [QuesId], [Content], [IsCorrect]) VALUES (898, 224, N'Giới hạn không xác định', 0)
INSERT [dbo].[Answer] ([Id], [QuesId], [Content], [IsCorrect]) VALUES (899, 225, N'Khi giới hạn trái và phải khác nhau', 1)
INSERT [dbo].[Answer] ([Id], [QuesId], [Content], [IsCorrect]) VALUES (900, 225, N'Khi đạo hàm không tồn tại', 0)
INSERT [dbo].[Answer] ([Id], [QuesId], [Content], [IsCorrect]) VALUES (901, 225, N'Khi x tiến tới vô cực', 0)
GO
INSERT [dbo].[Answer] ([Id], [QuesId], [Content], [IsCorrect]) VALUES (902, 225, N'Khi f(a) = 0', 0)
INSERT [dbo].[Answer] ([Id], [QuesId], [Content], [IsCorrect]) VALUES (903, 226, N'Khi lim f(x) = ∞ hoặc -∞', 1)
INSERT [dbo].[Answer] ([Id], [QuesId], [Content], [IsCorrect]) VALUES (904, 226, N'Khi f(x) liên tục', 0)
INSERT [dbo].[Answer] ([Id], [QuesId], [Content], [IsCorrect]) VALUES (905, 226, N'Khi f(x) có cực trị', 0)
INSERT [dbo].[Answer] ([Id], [QuesId], [Content], [IsCorrect]) VALUES (906, 226, N'Khi đạo hàm không xác định', 0)
INSERT [dbo].[Answer] ([Id], [QuesId], [Content], [IsCorrect]) VALUES (907, 227, N'Khi f(x) → 0 khi x → ∞', 1)
INSERT [dbo].[Answer] ([Id], [QuesId], [Content], [IsCorrect]) VALUES (908, 227, N'Khi x → 0', 0)
INSERT [dbo].[Answer] ([Id], [QuesId], [Content], [IsCorrect]) VALUES (909, 227, N'Khi f(x) liên tục', 0)
INSERT [dbo].[Answer] ([Id], [QuesId], [Content], [IsCorrect]) VALUES (910, 227, N'Khi f(x) tăng dần', 0)
INSERT [dbo].[Answer] ([Id], [QuesId], [Content], [IsCorrect]) VALUES (911, 228, N'Hàm số tăng không giới hạn khi x tiến tới a', 1)
INSERT [dbo].[Answer] ([Id], [QuesId], [Content], [IsCorrect]) VALUES (912, 228, N'Hàm số đạt giá trị lớn nhất', 0)
INSERT [dbo].[Answer] ([Id], [QuesId], [Content], [IsCorrect]) VALUES (913, 228, N'Hàm số có cực trị', 0)
INSERT [dbo].[Answer] ([Id], [QuesId], [Content], [IsCorrect]) VALUES (914, 228, N'Hàm số giảm dần', 0)
INSERT [dbo].[Answer] ([Id], [QuesId], [Content], [IsCorrect]) VALUES (915, 229, N'lim(f(x) + g(x)) = lim f(x) + lim g(x)', 1)
INSERT [dbo].[Answer] ([Id], [QuesId], [Content], [IsCorrect]) VALUES (916, 229, N'lim(f(x) * g(x))', 0)
INSERT [dbo].[Answer] ([Id], [QuesId], [Content], [IsCorrect]) VALUES (917, 229, N'lim(f(x) / g(x))', 0)
INSERT [dbo].[Answer] ([Id], [QuesId], [Content], [IsCorrect]) VALUES (918, 229, N'Không xác định', 0)
INSERT [dbo].[Answer] ([Id], [QuesId], [Content], [IsCorrect]) VALUES (919, 230, N'lim(f(x) * g(x)) = lim f(x) * lim g(x)', 1)
INSERT [dbo].[Answer] ([Id], [QuesId], [Content], [IsCorrect]) VALUES (920, 230, N'lim(f(x) + g(x))', 0)
INSERT [dbo].[Answer] ([Id], [QuesId], [Content], [IsCorrect]) VALUES (921, 230, N'lim(f(x) - g(x))', 0)
INSERT [dbo].[Answer] ([Id], [QuesId], [Content], [IsCorrect]) VALUES (922, 230, N'Không xác định', 0)
INSERT [dbo].[Answer] ([Id], [QuesId], [Content], [IsCorrect]) VALUES (923, 231, N'Hằng số', 1)
INSERT [dbo].[Answer] ([Id], [QuesId], [Content], [IsCorrect]) VALUES (924, 231, N'0', 0)
INSERT [dbo].[Answer] ([Id], [QuesId], [Content], [IsCorrect]) VALUES (925, 231, N'Vô cực', 0)
INSERT [dbo].[Answer] ([Id], [QuesId], [Content], [IsCorrect]) VALUES (926, 231, N'Không xác định', 0)
INSERT [dbo].[Answer] ([Id], [QuesId], [Content], [IsCorrect]) VALUES (927, 232, N'Bằng giá trị của đa thức tại x = a', 1)
INSERT [dbo].[Answer] ([Id], [QuesId], [Content], [IsCorrect]) VALUES (928, 232, N'0', 0)
INSERT [dbo].[Answer] ([Id], [QuesId], [Content], [IsCorrect]) VALUES (929, 232, N'∞', 0)
INSERT [dbo].[Answer] ([Id], [QuesId], [Content], [IsCorrect]) VALUES (930, 232, N'Không xác định', 0)
INSERT [dbo].[Answer] ([Id], [QuesId], [Content], [IsCorrect]) VALUES (931, 233, N'Bằng thương của các giới hạn nếu mẫu khác 0', 1)
INSERT [dbo].[Answer] ([Id], [QuesId], [Content], [IsCorrect]) VALUES (932, 233, N'Vô hạn', 0)
INSERT [dbo].[Answer] ([Id], [QuesId], [Content], [IsCorrect]) VALUES (933, 233, N'Không xác định', 0)
INSERT [dbo].[Answer] ([Id], [QuesId], [Content], [IsCorrect]) VALUES (934, 233, N'0', 0)
INSERT [dbo].[Answer] ([Id], [QuesId], [Content], [IsCorrect]) VALUES (935, 234, N'Khi gặp dạng vô định 0/0, ∞/∞', 1)
INSERT [dbo].[Answer] ([Id], [QuesId], [Content], [IsCorrect]) VALUES (936, 234, N'Khi đạo hàm không xác định', 0)
INSERT [dbo].[Answer] ([Id], [QuesId], [Content], [IsCorrect]) VALUES (937, 234, N'Khi hàm số liên tục', 0)
INSERT [dbo].[Answer] ([Id], [QuesId], [Content], [IsCorrect]) VALUES (938, 234, N'Khi tích phân tồn tại', 0)
INSERT [dbo].[Answer] ([Id], [QuesId], [Content], [IsCorrect]) VALUES (939, 235, N'Khi lim chưa xác định dạng cụ thể', 1)
INSERT [dbo].[Answer] ([Id], [QuesId], [Content], [IsCorrect]) VALUES (940, 235, N'Khi f(x) là đa thức', 0)
INSERT [dbo].[Answer] ([Id], [QuesId], [Content], [IsCorrect]) VALUES (941, 235, N'Khi f(x) liên tục', 0)
INSERT [dbo].[Answer] ([Id], [QuesId], [Content], [IsCorrect]) VALUES (942, 235, N'Khi x tiến tới 0', 0)
INSERT [dbo].[Answer] ([Id], [QuesId], [Content], [IsCorrect]) VALUES (943, 236, N'0/0, ∞/∞, 0*∞,...', 1)
INSERT [dbo].[Answer] ([Id], [QuesId], [Content], [IsCorrect]) VALUES (944, 236, N'Các cực trị', 0)
INSERT [dbo].[Answer] ([Id], [QuesId], [Content], [IsCorrect]) VALUES (945, 236, N'Các nghiệm của phương trình', 0)
INSERT [dbo].[Answer] ([Id], [QuesId], [Content], [IsCorrect]) VALUES (946, 236, N'Không tồn tại', 0)
INSERT [dbo].[Answer] ([Id], [QuesId], [Content], [IsCorrect]) VALUES (947, 237, N'Tính đạo hàm tại 1 điểm', 1)
INSERT [dbo].[Answer] ([Id], [QuesId], [Content], [IsCorrect]) VALUES (948, 237, N'Tìm cực trị', 0)
INSERT [dbo].[Answer] ([Id], [QuesId], [Content], [IsCorrect]) VALUES (949, 237, N'Tính diện tích', 0)
INSERT [dbo].[Answer] ([Id], [QuesId], [Content], [IsCorrect]) VALUES (950, 237, N'Tìm nghiệm', 0)
INSERT [dbo].[Answer] ([Id], [QuesId], [Content], [IsCorrect]) VALUES (951, 238, N'Tính tích phân bất định', 1)
INSERT [dbo].[Answer] ([Id], [QuesId], [Content], [IsCorrect]) VALUES (952, 238, N'Tính đạo hàm', 0)
INSERT [dbo].[Answer] ([Id], [QuesId], [Content], [IsCorrect]) VALUES (953, 238, N'Tìm nghiệm', 0)
INSERT [dbo].[Answer] ([Id], [QuesId], [Content], [IsCorrect]) VALUES (954, 238, N'Không xác định', 0)
INSERT [dbo].[Answer] ([Id], [QuesId], [Content], [IsCorrect]) VALUES (955, 239, N'Đường tiệm cận', 1)
INSERT [dbo].[Answer] ([Id], [QuesId], [Content], [IsCorrect]) VALUES (956, 239, N'Cực trị', 0)
INSERT [dbo].[Answer] ([Id], [QuesId], [Content], [IsCorrect]) VALUES (957, 239, N'Điểm uốn', 0)
INSERT [dbo].[Answer] ([Id], [QuesId], [Content], [IsCorrect]) VALUES (958, 239, N'Tâm đối xứng', 0)
INSERT [dbo].[Answer] ([Id], [QuesId], [Content], [IsCorrect]) VALUES (959, 240, N'Mô tả sự thay đổi liên tục', 1)
INSERT [dbo].[Answer] ([Id], [QuesId], [Content], [IsCorrect]) VALUES (960, 240, N'Tìm giá trị lớn nhất', 0)
INSERT [dbo].[Answer] ([Id], [QuesId], [Content], [IsCorrect]) VALUES (961, 240, N'Tính diện tích', 0)
INSERT [dbo].[Answer] ([Id], [QuesId], [Content], [IsCorrect]) VALUES (962, 240, N'Tìm nghiệm', 0)
INSERT [dbo].[Answer] ([Id], [QuesId], [Content], [IsCorrect]) VALUES (963, 241, N'Tốc độ thay đổi tức thời của hàm số', 1)
INSERT [dbo].[Answer] ([Id], [QuesId], [Content], [IsCorrect]) VALUES (964, 241, N'Giá trị lớn nhất của hàm số', 0)
INSERT [dbo].[Answer] ([Id], [QuesId], [Content], [IsCorrect]) VALUES (965, 241, N'Tích phân', 0)
INSERT [dbo].[Answer] ([Id], [QuesId], [Content], [IsCorrect]) VALUES (966, 241, N'Giá trị nhỏ nhất của hàm', 0)
INSERT [dbo].[Answer] ([Id], [QuesId], [Content], [IsCorrect]) VALUES (967, 242, N'f''(x) hoặc df/dx', 1)
INSERT [dbo].[Answer] ([Id], [QuesId], [Content], [IsCorrect]) VALUES (968, 242, N'∫f(x)dx', 0)
INSERT [dbo].[Answer] ([Id], [QuesId], [Content], [IsCorrect]) VALUES (969, 242, N'lim f(x)', 0)
INSERT [dbo].[Answer] ([Id], [QuesId], [Content], [IsCorrect]) VALUES (970, 242, N'f(x)', 0)
INSERT [dbo].[Answer] ([Id], [QuesId], [Content], [IsCorrect]) VALUES (971, 243, N'Bằng 0', 1)
INSERT [dbo].[Answer] ([Id], [QuesId], [Content], [IsCorrect]) VALUES (972, 243, N'Bằng 1', 0)
INSERT [dbo].[Answer] ([Id], [QuesId], [Content], [IsCorrect]) VALUES (973, 243, N'Bằng x', 0)
INSERT [dbo].[Answer] ([Id], [QuesId], [Content], [IsCorrect]) VALUES (974, 243, N'Không xác định', 0)
INSERT [dbo].[Answer] ([Id], [QuesId], [Content], [IsCorrect]) VALUES (975, 244, N'Bằng hệ số a', 1)
INSERT [dbo].[Answer] ([Id], [QuesId], [Content], [IsCorrect]) VALUES (976, 244, N'Bằng 0', 0)
INSERT [dbo].[Answer] ([Id], [QuesId], [Content], [IsCorrect]) VALUES (977, 244, N'Bằng x', 0)
INSERT [dbo].[Answer] ([Id], [QuesId], [Content], [IsCorrect]) VALUES (978, 244, N'Bằng x^2', 0)
INSERT [dbo].[Answer] ([Id], [QuesId], [Content], [IsCorrect]) VALUES (979, 245, N'2ax + b', 1)
INSERT [dbo].[Answer] ([Id], [QuesId], [Content], [IsCorrect]) VALUES (980, 245, N'ax + b', 0)
INSERT [dbo].[Answer] ([Id], [QuesId], [Content], [IsCorrect]) VALUES (981, 245, N'a', 0)
INSERT [dbo].[Answer] ([Id], [QuesId], [Content], [IsCorrect]) VALUES (982, 245, N'0', 0)
INSERT [dbo].[Answer] ([Id], [QuesId], [Content], [IsCorrect]) VALUES (983, 246, N'lim (f(x+h) - f(x))/h khi h→0', 1)
INSERT [dbo].[Answer] ([Id], [QuesId], [Content], [IsCorrect]) VALUES (984, 246, N'lim f(x)', 0)
INSERT [dbo].[Answer] ([Id], [QuesId], [Content], [IsCorrect]) VALUES (985, 246, N'f(x+h)', 0)
INSERT [dbo].[Answer] ([Id], [QuesId], [Content], [IsCorrect]) VALUES (986, 246, N'f(x) + h', 0)
INSERT [dbo].[Answer] ([Id], [QuesId], [Content], [IsCorrect]) VALUES (987, 247, N'(u + v)'' = u'' + v''', 1)
INSERT [dbo].[Answer] ([Id], [QuesId], [Content], [IsCorrect]) VALUES (988, 247, N'u'' * v''', 0)
INSERT [dbo].[Answer] ([Id], [QuesId], [Content], [IsCorrect]) VALUES (989, 247, N'u/v', 0)
INSERT [dbo].[Answer] ([Id], [QuesId], [Content], [IsCorrect]) VALUES (990, 247, N'Không xác định', 0)
INSERT [dbo].[Answer] ([Id], [QuesId], [Content], [IsCorrect]) VALUES (991, 248, N'(uv) = uv + uv', 1)
INSERT [dbo].[Answer] ([Id], [QuesId], [Content], [IsCorrect]) VALUES (992, 248, N'u'' + v''', 0)
INSERT [dbo].[Answer] ([Id], [QuesId], [Content], [IsCorrect]) VALUES (993, 248, N'u/v', 0)
INSERT [dbo].[Answer] ([Id], [QuesId], [Content], [IsCorrect]) VALUES (994, 248, N'u+v', 0)
INSERT [dbo].[Answer] ([Id], [QuesId], [Content], [IsCorrect]) VALUES (995, 249, N'(u/v)= (uv - uv)/v^2', 1)
INSERT [dbo].[Answer] ([Id], [QuesId], [Content], [IsCorrect]) VALUES (996, 249, N'u+v', 0)
INSERT [dbo].[Answer] ([Id], [QuesId], [Content], [IsCorrect]) VALUES (997, 249, N'uv', 0)
INSERT [dbo].[Answer] ([Id], [QuesId], [Content], [IsCorrect]) VALUES (998, 249, N'u-v', 0)
INSERT [dbo].[Answer] ([Id], [QuesId], [Content], [IsCorrect]) VALUES (999, 250, N'(f(g(x))) = f(g(x)) * g(x)', 1)
INSERT [dbo].[Answer] ([Id], [QuesId], [Content], [IsCorrect]) VALUES (1000, 250, N'f(x) * g(x)', 0)
INSERT [dbo].[Answer] ([Id], [QuesId], [Content], [IsCorrect]) VALUES (1001, 250, N'f(x) + g(x)', 0)
GO
INSERT [dbo].[Answer] ([Id], [QuesId], [Content], [IsCorrect]) VALUES (1002, 250, N'f(g(x))', 0)
INSERT [dbo].[Answer] ([Id], [QuesId], [Content], [IsCorrect]) VALUES (1003, 251, N'cos x', 1)
INSERT [dbo].[Answer] ([Id], [QuesId], [Content], [IsCorrect]) VALUES (1004, 251, N'-sin x', 0)
INSERT [dbo].[Answer] ([Id], [QuesId], [Content], [IsCorrect]) VALUES (1005, 251, N'sin x', 0)
INSERT [dbo].[Answer] ([Id], [QuesId], [Content], [IsCorrect]) VALUES (1006, 251, N'1/x', 0)
INSERT [dbo].[Answer] ([Id], [QuesId], [Content], [IsCorrect]) VALUES (1007, 252, N'-sin x', 1)
INSERT [dbo].[Answer] ([Id], [QuesId], [Content], [IsCorrect]) VALUES (1008, 252, N'cos x', 0)
INSERT [dbo].[Answer] ([Id], [QuesId], [Content], [IsCorrect]) VALUES (1009, 252, N'sin x', 0)
INSERT [dbo].[Answer] ([Id], [QuesId], [Content], [IsCorrect]) VALUES (1010, 252, N'0', 0)
INSERT [dbo].[Answer] ([Id], [QuesId], [Content], [IsCorrect]) VALUES (1011, 253, N'1/cos^2 x', 1)
INSERT [dbo].[Answer] ([Id], [QuesId], [Content], [IsCorrect]) VALUES (1012, 253, N'cos x', 0)
INSERT [dbo].[Answer] ([Id], [QuesId], [Content], [IsCorrect]) VALUES (1013, 253, N'sin x', 0)
INSERT [dbo].[Answer] ([Id], [QuesId], [Content], [IsCorrect]) VALUES (1014, 253, N'1/x', 0)
INSERT [dbo].[Answer] ([Id], [QuesId], [Content], [IsCorrect]) VALUES (1015, 254, N'e^x', 1)
INSERT [dbo].[Answer] ([Id], [QuesId], [Content], [IsCorrect]) VALUES (1016, 254, N'x * e^x', 0)
INSERT [dbo].[Answer] ([Id], [QuesId], [Content], [IsCorrect]) VALUES (1017, 254, N'ln x', 0)
INSERT [dbo].[Answer] ([Id], [QuesId], [Content], [IsCorrect]) VALUES (1018, 254, N'0', 0)
INSERT [dbo].[Answer] ([Id], [QuesId], [Content], [IsCorrect]) VALUES (1019, 255, N'1/x', 1)
INSERT [dbo].[Answer] ([Id], [QuesId], [Content], [IsCorrect]) VALUES (1020, 255, N'ln x', 0)
INSERT [dbo].[Answer] ([Id], [QuesId], [Content], [IsCorrect]) VALUES (1021, 255, N'x', 0)
INSERT [dbo].[Answer] ([Id], [QuesId], [Content], [IsCorrect]) VALUES (1022, 255, N'x^2', 0)
INSERT [dbo].[Answer] ([Id], [QuesId], [Content], [IsCorrect]) VALUES (1023, 256, N'Liên tục tại mọi điểm có đạo hàm', 1)
INSERT [dbo].[Answer] ([Id], [QuesId], [Content], [IsCorrect]) VALUES (1024, 256, N'Không liên tục', 0)
INSERT [dbo].[Answer] ([Id], [QuesId], [Content], [IsCorrect]) VALUES (1025, 256, N'Bất liên tục tại 0', 0)
INSERT [dbo].[Answer] ([Id], [QuesId], [Content], [IsCorrect]) VALUES (1026, 256, N'Không xác định', 0)
INSERT [dbo].[Answer] ([Id], [QuesId], [Content], [IsCorrect]) VALUES (1027, 257, N'Điểm tại đó đạo hàm bằng 0 hoặc không xác định', 1)
INSERT [dbo].[Answer] ([Id], [QuesId], [Content], [IsCorrect]) VALUES (1028, 257, N'Điểm cực trị lớn nhất', 0)
INSERT [dbo].[Answer] ([Id], [QuesId], [Content], [IsCorrect]) VALUES (1029, 257, N'Điểm cực trị nhỏ nhất', 0)
INSERT [dbo].[Answer] ([Id], [QuesId], [Content], [IsCorrect]) VALUES (1030, 257, N'Không xác định', 0)
INSERT [dbo].[Answer] ([Id], [QuesId], [Content], [IsCorrect]) VALUES (1031, 258, N'Tìm các điểm cực trị dựa vào đạo hàm', 1)
INSERT [dbo].[Answer] ([Id], [QuesId], [Content], [IsCorrect]) VALUES (1032, 258, N'Tìm nghiệm', 0)
INSERT [dbo].[Answer] ([Id], [QuesId], [Content], [IsCorrect]) VALUES (1033, 258, N'Vẽ đồ thị', 0)
INSERT [dbo].[Answer] ([Id], [QuesId], [Content], [IsCorrect]) VALUES (1034, 258, N'Tính tích phân', 0)
INSERT [dbo].[Answer] ([Id], [QuesId], [Content], [IsCorrect]) VALUES (1035, 259, N'Dựa vào dấu của đạo hàm', 1)
INSERT [dbo].[Answer] ([Id], [QuesId], [Content], [IsCorrect]) VALUES (1036, 259, N'Dựa vào hàm gốc', 0)
INSERT [dbo].[Answer] ([Id], [QuesId], [Content], [IsCorrect]) VALUES (1037, 259, N'Tính nghiệm', 0)
INSERT [dbo].[Answer] ([Id], [QuesId], [Content], [IsCorrect]) VALUES (1038, 259, N'Vẽ parabol', 0)
INSERT [dbo].[Answer] ([Id], [QuesId], [Content], [IsCorrect]) VALUES (1039, 260, N'Tính tốc độ, vận tốc, tối ưu hóa', 1)
INSERT [dbo].[Answer] ([Id], [QuesId], [Content], [IsCorrect]) VALUES (1040, 260, N'Tìm nghiệm', 0)
INSERT [dbo].[Answer] ([Id], [QuesId], [Content], [IsCorrect]) VALUES (1041, 260, N'Tính diện tích', 0)
INSERT [dbo].[Answer] ([Id], [QuesId], [Content], [IsCorrect]) VALUES (1042, 260, N'Không xác định', 0)
INSERT [dbo].[Answer] ([Id], [QuesId], [Content], [IsCorrect]) VALUES (1043, 261, N'Hai tam giác có các góc bằng nhau và các cạnh tương ứng tỉ lệ', 1)
INSERT [dbo].[Answer] ([Id], [QuesId], [Content], [IsCorrect]) VALUES (1044, 261, N'Hai tam giác cân', 0)
INSERT [dbo].[Answer] ([Id], [QuesId], [Content], [IsCorrect]) VALUES (1045, 261, N'Hai tam giác đều', 0)
INSERT [dbo].[Answer] ([Id], [QuesId], [Content], [IsCorrect]) VALUES (1046, 261, N'Hai tam giác bằng nhau', 0)
INSERT [dbo].[Answer] ([Id], [QuesId], [Content], [IsCorrect]) VALUES (1047, 262, N'Khi có 3 góc bằng nhau', 1)
INSERT [dbo].[Answer] ([Id], [QuesId], [Content], [IsCorrect]) VALUES (1048, 262, N'Khi có diện tích bằng nhau', 0)
INSERT [dbo].[Answer] ([Id], [QuesId], [Content], [IsCorrect]) VALUES (1049, 262, N'Khi chu vi bằng nhau', 0)
INSERT [dbo].[Answer] ([Id], [QuesId], [Content], [IsCorrect]) VALUES (1050, 262, N'Khi độ dài cạnh bằng nhau', 0)
INSERT [dbo].[Answer] ([Id], [QuesId], [Content], [IsCorrect]) VALUES (1051, 263, N'Tỉ số giữa hai cạnh tương ứng', 1)
INSERT [dbo].[Answer] ([Id], [QuesId], [Content], [IsCorrect]) VALUES (1052, 263, N'Tổng của các cạnh', 0)
INSERT [dbo].[Answer] ([Id], [QuesId], [Content], [IsCorrect]) VALUES (1053, 263, N'Tổng các góc', 0)
INSERT [dbo].[Answer] ([Id], [QuesId], [Content], [IsCorrect]) VALUES (1054, 263, N'Chu vi', 0)
INSERT [dbo].[Answer] ([Id], [QuesId], [Content], [IsCorrect]) VALUES (1055, 264, N'G-G-G, G-C-G, C-C-C', 1)
INSERT [dbo].[Answer] ([Id], [QuesId], [Content], [IsCorrect]) VALUES (1056, 264, N'G-C-G-C', 0)
INSERT [dbo].[Answer] ([Id], [QuesId], [Content], [IsCorrect]) VALUES (1057, 264, N'G-G-C', 0)
INSERT [dbo].[Answer] ([Id], [QuesId], [Content], [IsCorrect]) VALUES (1058, 264, N'C-G-C', 0)
INSERT [dbo].[Answer] ([Id], [QuesId], [Content], [IsCorrect]) VALUES (1059, 265, N'Tính chiều cao vật khó đo', 1)
INSERT [dbo].[Answer] ([Id], [QuesId], [Content], [IsCorrect]) VALUES (1060, 265, N'Tìm trọng lượng vật', 0)
INSERT [dbo].[Answer] ([Id], [QuesId], [Content], [IsCorrect]) VALUES (1061, 265, N'Tính khối lượng', 0)
INSERT [dbo].[Answer] ([Id], [QuesId], [Content], [IsCorrect]) VALUES (1062, 265, N'Tính thời gian', 0)
INSERT [dbo].[Answer] ([Id], [QuesId], [Content], [IsCorrect]) VALUES (1063, 266, N'Góc không thay đổi khi đồng dạng', 1)
INSERT [dbo].[Answer] ([Id], [QuesId], [Content], [IsCorrect]) VALUES (1064, 266, N'Cạnh không thay đổi', 0)
INSERT [dbo].[Answer] ([Id], [QuesId], [Content], [IsCorrect]) VALUES (1065, 266, N'Chu vi không thay đổi', 0)
INSERT [dbo].[Answer] ([Id], [QuesId], [Content], [IsCorrect]) VALUES (1066, 266, N'Diện tích không thay đổi', 0)
INSERT [dbo].[Answer] ([Id], [QuesId], [Content], [IsCorrect]) VALUES (1067, 267, N'Tỉ lệ giữa các cạnh tương ứng không đổi', 1)
INSERT [dbo].[Answer] ([Id], [QuesId], [Content], [IsCorrect]) VALUES (1068, 267, N'Tổng các cạnh bằng nhau', 0)
INSERT [dbo].[Answer] ([Id], [QuesId], [Content], [IsCorrect]) VALUES (1069, 267, N'Diện tích bằng nhau', 0)
INSERT [dbo].[Answer] ([Id], [QuesId], [Content], [IsCorrect]) VALUES (1070, 267, N'Chu vi bằng nhau', 0)
INSERT [dbo].[Answer] ([Id], [QuesId], [Content], [IsCorrect]) VALUES (1071, 268, N'Hình chóp đồng dạng khi các mặt đồng dạng', 1)
INSERT [dbo].[Answer] ([Id], [QuesId], [Content], [IsCorrect]) VALUES (1072, 268, N'Cạnh đáy bằng nhau', 0)
INSERT [dbo].[Answer] ([Id], [QuesId], [Content], [IsCorrect]) VALUES (1073, 268, N'Tổng các mặt bằng nhau', 0)
INSERT [dbo].[Answer] ([Id], [QuesId], [Content], [IsCorrect]) VALUES (1074, 268, N'Chu vi bằng nhau', 0)
INSERT [dbo].[Answer] ([Id], [QuesId], [Content], [IsCorrect]) VALUES (1075, 269, N'Khi góc nhọn bằng nhau', 1)
INSERT [dbo].[Answer] ([Id], [QuesId], [Content], [IsCorrect]) VALUES (1076, 269, N'Khi cạnh góc vuông bằng nhau', 0)
INSERT [dbo].[Answer] ([Id], [QuesId], [Content], [IsCorrect]) VALUES (1077, 269, N'Khi diện tích bằng nhau', 0)
INSERT [dbo].[Answer] ([Id], [QuesId], [Content], [IsCorrect]) VALUES (1078, 269, N'Khi chiều cao bằng nhau', 0)
INSERT [dbo].[Answer] ([Id], [QuesId], [Content], [IsCorrect]) VALUES (1079, 270, N'Dùng tam giác đồng dạng để lập tỉ lệ', 1)
INSERT [dbo].[Answer] ([Id], [QuesId], [Content], [IsCorrect]) VALUES (1080, 270, N'Dùng hình vuông', 0)
INSERT [dbo].[Answer] ([Id], [QuesId], [Content], [IsCorrect]) VALUES (1081, 270, N'Dùng hình tròn', 0)
INSERT [dbo].[Answer] ([Id], [QuesId], [Content], [IsCorrect]) VALUES (1082, 270, N'Dùng hình thoi', 0)
INSERT [dbo].[Answer] ([Id], [QuesId], [Content], [IsCorrect]) VALUES (1083, 271, N'Tỉ số bình phương tỉ số đồng dạng', 1)
INSERT [dbo].[Answer] ([Id], [QuesId], [Content], [IsCorrect]) VALUES (1084, 271, N'Bằng nhau', 0)
INSERT [dbo].[Answer] ([Id], [QuesId], [Content], [IsCorrect]) VALUES (1085, 271, N'Gấp đôi', 0)
INSERT [dbo].[Answer] ([Id], [QuesId], [Content], [IsCorrect]) VALUES (1086, 271, N'Không liên quan', 0)
INSERT [dbo].[Answer] ([Id], [QuesId], [Content], [IsCorrect]) VALUES (1087, 272, N'Giữ hình dáng khi phóng to thu nhỏ', 1)
INSERT [dbo].[Answer] ([Id], [QuesId], [Content], [IsCorrect]) VALUES (1088, 272, N'Đổi màu sắc', 0)
INSERT [dbo].[Answer] ([Id], [QuesId], [Content], [IsCorrect]) VALUES (1089, 272, N'Thay đổi độ dài', 0)
INSERT [dbo].[Answer] ([Id], [QuesId], [Content], [IsCorrect]) VALUES (1090, 272, N'Không xác định', 0)
INSERT [dbo].[Answer] ([Id], [QuesId], [Content], [IsCorrect]) VALUES (1091, 273, N'Phép biến hình giữ tỉ số và góc', 1)
INSERT [dbo].[Answer] ([Id], [QuesId], [Content], [IsCorrect]) VALUES (1092, 273, N'Phép đối xứng', 0)
INSERT [dbo].[Answer] ([Id], [QuesId], [Content], [IsCorrect]) VALUES (1093, 273, N'Phép quay', 0)
INSERT [dbo].[Answer] ([Id], [QuesId], [Content], [IsCorrect]) VALUES (1094, 273, N'Phép tịnh tiến', 0)
INSERT [dbo].[Answer] ([Id], [QuesId], [Content], [IsCorrect]) VALUES (1095, 274, N'Tỉ số đồng dạng và góc quay', 1)
INSERT [dbo].[Answer] ([Id], [QuesId], [Content], [IsCorrect]) VALUES (1096, 274, N'Chỉ có tỉ số', 0)
INSERT [dbo].[Answer] ([Id], [QuesId], [Content], [IsCorrect]) VALUES (1097, 274, N'Không có thông số', 0)
INSERT [dbo].[Answer] ([Id], [QuesId], [Content], [IsCorrect]) VALUES (1098, 274, N'Chỉ có góc quay', 0)
INSERT [dbo].[Answer] ([Id], [QuesId], [Content], [IsCorrect]) VALUES (1099, 275, N'Xác định khoảng cách thực tế', 1)
INSERT [dbo].[Answer] ([Id], [QuesId], [Content], [IsCorrect]) VALUES (1100, 275, N'Xác định khối lượng', 0)
INSERT [dbo].[Answer] ([Id], [QuesId], [Content], [IsCorrect]) VALUES (1101, 275, N'Đo thời gian', 0)
GO
INSERT [dbo].[Answer] ([Id], [QuesId], [Content], [IsCorrect]) VALUES (1102, 275, N'Đo nhiệt độ', 0)
INSERT [dbo].[Answer] ([Id], [QuesId], [Content], [IsCorrect]) VALUES (1103, 276, N'Tỉ lệ giữa các cạnh tương ứng bằng nhau', 1)
INSERT [dbo].[Answer] ([Id], [QuesId], [Content], [IsCorrect]) VALUES (1104, 276, N'Cạnh bằng nhau', 0)
INSERT [dbo].[Answer] ([Id], [QuesId], [Content], [IsCorrect]) VALUES (1105, 276, N'Chu vi bằng nhau', 0)
INSERT [dbo].[Answer] ([Id], [QuesId], [Content], [IsCorrect]) VALUES (1106, 276, N'Diện tích bằng nhau', 0)
INSERT [dbo].[Answer] ([Id], [QuesId], [Content], [IsCorrect]) VALUES (1107, 277, N'Góc không đổi', 1)
INSERT [dbo].[Answer] ([Id], [QuesId], [Content], [IsCorrect]) VALUES (1108, 277, N'Chu vi không đổi', 0)
INSERT [dbo].[Answer] ([Id], [QuesId], [Content], [IsCorrect]) VALUES (1109, 277, N'Cạnh không đổi', 0)
INSERT [dbo].[Answer] ([Id], [QuesId], [Content], [IsCorrect]) VALUES (1110, 277, N'Khối lượng không đổi', 0)
INSERT [dbo].[Answer] ([Id], [QuesId], [Content], [IsCorrect]) VALUES (1111, 278, N'Tỉ lệ giữa cạnh đối xứng', 1)
INSERT [dbo].[Answer] ([Id], [QuesId], [Content], [IsCorrect]) VALUES (1112, 278, N'Chu vi đối xứng', 0)
INSERT [dbo].[Answer] ([Id], [QuesId], [Content], [IsCorrect]) VALUES (1113, 278, N'Khối lượng đối xứng', 0)
INSERT [dbo].[Answer] ([Id], [QuesId], [Content], [IsCorrect]) VALUES (1114, 278, N'Chiều cao đối xứng', 0)
INSERT [dbo].[Answer] ([Id], [QuesId], [Content], [IsCorrect]) VALUES (1115, 279, N'Ứng dụng trong xây dựng', 1)
INSERT [dbo].[Answer] ([Id], [QuesId], [Content], [IsCorrect]) VALUES (1116, 279, N'Ứng dụng trong hoá học', 0)
INSERT [dbo].[Answer] ([Id], [QuesId], [Content], [IsCorrect]) VALUES (1117, 279, N'Ứng dụng trong vật lý', 0)
INSERT [dbo].[Answer] ([Id], [QuesId], [Content], [IsCorrect]) VALUES (1118, 279, N'Ứng dụng trong âm nhạc', 0)
INSERT [dbo].[Answer] ([Id], [QuesId], [Content], [IsCorrect]) VALUES (1119, 280, N'Giúp mô hình hóa chính xác thực tế', 1)
INSERT [dbo].[Answer] ([Id], [QuesId], [Content], [IsCorrect]) VALUES (1120, 280, N'Không có ứng dụng', 0)
INSERT [dbo].[Answer] ([Id], [QuesId], [Content], [IsCorrect]) VALUES (1121, 280, N'Ứng dụng toán học', 0)
INSERT [dbo].[Answer] ([Id], [QuesId], [Content], [IsCorrect]) VALUES (1122, 280, N'Ứng dụng lý thuyết', 0)
INSERT [dbo].[Answer] ([Id], [QuesId], [Content], [IsCorrect]) VALUES (1123, 261, N'Hai tam giác có các góc bằng nhau và các cạnh tương ứng tỉ lệ', 1)
INSERT [dbo].[Answer] ([Id], [QuesId], [Content], [IsCorrect]) VALUES (1124, 261, N'Hai tam giác cân', 0)
INSERT [dbo].[Answer] ([Id], [QuesId], [Content], [IsCorrect]) VALUES (1125, 261, N'Hai tam giác đều', 0)
INSERT [dbo].[Answer] ([Id], [QuesId], [Content], [IsCorrect]) VALUES (1126, 261, N'Hai tam giác bằng nhau', 0)
INSERT [dbo].[Answer] ([Id], [QuesId], [Content], [IsCorrect]) VALUES (1127, 262, N'Khi có 3 góc bằng nhau', 1)
INSERT [dbo].[Answer] ([Id], [QuesId], [Content], [IsCorrect]) VALUES (1128, 262, N'Khi có diện tích bằng nhau', 0)
INSERT [dbo].[Answer] ([Id], [QuesId], [Content], [IsCorrect]) VALUES (1129, 262, N'Khi chu vi bằng nhau', 0)
INSERT [dbo].[Answer] ([Id], [QuesId], [Content], [IsCorrect]) VALUES (1130, 262, N'Khi độ dài cạnh bằng nhau', 0)
INSERT [dbo].[Answer] ([Id], [QuesId], [Content], [IsCorrect]) VALUES (1131, 263, N'Tỉ số giữa hai cạnh tương ứng', 1)
INSERT [dbo].[Answer] ([Id], [QuesId], [Content], [IsCorrect]) VALUES (1132, 263, N'Tổng của các cạnh', 0)
INSERT [dbo].[Answer] ([Id], [QuesId], [Content], [IsCorrect]) VALUES (1133, 263, N'Tổng các góc', 0)
INSERT [dbo].[Answer] ([Id], [QuesId], [Content], [IsCorrect]) VALUES (1134, 263, N'Chu vi', 0)
INSERT [dbo].[Answer] ([Id], [QuesId], [Content], [IsCorrect]) VALUES (1135, 264, N'G-G-G, G-C-G, C-C-C', 1)
INSERT [dbo].[Answer] ([Id], [QuesId], [Content], [IsCorrect]) VALUES (1136, 264, N'G-C-G-C', 0)
INSERT [dbo].[Answer] ([Id], [QuesId], [Content], [IsCorrect]) VALUES (1137, 264, N'G-G-C', 0)
INSERT [dbo].[Answer] ([Id], [QuesId], [Content], [IsCorrect]) VALUES (1138, 264, N'C-G-C', 0)
INSERT [dbo].[Answer] ([Id], [QuesId], [Content], [IsCorrect]) VALUES (1139, 265, N'Tính chiều cao vật khó đo', 1)
INSERT [dbo].[Answer] ([Id], [QuesId], [Content], [IsCorrect]) VALUES (1140, 265, N'Tìm trọng lượng vật', 0)
INSERT [dbo].[Answer] ([Id], [QuesId], [Content], [IsCorrect]) VALUES (1141, 265, N'Tính khối lượng', 0)
INSERT [dbo].[Answer] ([Id], [QuesId], [Content], [IsCorrect]) VALUES (1142, 265, N'Tính thời gian', 0)
INSERT [dbo].[Answer] ([Id], [QuesId], [Content], [IsCorrect]) VALUES (1143, 266, N'Góc không thay đổi khi đồng dạng', 1)
INSERT [dbo].[Answer] ([Id], [QuesId], [Content], [IsCorrect]) VALUES (1144, 266, N'Cạnh không thay đổi', 0)
INSERT [dbo].[Answer] ([Id], [QuesId], [Content], [IsCorrect]) VALUES (1145, 266, N'Chu vi không thay đổi', 0)
INSERT [dbo].[Answer] ([Id], [QuesId], [Content], [IsCorrect]) VALUES (1146, 266, N'Diện tích không thay đổi', 0)
INSERT [dbo].[Answer] ([Id], [QuesId], [Content], [IsCorrect]) VALUES (1147, 267, N'Tỉ lệ giữa các cạnh tương ứng không đổi', 1)
INSERT [dbo].[Answer] ([Id], [QuesId], [Content], [IsCorrect]) VALUES (1148, 267, N'Tổng các cạnh bằng nhau', 0)
INSERT [dbo].[Answer] ([Id], [QuesId], [Content], [IsCorrect]) VALUES (1149, 267, N'Diện tích bằng nhau', 0)
INSERT [dbo].[Answer] ([Id], [QuesId], [Content], [IsCorrect]) VALUES (1150, 267, N'Chu vi bằng nhau', 0)
INSERT [dbo].[Answer] ([Id], [QuesId], [Content], [IsCorrect]) VALUES (1151, 268, N'Hình chóp đồng dạng khi các mặt đồng dạng', 1)
INSERT [dbo].[Answer] ([Id], [QuesId], [Content], [IsCorrect]) VALUES (1152, 268, N'Cạnh đáy bằng nhau', 0)
INSERT [dbo].[Answer] ([Id], [QuesId], [Content], [IsCorrect]) VALUES (1153, 268, N'Tổng các mặt bằng nhau', 0)
INSERT [dbo].[Answer] ([Id], [QuesId], [Content], [IsCorrect]) VALUES (1154, 268, N'Chu vi bằng nhau', 0)
INSERT [dbo].[Answer] ([Id], [QuesId], [Content], [IsCorrect]) VALUES (1155, 269, N'Khi góc nhọn bằng nhau', 1)
INSERT [dbo].[Answer] ([Id], [QuesId], [Content], [IsCorrect]) VALUES (1156, 269, N'Khi cạnh góc vuông bằng nhau', 0)
INSERT [dbo].[Answer] ([Id], [QuesId], [Content], [IsCorrect]) VALUES (1157, 269, N'Khi diện tích bằng nhau', 0)
INSERT [dbo].[Answer] ([Id], [QuesId], [Content], [IsCorrect]) VALUES (1158, 269, N'Khi chiều cao bằng nhau', 0)
INSERT [dbo].[Answer] ([Id], [QuesId], [Content], [IsCorrect]) VALUES (1159, 270, N'Dùng tam giác đồng dạng để lập tỉ lệ', 1)
INSERT [dbo].[Answer] ([Id], [QuesId], [Content], [IsCorrect]) VALUES (1160, 270, N'Dùng hình vuông', 0)
INSERT [dbo].[Answer] ([Id], [QuesId], [Content], [IsCorrect]) VALUES (1161, 270, N'Dùng hình tròn', 0)
INSERT [dbo].[Answer] ([Id], [QuesId], [Content], [IsCorrect]) VALUES (1162, 270, N'Dùng hình thoi', 0)
INSERT [dbo].[Answer] ([Id], [QuesId], [Content], [IsCorrect]) VALUES (1163, 271, N'Tỉ số bình phương tỉ số đồng dạng', 1)
INSERT [dbo].[Answer] ([Id], [QuesId], [Content], [IsCorrect]) VALUES (1164, 271, N'Bằng nhau', 0)
INSERT [dbo].[Answer] ([Id], [QuesId], [Content], [IsCorrect]) VALUES (1165, 271, N'Gấp đôi', 0)
INSERT [dbo].[Answer] ([Id], [QuesId], [Content], [IsCorrect]) VALUES (1166, 271, N'Không liên quan', 0)
INSERT [dbo].[Answer] ([Id], [QuesId], [Content], [IsCorrect]) VALUES (1167, 272, N'Giữ hình dáng khi phóng to thu nhỏ', 1)
INSERT [dbo].[Answer] ([Id], [QuesId], [Content], [IsCorrect]) VALUES (1168, 272, N'Đổi màu sắc', 0)
INSERT [dbo].[Answer] ([Id], [QuesId], [Content], [IsCorrect]) VALUES (1169, 272, N'Thay đổi độ dài', 0)
INSERT [dbo].[Answer] ([Id], [QuesId], [Content], [IsCorrect]) VALUES (1170, 272, N'Không xác định', 0)
INSERT [dbo].[Answer] ([Id], [QuesId], [Content], [IsCorrect]) VALUES (1171, 273, N'Phép biến hình giữ tỉ số và góc', 1)
INSERT [dbo].[Answer] ([Id], [QuesId], [Content], [IsCorrect]) VALUES (1172, 273, N'Phép đối xứng', 0)
INSERT [dbo].[Answer] ([Id], [QuesId], [Content], [IsCorrect]) VALUES (1173, 273, N'Phép quay', 0)
INSERT [dbo].[Answer] ([Id], [QuesId], [Content], [IsCorrect]) VALUES (1174, 273, N'Phép tịnh tiến', 0)
INSERT [dbo].[Answer] ([Id], [QuesId], [Content], [IsCorrect]) VALUES (1175, 274, N'Tỉ số đồng dạng và góc quay', 1)
INSERT [dbo].[Answer] ([Id], [QuesId], [Content], [IsCorrect]) VALUES (1176, 274, N'Chỉ có tỉ số', 0)
INSERT [dbo].[Answer] ([Id], [QuesId], [Content], [IsCorrect]) VALUES (1177, 274, N'Không có thông số', 0)
INSERT [dbo].[Answer] ([Id], [QuesId], [Content], [IsCorrect]) VALUES (1178, 274, N'Chỉ có góc quay', 0)
INSERT [dbo].[Answer] ([Id], [QuesId], [Content], [IsCorrect]) VALUES (1179, 275, N'Xác định khoảng cách thực tế', 1)
INSERT [dbo].[Answer] ([Id], [QuesId], [Content], [IsCorrect]) VALUES (1180, 275, N'Xác định khối lượng', 0)
INSERT [dbo].[Answer] ([Id], [QuesId], [Content], [IsCorrect]) VALUES (1181, 275, N'Đo thời gian', 0)
INSERT [dbo].[Answer] ([Id], [QuesId], [Content], [IsCorrect]) VALUES (1182, 275, N'Đo nhiệt độ', 0)
INSERT [dbo].[Answer] ([Id], [QuesId], [Content], [IsCorrect]) VALUES (1183, 276, N'Tỉ lệ giữa các cạnh tương ứng bằng nhau', 1)
INSERT [dbo].[Answer] ([Id], [QuesId], [Content], [IsCorrect]) VALUES (1184, 276, N'Cạnh bằng nhau', 0)
INSERT [dbo].[Answer] ([Id], [QuesId], [Content], [IsCorrect]) VALUES (1185, 276, N'Chu vi bằng nhau', 0)
INSERT [dbo].[Answer] ([Id], [QuesId], [Content], [IsCorrect]) VALUES (1186, 276, N'Diện tích bằng nhau', 0)
INSERT [dbo].[Answer] ([Id], [QuesId], [Content], [IsCorrect]) VALUES (1187, 277, N'Góc không đổi', 1)
INSERT [dbo].[Answer] ([Id], [QuesId], [Content], [IsCorrect]) VALUES (1188, 277, N'Chu vi không đổi', 0)
INSERT [dbo].[Answer] ([Id], [QuesId], [Content], [IsCorrect]) VALUES (1189, 277, N'Cạnh không đổi', 0)
INSERT [dbo].[Answer] ([Id], [QuesId], [Content], [IsCorrect]) VALUES (1190, 277, N'Khối lượng không đổi', 0)
INSERT [dbo].[Answer] ([Id], [QuesId], [Content], [IsCorrect]) VALUES (1191, 278, N'Tỉ lệ giữa cạnh đối xứng', 1)
INSERT [dbo].[Answer] ([Id], [QuesId], [Content], [IsCorrect]) VALUES (1192, 278, N'Chu vi đối xứng', 0)
INSERT [dbo].[Answer] ([Id], [QuesId], [Content], [IsCorrect]) VALUES (1193, 278, N'Khối lượng đối xứng', 0)
INSERT [dbo].[Answer] ([Id], [QuesId], [Content], [IsCorrect]) VALUES (1194, 278, N'Chiều cao đối xứng', 0)
INSERT [dbo].[Answer] ([Id], [QuesId], [Content], [IsCorrect]) VALUES (1195, 279, N'Ứng dụng trong xây dựng', 1)
INSERT [dbo].[Answer] ([Id], [QuesId], [Content], [IsCorrect]) VALUES (1196, 279, N'Ứng dụng trong hoá học', 0)
INSERT [dbo].[Answer] ([Id], [QuesId], [Content], [IsCorrect]) VALUES (1197, 279, N'Ứng dụng trong vật lý', 0)
INSERT [dbo].[Answer] ([Id], [QuesId], [Content], [IsCorrect]) VALUES (1198, 279, N'Ứng dụng trong âm nhạc', 0)
INSERT [dbo].[Answer] ([Id], [QuesId], [Content], [IsCorrect]) VALUES (1199, 280, N'Giúp mô hình hóa chính xác thực tế', 1)
INSERT [dbo].[Answer] ([Id], [QuesId], [Content], [IsCorrect]) VALUES (1200, 280, N'Không có ứng dụng', 0)
INSERT [dbo].[Answer] ([Id], [QuesId], [Content], [IsCorrect]) VALUES (1201, 280, N'Ứng dụng toán học', 0)
GO
INSERT [dbo].[Answer] ([Id], [QuesId], [Content], [IsCorrect]) VALUES (1202, 280, N'Ứng dụng lý thuyết', 0)
INSERT [dbo].[Answer] ([Id], [QuesId], [Content], [IsCorrect]) VALUES (1203, 281, N'x = x0 + at, y = y0 + bt, z = z0 + ct', 1)
INSERT [dbo].[Answer] ([Id], [QuesId], [Content], [IsCorrect]) VALUES (1204, 281, N'x + y + z = d', 0)
INSERT [dbo].[Answer] ([Id], [QuesId], [Content], [IsCorrect]) VALUES (1205, 281, N'x^2 + y^2 = R^2', 0)
INSERT [dbo].[Answer] ([Id], [QuesId], [Content], [IsCorrect]) VALUES (1206, 281, N'Không có dạng', 0)
INSERT [dbo].[Answer] ([Id], [QuesId], [Content], [IsCorrect]) VALUES (1207, 282, N'(x - x0)/a = (y - y0)/b = (z - z0)/c', 1)
INSERT [dbo].[Answer] ([Id], [QuesId], [Content], [IsCorrect]) VALUES (1208, 282, N'x^2 + y^2 = R^2', 0)
INSERT [dbo].[Answer] ([Id], [QuesId], [Content], [IsCorrect]) VALUES (1209, 282, N'xyz = 0', 0)
INSERT [dbo].[Answer] ([Id], [QuesId], [Content], [IsCorrect]) VALUES (1210, 282, N'x = y = z', 0)
INSERT [dbo].[Answer] ([Id], [QuesId], [Content], [IsCorrect]) VALUES (1211, 283, N'Không đồng phẳng và không cắt nhau', 1)
INSERT [dbo].[Answer] ([Id], [QuesId], [Content], [IsCorrect]) VALUES (1212, 283, N'Cắt nhau tại 1 điểm', 0)
INSERT [dbo].[Answer] ([Id], [QuesId], [Content], [IsCorrect]) VALUES (1213, 283, N'Vuông góc', 0)
INSERT [dbo].[Answer] ([Id], [QuesId], [Content], [IsCorrect]) VALUES (1214, 283, N'Nằm trên mặt phẳng', 0)
INSERT [dbo].[Answer] ([Id], [QuesId], [Content], [IsCorrect]) VALUES (1215, 284, N'Sử dụng công thức khoảng cách điểm - đường', 1)
INSERT [dbo].[Answer] ([Id], [QuesId], [Content], [IsCorrect]) VALUES (1216, 284, N'Tính tích vô hướng', 0)
INSERT [dbo].[Answer] ([Id], [QuesId], [Content], [IsCorrect]) VALUES (1217, 284, N'Không thể tính', 0)
INSERT [dbo].[Answer] ([Id], [QuesId], [Content], [IsCorrect]) VALUES (1218, 284, N'Bằng 0', 0)
INSERT [dbo].[Answer] ([Id], [QuesId], [Content], [IsCorrect]) VALUES (1219, 285, N'A(x + By + Cz + D = 0)', 1)
INSERT [dbo].[Answer] ([Id], [QuesId], [Content], [IsCorrect]) VALUES (1220, 285, N'x + y + z = c', 0)
INSERT [dbo].[Answer] ([Id], [QuesId], [Content], [IsCorrect]) VALUES (1221, 285, N'x = y', 0)
INSERT [dbo].[Answer] ([Id], [QuesId], [Content], [IsCorrect]) VALUES (1222, 285, N'y = z', 0)
INSERT [dbo].[Answer] ([Id], [QuesId], [Content], [IsCorrect]) VALUES (1223, 286, N'(A, B, C)', 1)
INSERT [dbo].[Answer] ([Id], [QuesId], [Content], [IsCorrect]) VALUES (1224, 286, N'(x, y, z)', 0)
INSERT [dbo].[Answer] ([Id], [QuesId], [Content], [IsCorrect]) VALUES (1225, 286, N'(1, 1, 1)', 0)
INSERT [dbo].[Answer] ([Id], [QuesId], [Content], [IsCorrect]) VALUES (1226, 286, N'Không xác định', 0)
INSERT [dbo].[Answer] ([Id], [QuesId], [Content], [IsCorrect]) VALUES (1227, 287, N'Pháp tuyến tỉ lệ nhau', 1)
INSERT [dbo].[Answer] ([Id], [QuesId], [Content], [IsCorrect]) VALUES (1228, 287, N'Cùng phương trình', 0)
INSERT [dbo].[Answer] ([Id], [QuesId], [Content], [IsCorrect]) VALUES (1229, 287, N'Không có giao tuyến', 0)
INSERT [dbo].[Answer] ([Id], [QuesId], [Content], [IsCorrect]) VALUES (1230, 287, N'Vuông góc', 0)
INSERT [dbo].[Answer] ([Id], [QuesId], [Content], [IsCorrect]) VALUES (1231, 288, N'Vector chỉ phương vuông góc vector pháp tuyến', 1)
INSERT [dbo].[Answer] ([Id], [QuesId], [Content], [IsCorrect]) VALUES (1232, 288, N'Đồng phẳng', 0)
INSERT [dbo].[Answer] ([Id], [QuesId], [Content], [IsCorrect]) VALUES (1233, 288, N'Không xác định', 0)
INSERT [dbo].[Answer] ([Id], [QuesId], [Content], [IsCorrect]) VALUES (1234, 288, N'Cùng tọa độ', 0)
INSERT [dbo].[Answer] ([Id], [QuesId], [Content], [IsCorrect]) VALUES (1235, 289, N'Vector chỉ phương song song với mặt phẳng', 1)
INSERT [dbo].[Answer] ([Id], [QuesId], [Content], [IsCorrect]) VALUES (1236, 289, N'Vuông góc với pháp tuyến', 0)
INSERT [dbo].[Answer] ([Id], [QuesId], [Content], [IsCorrect]) VALUES (1237, 289, N'Không xác định', 0)
INSERT [dbo].[Answer] ([Id], [QuesId], [Content], [IsCorrect]) VALUES (1238, 289, N'Cắt nhau', 0)
INSERT [dbo].[Answer] ([Id], [QuesId], [Content], [IsCorrect]) VALUES (1239, 290, N'Tính độ dài đoạn vuông góc giữa mặt phẳng', 1)
INSERT [dbo].[Answer] ([Id], [QuesId], [Content], [IsCorrect]) VALUES (1240, 290, N'Tính diện tích', 0)
INSERT [dbo].[Answer] ([Id], [QuesId], [Content], [IsCorrect]) VALUES (1241, 290, N'Không thể tính', 0)
INSERT [dbo].[Answer] ([Id], [QuesId], [Content], [IsCorrect]) VALUES (1242, 290, N'Góc giữa mặt phẳng', 0)
INSERT [dbo].[Answer] ([Id], [QuesId], [Content], [IsCorrect]) VALUES (1243, 291, N'Giải hệ phương trình gồm PT mặt phẳng và PT đường thẳng', 1)
INSERT [dbo].[Answer] ([Id], [QuesId], [Content], [IsCorrect]) VALUES (1244, 291, N'Lấy giao điểm bất kỳ', 0)
INSERT [dbo].[Answer] ([Id], [QuesId], [Content], [IsCorrect]) VALUES (1245, 291, N'Dùng hình học', 0)
INSERT [dbo].[Answer] ([Id], [QuesId], [Content], [IsCorrect]) VALUES (1246, 291, N'Không tồn tại', 0)
INSERT [dbo].[Answer] ([Id], [QuesId], [Content], [IsCorrect]) VALUES (1247, 292, N'Vectors pháp tuyến vuông góc', 1)
INSERT [dbo].[Answer] ([Id], [QuesId], [Content], [IsCorrect]) VALUES (1248, 292, N'Pháp tuyến song song', 0)
INSERT [dbo].[Answer] ([Id], [QuesId], [Content], [IsCorrect]) VALUES (1249, 292, N'Không xác định', 0)
INSERT [dbo].[Answer] ([Id], [QuesId], [Content], [IsCorrect]) VALUES (1250, 292, N'Không cắt nhau', 0)
INSERT [dbo].[Answer] ([Id], [QuesId], [Content], [IsCorrect]) VALUES (1251, 293, N'Vector chỉ phương thỏa mãn PT mặt phẳng', 1)
INSERT [dbo].[Answer] ([Id], [QuesId], [Content], [IsCorrect]) VALUES (1252, 293, N'Pháp tuyến đồng phẳng', 0)
INSERT [dbo].[Answer] ([Id], [QuesId], [Content], [IsCorrect]) VALUES (1253, 293, N'Không xác định', 0)
INSERT [dbo].[Answer] ([Id], [QuesId], [Content], [IsCorrect]) VALUES (1254, 293, N'Nằm trong không gian', 0)
INSERT [dbo].[Answer] ([Id], [QuesId], [Content], [IsCorrect]) VALUES (1255, 294, N'Tính từ tích vô hướng và độ dài vector', 1)
INSERT [dbo].[Answer] ([Id], [QuesId], [Content], [IsCorrect]) VALUES (1256, 294, N'Từ công thức cos', 0)
INSERT [dbo].[Answer] ([Id], [QuesId], [Content], [IsCorrect]) VALUES (1257, 294, N'Từ tổng độ dài', 0)
INSERT [dbo].[Answer] ([Id], [QuesId], [Content], [IsCorrect]) VALUES (1258, 294, N'Không có công thức', 0)
INSERT [dbo].[Answer] ([Id], [QuesId], [Content], [IsCorrect]) VALUES (1259, 295, N'Dùng công thức sin của góc', 1)
INSERT [dbo].[Answer] ([Id], [QuesId], [Content], [IsCorrect]) VALUES (1260, 295, N'Không thể tính', 0)
INSERT [dbo].[Answer] ([Id], [QuesId], [Content], [IsCorrect]) VALUES (1261, 295, N'Dùng diện tích tam giác', 0)
INSERT [dbo].[Answer] ([Id], [QuesId], [Content], [IsCorrect]) VALUES (1262, 295, N'Không liên quan', 0)
INSERT [dbo].[Answer] ([Id], [QuesId], [Content], [IsCorrect]) VALUES (1263, 296, N'Khoảng cách bằng giá trị tuyệt đối của biểu thức mặt phẳng', 1)
INSERT [dbo].[Answer] ([Id], [QuesId], [Content], [IsCorrect]) VALUES (1264, 296, N'Dùng tọa độ trọng tâm', 0)
INSERT [dbo].[Answer] ([Id], [QuesId], [Content], [IsCorrect]) VALUES (1265, 296, N'Từ trung điểm', 0)
INSERT [dbo].[Answer] ([Id], [QuesId], [Content], [IsCorrect]) VALUES (1266, 296, N'Không có công thức', 0)
INSERT [dbo].[Answer] ([Id], [QuesId], [Content], [IsCorrect]) VALUES (1267, 297, N'Xây dựng mô hình 3D', 1)
INSERT [dbo].[Answer] ([Id], [QuesId], [Content], [IsCorrect]) VALUES (1268, 297, N'Tính diện tích', 0)
INSERT [dbo].[Answer] ([Id], [QuesId], [Content], [IsCorrect]) VALUES (1269, 297, N'Dựng tam giác', 0)
INSERT [dbo].[Answer] ([Id], [QuesId], [Content], [IsCorrect]) VALUES (1270, 297, N'Không liên quan', 0)
INSERT [dbo].[Answer] ([Id], [QuesId], [Content], [IsCorrect]) VALUES (1271, 298, N'Ba mặt phẳng giao nhau tại giao tuyến', 1)
INSERT [dbo].[Answer] ([Id], [QuesId], [Content], [IsCorrect]) VALUES (1272, 298, N'Không giao nhau', 0)
INSERT [dbo].[Answer] ([Id], [QuesId], [Content], [IsCorrect]) VALUES (1273, 298, N'Vuông góc', 0)
INSERT [dbo].[Answer] ([Id], [QuesId], [Content], [IsCorrect]) VALUES (1274, 298, N'Không xác định', 0)
INSERT [dbo].[Answer] ([Id], [QuesId], [Content], [IsCorrect]) VALUES (1275, 299, N'Giải hệ 2 phương trình mặt phẳng', 1)
INSERT [dbo].[Answer] ([Id], [QuesId], [Content], [IsCorrect]) VALUES (1276, 299, N'Không có giao tuyến', 0)
INSERT [dbo].[Answer] ([Id], [QuesId], [Content], [IsCorrect]) VALUES (1277, 299, N'Đồng phẳng', 0)
INSERT [dbo].[Answer] ([Id], [QuesId], [Content], [IsCorrect]) VALUES (1278, 299, N'Không xác định', 0)
INSERT [dbo].[Answer] ([Id], [QuesId], [Content], [IsCorrect]) VALUES (1279, 300, N'Xác định vị trí điểm trong không gian', 1)
INSERT [dbo].[Answer] ([Id], [QuesId], [Content], [IsCorrect]) VALUES (1280, 300, N'Tính trọng lượng', 0)
INSERT [dbo].[Answer] ([Id], [QuesId], [Content], [IsCorrect]) VALUES (1281, 300, N'Không có vai trò', 0)
INSERT [dbo].[Answer] ([Id], [QuesId], [Content], [IsCorrect]) VALUES (1282, 300, N'Dùng để tính vận tốc', 0)
INSERT [dbo].[Answer] ([Id], [QuesId], [Content], [IsCorrect]) VALUES (1283, 301, N'Một đại lượng có hướng trong không gian', 1)
INSERT [dbo].[Answer] ([Id], [QuesId], [Content], [IsCorrect]) VALUES (1284, 301, N'Một số thực', 0)
INSERT [dbo].[Answer] ([Id], [QuesId], [Content], [IsCorrect]) VALUES (1285, 301, N'Một điểm', 0)
INSERT [dbo].[Answer] ([Id], [QuesId], [Content], [IsCorrect]) VALUES (1286, 301, N'Một mặt phẳng', 0)
INSERT [dbo].[Answer] ([Id], [QuesId], [Content], [IsCorrect]) VALUES (1287, 302, N'3 thành phần: x, y, z', 1)
INSERT [dbo].[Answer] ([Id], [QuesId], [Content], [IsCorrect]) VALUES (1288, 302, N'2 thành phần', 0)
INSERT [dbo].[Answer] ([Id], [QuesId], [Content], [IsCorrect]) VALUES (1289, 302, N'1 thành phần', 0)
INSERT [dbo].[Answer] ([Id], [QuesId], [Content], [IsCorrect]) VALUES (1290, 302, N'4 thành phần', 0)
INSERT [dbo].[Answer] ([Id], [QuesId], [Content], [IsCorrect]) VALUES (1291, 303, N'Cộng từng thành phần', 1)
INSERT [dbo].[Answer] ([Id], [QuesId], [Content], [IsCorrect]) VALUES (1292, 303, N'Nhân từng thành phần', 0)
INSERT [dbo].[Answer] ([Id], [QuesId], [Content], [IsCorrect]) VALUES (1293, 303, N'Trừ từng thành phần', 0)
INSERT [dbo].[Answer] ([Id], [QuesId], [Content], [IsCorrect]) VALUES (1294, 303, N'Không xác định', 0)
INSERT [dbo].[Answer] ([Id], [QuesId], [Content], [IsCorrect]) VALUES (1295, 304, N'Nhân từng thành phần với số đó', 1)
INSERT [dbo].[Answer] ([Id], [QuesId], [Content], [IsCorrect]) VALUES (1296, 304, N'Trừ từng thành phần', 0)
INSERT [dbo].[Answer] ([Id], [QuesId], [Content], [IsCorrect]) VALUES (1297, 304, N'Cộng vào từng thành phần', 0)
INSERT [dbo].[Answer] ([Id], [QuesId], [Content], [IsCorrect]) VALUES (1298, 304, N'Không xác định', 0)
INSERT [dbo].[Answer] ([Id], [QuesId], [Content], [IsCorrect]) VALUES (1299, 305, N'Tỉ lệ giữa thành phần', 1)
INSERT [dbo].[Answer] ([Id], [QuesId], [Content], [IsCorrect]) VALUES (1300, 305, N'Tổng các thành phần', 0)
INSERT [dbo].[Answer] ([Id], [QuesId], [Content], [IsCorrect]) VALUES (1301, 305, N'Không xác định', 0)
GO
INSERT [dbo].[Answer] ([Id], [QuesId], [Content], [IsCorrect]) VALUES (1302, 305, N'Góc giữa vector', 0)
INSERT [dbo].[Answer] ([Id], [QuesId], [Content], [IsCorrect]) VALUES (1303, 306, N'Tích vô hướng bằng 0', 1)
INSERT [dbo].[Answer] ([Id], [QuesId], [Content], [IsCorrect]) VALUES (1304, 306, N'Tích có hướng bằng 0', 0)
INSERT [dbo].[Answer] ([Id], [QuesId], [Content], [IsCorrect]) VALUES (1305, 306, N'Không xác định', 0)
INSERT [dbo].[Answer] ([Id], [QuesId], [Content], [IsCorrect]) VALUES (1306, 306, N'Tổng các thành phần bằng 0', 0)
INSERT [dbo].[Answer] ([Id], [QuesId], [Content], [IsCorrect]) VALUES (1307, 307, N'Cho biết góc giữa 2 vector', 1)
INSERT [dbo].[Answer] ([Id], [QuesId], [Content], [IsCorrect]) VALUES (1308, 307, N'Cho biết khoảng cách', 0)
INSERT [dbo].[Answer] ([Id], [QuesId], [Content], [IsCorrect]) VALUES (1309, 307, N'Cho biết diện tích', 0)
INSERT [dbo].[Answer] ([Id], [QuesId], [Content], [IsCorrect]) VALUES (1310, 307, N'Không liên quan', 0)
INSERT [dbo].[Answer] ([Id], [QuesId], [Content], [IsCorrect]) VALUES (1311, 308, N'Cho biết mặt phẳng vuông góc', 1)
INSERT [dbo].[Answer] ([Id], [QuesId], [Content], [IsCorrect]) VALUES (1312, 308, N'Cho biết khoảng cách', 0)
INSERT [dbo].[Answer] ([Id], [QuesId], [Content], [IsCorrect]) VALUES (1313, 308, N'Không xác định', 0)
INSERT [dbo].[Answer] ([Id], [QuesId], [Content], [IsCorrect]) VALUES (1314, 308, N'Góc giữa vector', 0)
INSERT [dbo].[Answer] ([Id], [QuesId], [Content], [IsCorrect]) VALUES (1315, 309, N'Tính diện tích hình bình hành', 1)
INSERT [dbo].[Answer] ([Id], [QuesId], [Content], [IsCorrect]) VALUES (1316, 309, N'Tính độ dài vector', 0)
INSERT [dbo].[Answer] ([Id], [QuesId], [Content], [IsCorrect]) VALUES (1317, 309, N'Tính chu vi', 0)
INSERT [dbo].[Answer] ([Id], [QuesId], [Content], [IsCorrect]) VALUES (1318, 309, N'Không có ứng dụng', 0)
INSERT [dbo].[Answer] ([Id], [QuesId], [Content], [IsCorrect]) VALUES (1319, 310, N'Dùng 3 tọa độ x, y, z', 1)
INSERT [dbo].[Answer] ([Id], [QuesId], [Content], [IsCorrect]) VALUES (1320, 310, N'Dùng 2 tọa độ', 0)
INSERT [dbo].[Answer] ([Id], [QuesId], [Content], [IsCorrect]) VALUES (1321, 310, N'Dùng hệ cực', 0)
INSERT [dbo].[Answer] ([Id], [QuesId], [Content], [IsCorrect]) VALUES (1322, 310, N'Không biểu diễn được', 0)
INSERT [dbo].[Answer] ([Id], [QuesId], [Content], [IsCorrect]) VALUES (1323, 311, N'Xác định hướng của mặt phẳng', 1)
INSERT [dbo].[Answer] ([Id], [QuesId], [Content], [IsCorrect]) VALUES (1324, 311, N'Xác định chiều dài', 0)
INSERT [dbo].[Answer] ([Id], [QuesId], [Content], [IsCorrect]) VALUES (1325, 311, N'Không liên quan', 0)
INSERT [dbo].[Answer] ([Id], [QuesId], [Content], [IsCorrect]) VALUES (1326, 311, N'Tính diện tích', 0)
INSERT [dbo].[Answer] ([Id], [QuesId], [Content], [IsCorrect]) VALUES (1327, 312, N'Dựng hình chiếu lên trục', 1)
INSERT [dbo].[Answer] ([Id], [QuesId], [Content], [IsCorrect]) VALUES (1328, 312, N'Lấy tích vô hướng', 0)
INSERT [dbo].[Answer] ([Id], [QuesId], [Content], [IsCorrect]) VALUES (1329, 312, N'Lấy tích có hướng', 0)
INSERT [dbo].[Answer] ([Id], [QuesId], [Content], [IsCorrect]) VALUES (1330, 312, N'Tổng các thành phần', 0)
INSERT [dbo].[Answer] ([Id], [QuesId], [Content], [IsCorrect]) VALUES (1331, 313, N'Căn bậc 2 của tổng bình phương thành phần', 1)
INSERT [dbo].[Answer] ([Id], [QuesId], [Content], [IsCorrect]) VALUES (1332, 313, N'Tổng các thành phần', 0)
INSERT [dbo].[Answer] ([Id], [QuesId], [Content], [IsCorrect]) VALUES (1333, 313, N'Tích các thành phần', 0)
INSERT [dbo].[Answer] ([Id], [QuesId], [Content], [IsCorrect]) VALUES (1334, 313, N'Không có độ dài', 0)
INSERT [dbo].[Answer] ([Id], [QuesId], [Content], [IsCorrect]) VALUES (1335, 314, N'3 vector đồng phẳng khi tích có hướng bằng 0', 1)
INSERT [dbo].[Answer] ([Id], [QuesId], [Content], [IsCorrect]) VALUES (1336, 314, N'Tích vô hướng bằng 1', 0)
INSERT [dbo].[Answer] ([Id], [QuesId], [Content], [IsCorrect]) VALUES (1337, 314, N'Tổng vector bằng 0', 0)
INSERT [dbo].[Answer] ([Id], [QuesId], [Content], [IsCorrect]) VALUES (1338, 314, N'Không xác định', 0)
INSERT [dbo].[Answer] ([Id], [QuesId], [Content], [IsCorrect]) VALUES (1339, 315, N'Vector vuông góc', 1)
INSERT [dbo].[Answer] ([Id], [QuesId], [Content], [IsCorrect]) VALUES (1340, 315, N'Vector song song', 0)
INSERT [dbo].[Answer] ([Id], [QuesId], [Content], [IsCorrect]) VALUES (1341, 315, N'Không xác định', 0)
INSERT [dbo].[Answer] ([Id], [QuesId], [Content], [IsCorrect]) VALUES (1342, 315, N'Tổng bằng 0', 0)
INSERT [dbo].[Answer] ([Id], [QuesId], [Content], [IsCorrect]) VALUES (1343, 316, N'Chuyển từng thành phần theo ma trận', 1)
INSERT [dbo].[Answer] ([Id], [QuesId], [Content], [IsCorrect]) VALUES (1344, 316, N'Cộng vào từng thành phần', 0)
INSERT [dbo].[Answer] ([Id], [QuesId], [Content], [IsCorrect]) VALUES (1345, 316, N'Trừ các thành phần', 0)
INSERT [dbo].[Answer] ([Id], [QuesId], [Content], [IsCorrect]) VALUES (1346, 316, N'Không có phép đổi', 0)
INSERT [dbo].[Answer] ([Id], [QuesId], [Content], [IsCorrect]) VALUES (1347, 317, N'Mô tả lực, vận tốc', 1)
INSERT [dbo].[Answer] ([Id], [QuesId], [Content], [IsCorrect]) VALUES (1348, 317, N'Mô tả diện tích', 0)
INSERT [dbo].[Answer] ([Id], [QuesId], [Content], [IsCorrect]) VALUES (1349, 317, N'Mô tả thời gian', 0)
INSERT [dbo].[Answer] ([Id], [QuesId], [Content], [IsCorrect]) VALUES (1350, 317, N'Không có vai trò', 0)
INSERT [dbo].[Answer] ([Id], [QuesId], [Content], [IsCorrect]) VALUES (1351, 318, N'Di chuyển và xoay vật thể', 1)
INSERT [dbo].[Answer] ([Id], [QuesId], [Content], [IsCorrect]) VALUES (1352, 318, N'Tính khối lượng', 0)
INSERT [dbo].[Answer] ([Id], [QuesId], [Content], [IsCorrect]) VALUES (1353, 318, N'Tính vận tốc', 0)
INSERT [dbo].[Answer] ([Id], [QuesId], [Content], [IsCorrect]) VALUES (1354, 318, N'Không có ứng dụng', 0)
INSERT [dbo].[Answer] ([Id], [QuesId], [Content], [IsCorrect]) VALUES (1355, 319, N'Mô tả chuyển động', 1)
INSERT [dbo].[Answer] ([Id], [QuesId], [Content], [IsCorrect]) VALUES (1356, 319, N'Tính trọng lượng', 0)
INSERT [dbo].[Answer] ([Id], [QuesId], [Content], [IsCorrect]) VALUES (1357, 319, N'Tính thời gian', 0)
INSERT [dbo].[Answer] ([Id], [QuesId], [Content], [IsCorrect]) VALUES (1358, 319, N'Không liên quan', 0)
INSERT [dbo].[Answer] ([Id], [QuesId], [Content], [IsCorrect]) VALUES (1359, 320, N'Dùng tích vô hướng để tính góc', 1)
INSERT [dbo].[Answer] ([Id], [QuesId], [Content], [IsCorrect]) VALUES (1360, 320, N'Tính diện tích', 0)
INSERT [dbo].[Answer] ([Id], [QuesId], [Content], [IsCorrect]) VALUES (1361, 320, N'Tính vận tốc', 0)
INSERT [dbo].[Answer] ([Id], [QuesId], [Content], [IsCorrect]) VALUES (1362, 320, N'Không xác định', 0)
INSERT [dbo].[Answer] ([Id], [QuesId], [Content], [IsCorrect]) VALUES (1363, 341, N'Một đối tượng có phương và độ dài', 1)
INSERT [dbo].[Answer] ([Id], [QuesId], [Content], [IsCorrect]) VALUES (1364, 341, N'Một điểm', 0)
INSERT [dbo].[Answer] ([Id], [QuesId], [Content], [IsCorrect]) VALUES (1365, 341, N'Một hình tròn', 0)
INSERT [dbo].[Answer] ([Id], [QuesId], [Content], [IsCorrect]) VALUES (1366, 341, N'Một mặt phẳng', 0)
INSERT [dbo].[Answer] ([Id], [QuesId], [Content], [IsCorrect]) VALUES (1367, 342, N'3 trục', 1)
INSERT [dbo].[Answer] ([Id], [QuesId], [Content], [IsCorrect]) VALUES (1368, 342, N'2 trục', 0)
INSERT [dbo].[Answer] ([Id], [QuesId], [Content], [IsCorrect]) VALUES (1369, 342, N'4 trục', 0)
INSERT [dbo].[Answer] ([Id], [QuesId], [Content], [IsCorrect]) VALUES (1370, 342, N'1 trục', 0)
INSERT [dbo].[Answer] ([Id], [QuesId], [Content], [IsCorrect]) VALUES (1371, 343, N'√(x² + y² + z²)', 1)
INSERT [dbo].[Answer] ([Id], [QuesId], [Content], [IsCorrect]) VALUES (1372, 343, N'x + y + z', 0)
INSERT [dbo].[Answer] ([Id], [QuesId], [Content], [IsCorrect]) VALUES (1373, 343, N'|x+y+z|', 0)
INSERT [dbo].[Answer] ([Id], [QuesId], [Content], [IsCorrect]) VALUES (1374, 343, N'x² + y² + z²', 0)
INSERT [dbo].[Answer] ([Id], [QuesId], [Content], [IsCorrect]) VALUES (1375, 344, N'(x, y, z)', 1)
INSERT [dbo].[Answer] ([Id], [QuesId], [Content], [IsCorrect]) VALUES (1376, 344, N'[x, y, z]', 0)
INSERT [dbo].[Answer] ([Id], [QuesId], [Content], [IsCorrect]) VALUES (1377, 344, N'{x, y, z}', 0)
INSERT [dbo].[Answer] ([Id], [QuesId], [Content], [IsCorrect]) VALUES (1378, 344, N'(x, y)', 0)
INSERT [dbo].[Answer] ([Id], [QuesId], [Content], [IsCorrect]) VALUES (1379, 345, N'Tích vô hướng bằng 0', 1)
INSERT [dbo].[Answer] ([Id], [QuesId], [Content], [IsCorrect]) VALUES (1380, 345, N'Tích có hướng bằng 0', 0)
INSERT [dbo].[Answer] ([Id], [QuesId], [Content], [IsCorrect]) VALUES (1381, 345, N'Cùng hướng', 0)
INSERT [dbo].[Answer] ([Id], [QuesId], [Content], [IsCorrect]) VALUES (1382, 345, N'Không có điều kiện', 0)
INSERT [dbo].[Answer] ([Id], [QuesId], [Content], [IsCorrect]) VALUES (1383, 346, N'Vecto tỉ lệ nhau', 1)
INSERT [dbo].[Answer] ([Id], [QuesId], [Content], [IsCorrect]) VALUES (1384, 346, N'Cùng gốc', 0)
INSERT [dbo].[Answer] ([Id], [QuesId], [Content], [IsCorrect]) VALUES (1385, 346, N'Cùng độ dài', 0)
INSERT [dbo].[Answer] ([Id], [QuesId], [Content], [IsCorrect]) VALUES (1386, 346, N'Không xác định', 0)
INSERT [dbo].[Answer] ([Id], [QuesId], [Content], [IsCorrect]) VALUES (1387, 347, N'Vecto không', 1)
INSERT [dbo].[Answer] ([Id], [QuesId], [Content], [IsCorrect]) VALUES (1388, 347, N'Vecto đơn vị', 0)
INSERT [dbo].[Answer] ([Id], [QuesId], [Content], [IsCorrect]) VALUES (1389, 347, N'Vecto tổng', 0)
INSERT [dbo].[Answer] ([Id], [QuesId], [Content], [IsCorrect]) VALUES (1390, 347, N'Vecto khác', 0)
INSERT [dbo].[Answer] ([Id], [QuesId], [Content], [IsCorrect]) VALUES (1391, 348, N'Cộng tọa độ từng thành phần', 1)
INSERT [dbo].[Answer] ([Id], [QuesId], [Content], [IsCorrect]) VALUES (1392, 348, N'Trừ độ dài', 0)
INSERT [dbo].[Answer] ([Id], [QuesId], [Content], [IsCorrect]) VALUES (1393, 348, N'Nhân từng phần', 0)
INSERT [dbo].[Answer] ([Id], [QuesId], [Content], [IsCorrect]) VALUES (1394, 348, N'Lấy trung bình', 0)
INSERT [dbo].[Answer] ([Id], [QuesId], [Content], [IsCorrect]) VALUES (1395, 349, N'Nhân từng tọa độ với số đó', 1)
INSERT [dbo].[Answer] ([Id], [QuesId], [Content], [IsCorrect]) VALUES (1396, 349, N'Nhân độ dài', 0)
INSERT [dbo].[Answer] ([Id], [QuesId], [Content], [IsCorrect]) VALUES (1397, 349, N'Không thay đổi', 0)
INSERT [dbo].[Answer] ([Id], [QuesId], [Content], [IsCorrect]) VALUES (1398, 349, N'Không xác định', 0)
INSERT [dbo].[Answer] ([Id], [QuesId], [Content], [IsCorrect]) VALUES (1399, 350, N'Ứng dụng trong di chuyển và dựng hình', 1)
INSERT [dbo].[Answer] ([Id], [QuesId], [Content], [IsCorrect]) VALUES (1400, 350, N'Tính toán đơn giản', 0)
INSERT [dbo].[Answer] ([Id], [QuesId], [Content], [IsCorrect]) VALUES (1401, 350, N'Không ứng dụng', 0)
GO
INSERT [dbo].[Answer] ([Id], [QuesId], [Content], [IsCorrect]) VALUES (1402, 350, N'Chỉ trong toán học', 0)
INSERT [dbo].[Answer] ([Id], [QuesId], [Content], [IsCorrect]) VALUES (1403, 351, N'Các vecto đồng phẳng', 1)
INSERT [dbo].[Answer] ([Id], [QuesId], [Content], [IsCorrect]) VALUES (1404, 351, N'Cùng phương', 0)
INSERT [dbo].[Answer] ([Id], [QuesId], [Content], [IsCorrect]) VALUES (1405, 351, N'Cùng gốc', 0)
INSERT [dbo].[Answer] ([Id], [QuesId], [Content], [IsCorrect]) VALUES (1406, 351, N'Không xác định', 0)
INSERT [dbo].[Answer] ([Id], [QuesId], [Content], [IsCorrect]) VALUES (1407, 352, N'a₁b₁ + a₂b₂ + a₃b₃', 1)
INSERT [dbo].[Answer] ([Id], [QuesId], [Content], [IsCorrect]) VALUES (1408, 352, N'a₁ + b₁ + a₂ + b₂', 0)
INSERT [dbo].[Answer] ([Id], [QuesId], [Content], [IsCorrect]) VALUES (1409, 352, N'a + b', 0)
INSERT [dbo].[Answer] ([Id], [QuesId], [Content], [IsCorrect]) VALUES (1410, 352, N'Không có công thức', 0)
INSERT [dbo].[Answer] ([Id], [QuesId], [Content], [IsCorrect]) VALUES (1411, 353, N'Vecto tích có hướng = vecto vuông góc', 1)
INSERT [dbo].[Answer] ([Id], [QuesId], [Content], [IsCorrect]) VALUES (1412, 353, N'Tổng hai vecto', 0)
INSERT [dbo].[Answer] ([Id], [QuesId], [Content], [IsCorrect]) VALUES (1413, 353, N'Không liên quan', 0)
INSERT [dbo].[Answer] ([Id], [QuesId], [Content], [IsCorrect]) VALUES (1414, 353, N'Không xác định', 0)
INSERT [dbo].[Answer] ([Id], [QuesId], [Content], [IsCorrect]) VALUES (1415, 354, N'Góc giữa hai vecto', 1)
INSERT [dbo].[Answer] ([Id], [QuesId], [Content], [IsCorrect]) VALUES (1416, 354, N'Khoảng cách hai điểm', 0)
INSERT [dbo].[Answer] ([Id], [QuesId], [Content], [IsCorrect]) VALUES (1417, 354, N'Độ dài cạnh', 0)
INSERT [dbo].[Answer] ([Id], [QuesId], [Content], [IsCorrect]) VALUES (1418, 354, N'Không có', 0)
INSERT [dbo].[Answer] ([Id], [QuesId], [Content], [IsCorrect]) VALUES (1419, 355, N'Độ dài = 1', 1)
INSERT [dbo].[Answer] ([Id], [QuesId], [Content], [IsCorrect]) VALUES (1420, 355, N'Độ dài = 0', 0)
INSERT [dbo].[Answer] ([Id], [QuesId], [Content], [IsCorrect]) VALUES (1421, 355, N'Không xác định', 0)
INSERT [dbo].[Answer] ([Id], [QuesId], [Content], [IsCorrect]) VALUES (1422, 355, N'Khác 1', 0)
INSERT [dbo].[Answer] ([Id], [QuesId], [Content], [IsCorrect]) VALUES (1423, 356, N'Xác định phép tịnh tiến', 1)
INSERT [dbo].[Answer] ([Id], [QuesId], [Content], [IsCorrect]) VALUES (1424, 356, N'Tính khoảng cách', 0)
INSERT [dbo].[Answer] ([Id], [QuesId], [Content], [IsCorrect]) VALUES (1425, 356, N'Không liên quan', 0)
INSERT [dbo].[Answer] ([Id], [QuesId], [Content], [IsCorrect]) VALUES (1426, 356, N'Không có', 0)
INSERT [dbo].[Answer] ([Id], [QuesId], [Content], [IsCorrect]) VALUES (1427, 357, N'Bằng 0 khi thay vào mặt phẳng', 1)
INSERT [dbo].[Answer] ([Id], [QuesId], [Content], [IsCorrect]) VALUES (1428, 357, N'Không xác định', 0)
INSERT [dbo].[Answer] ([Id], [QuesId], [Content], [IsCorrect]) VALUES (1429, 357, N'Giao với mặt cầu', 0)
INSERT [dbo].[Answer] ([Id], [QuesId], [Content], [IsCorrect]) VALUES (1430, 357, N'Không có', 0)
INSERT [dbo].[Answer] ([Id], [QuesId], [Content], [IsCorrect]) VALUES (1431, 358, N'Giải các bài toán hình học không gian', 1)
INSERT [dbo].[Answer] ([Id], [QuesId], [Content], [IsCorrect]) VALUES (1432, 358, N'Tính đạo hàm', 0)
INSERT [dbo].[Answer] ([Id], [QuesId], [Content], [IsCorrect]) VALUES (1433, 358, N'Tính nguyên hàm', 0)
INSERT [dbo].[Answer] ([Id], [QuesId], [Content], [IsCorrect]) VALUES (1434, 358, N'Không có', 0)
INSERT [dbo].[Answer] ([Id], [QuesId], [Content], [IsCorrect]) VALUES (1435, 359, N'[(x₁+x₂)/2, (y₁+y₂)/2, (z₁+z₂)/2]', 1)
INSERT [dbo].[Answer] ([Id], [QuesId], [Content], [IsCorrect]) VALUES (1436, 359, N'(x₁+x₂)/2', 0)
INSERT [dbo].[Answer] ([Id], [QuesId], [Content], [IsCorrect]) VALUES (1437, 359, N'(x₁x₂)/2', 0)
INSERT [dbo].[Answer] ([Id], [QuesId], [Content], [IsCorrect]) VALUES (1438, 359, N'Không có', 0)
INSERT [dbo].[Answer] ([Id], [QuesId], [Content], [IsCorrect]) VALUES (1439, 360, N'Vecto vuông góc với mặt phẳng', 1)
INSERT [dbo].[Answer] ([Id], [QuesId], [Content], [IsCorrect]) VALUES (1440, 360, N'Vecto bất kỳ', 0)
INSERT [dbo].[Answer] ([Id], [QuesId], [Content], [IsCorrect]) VALUES (1441, 360, N'Không liên quan', 0)
INSERT [dbo].[Answer] ([Id], [QuesId], [Content], [IsCorrect]) VALUES (1442, 360, N'Không có', 0)
INSERT [dbo].[Answer] ([Id], [QuesId], [Content], [IsCorrect]) VALUES (1443, 361, N'Hàm số có đạo hàm bằng f(x)', 1)
INSERT [dbo].[Answer] ([Id], [QuesId], [Content], [IsCorrect]) VALUES (1444, 361, N'Giá trị cực trị', 0)
INSERT [dbo].[Answer] ([Id], [QuesId], [Content], [IsCorrect]) VALUES (1445, 361, N'Tổng nghiệm', 0)
INSERT [dbo].[Answer] ([Id], [QuesId], [Content], [IsCorrect]) VALUES (1446, 361, N'Không xác định', 0)
INSERT [dbo].[Answer] ([Id], [QuesId], [Content], [IsCorrect]) VALUES (1447, 362, N'Diện tích dưới đường cong', 1)
INSERT [dbo].[Answer] ([Id], [QuesId], [Content], [IsCorrect]) VALUES (1448, 362, N'Độ dài đoạn thẳng', 0)
INSERT [dbo].[Answer] ([Id], [QuesId], [Content], [IsCorrect]) VALUES (1449, 362, N'Chu vi hình tròn', 0)
INSERT [dbo].[Answer] ([Id], [QuesId], [Content], [IsCorrect]) VALUES (1450, 362, N'Tổng nghiệm', 0)
INSERT [dbo].[Answer] ([Id], [QuesId], [Content], [IsCorrect]) VALUES (1451, 363, N'Có vô số nguyên hàm', 1)
INSERT [dbo].[Answer] ([Id], [QuesId], [Content], [IsCorrect]) VALUES (1452, 363, N'Một nghiệm duy nhất', 0)
INSERT [dbo].[Answer] ([Id], [QuesId], [Content], [IsCorrect]) VALUES (1453, 363, N'Không có', 0)
INSERT [dbo].[Answer] ([Id], [QuesId], [Content], [IsCorrect]) VALUES (1454, 363, N'Hai nghiệm', 0)
INSERT [dbo].[Answer] ([Id], [QuesId], [Content], [IsCorrect]) VALUES (1455, 364, N'Diện tích hình phẳng', 1)
INSERT [dbo].[Answer] ([Id], [QuesId], [Content], [IsCorrect]) VALUES (1456, 364, N'Độ dốc', 0)
INSERT [dbo].[Answer] ([Id], [QuesId], [Content], [IsCorrect]) VALUES (1457, 364, N'Độ dài', 0)
INSERT [dbo].[Answer] ([Id], [QuesId], [Content], [IsCorrect]) VALUES (1458, 364, N'Không xác định', 0)
INSERT [dbo].[Answer] ([Id], [QuesId], [Content], [IsCorrect]) VALUES (1459, 365, N'c·x + C', 1)
INSERT [dbo].[Answer] ([Id], [QuesId], [Content], [IsCorrect]) VALUES (1460, 365, N'c', 0)
INSERT [dbo].[Answer] ([Id], [QuesId], [Content], [IsCorrect]) VALUES (1461, 365, N'x+c', 0)
INSERT [dbo].[Answer] ([Id], [QuesId], [Content], [IsCorrect]) VALUES (1462, 365, N'Không có', 0)
INSERT [dbo].[Answer] ([Id], [QuesId], [Content], [IsCorrect]) VALUES (1463, 366, N'Khối lượng, diện tích', 1)
INSERT [dbo].[Answer] ([Id], [QuesId], [Content], [IsCorrect]) VALUES (1464, 366, N'Góc quay', 0)
INSERT [dbo].[Answer] ([Id], [QuesId], [Content], [IsCorrect]) VALUES (1465, 366, N'Không ứng dụng', 0)
INSERT [dbo].[Answer] ([Id], [QuesId], [Content], [IsCorrect]) VALUES (1466, 366, N'Tổng nghiệm', 0)
INSERT [dbo].[Answer] ([Id], [QuesId], [Content], [IsCorrect]) VALUES (1467, 367, N'x^(n+1)/(n+1) + C', 1)
INSERT [dbo].[Answer] ([Id], [QuesId], [Content], [IsCorrect]) VALUES (1468, 367, N'x^(n-1)', 0)
INSERT [dbo].[Answer] ([Id], [QuesId], [Content], [IsCorrect]) VALUES (1469, 367, N'x^n', 0)
INSERT [dbo].[Answer] ([Id], [QuesId], [Content], [IsCorrect]) VALUES (1470, 367, N'Không có', 0)
INSERT [dbo].[Answer] ([Id], [QuesId], [Content], [IsCorrect]) VALUES (1471, 368, N'Diện tích hình phẳng', 1)
INSERT [dbo].[Answer] ([Id], [QuesId], [Content], [IsCorrect]) VALUES (1472, 368, N'Độ dài đường tròn', 0)
INSERT [dbo].[Answer] ([Id], [QuesId], [Content], [IsCorrect]) VALUES (1473, 368, N'Khối trụ', 0)
INSERT [dbo].[Answer] ([Id], [QuesId], [Content], [IsCorrect]) VALUES (1474, 368, N'Không xác định', 0)
INSERT [dbo].[Answer] ([Id], [QuesId], [Content], [IsCorrect]) VALUES (1475, 369, N'Hình phẳng giới hạn bởi đồ thị', 1)
INSERT [dbo].[Answer] ([Id], [QuesId], [Content], [IsCorrect]) VALUES (1476, 369, N'Đoạn thẳng', 0)
INSERT [dbo].[Answer] ([Id], [QuesId], [Content], [IsCorrect]) VALUES (1477, 369, N'Hình khối', 0)
INSERT [dbo].[Answer] ([Id], [QuesId], [Content], [IsCorrect]) VALUES (1478, 369, N'Không có', 0)
INSERT [dbo].[Answer] ([Id], [QuesId], [Content], [IsCorrect]) VALUES (1479, 370, N'F(b) - F(a)', 1)
INSERT [dbo].[Answer] ([Id], [QuesId], [Content], [IsCorrect]) VALUES (1480, 370, N'F(b) + F(a)', 0)
INSERT [dbo].[Answer] ([Id], [QuesId], [Content], [IsCorrect]) VALUES (1481, 370, N'F(a) - F(b)', 0)
INSERT [dbo].[Answer] ([Id], [QuesId], [Content], [IsCorrect]) VALUES (1482, 370, N'Không có', 0)
INSERT [dbo].[Answer] ([Id], [QuesId], [Content], [IsCorrect]) VALUES (1483, 371, N'Hàm số liên tục trên đoạn [a,b]', 1)
INSERT [dbo].[Answer] ([Id], [QuesId], [Content], [IsCorrect]) VALUES (1484, 371, N'Hàm số bất kỳ', 0)
INSERT [dbo].[Answer] ([Id], [QuesId], [Content], [IsCorrect]) VALUES (1485, 371, N'Hàm số rời rạc', 0)
INSERT [dbo].[Answer] ([Id], [QuesId], [Content], [IsCorrect]) VALUES (1486, 371, N'Không có điều kiện', 0)
INSERT [dbo].[Answer] ([Id], [QuesId], [Content], [IsCorrect]) VALUES (1487, 372, N'Đổi biến u = g(x)', 1)
INSERT [dbo].[Answer] ([Id], [QuesId], [Content], [IsCorrect]) VALUES (1488, 372, N'u = 1/x', 0)
INSERT [dbo].[Answer] ([Id], [QuesId], [Content], [IsCorrect]) VALUES (1489, 372, N'Không đổi biến', 0)
INSERT [dbo].[Answer] ([Id], [QuesId], [Content], [IsCorrect]) VALUES (1490, 372, N'Không xác định', 0)
INSERT [dbo].[Answer] ([Id], [QuesId], [Content], [IsCorrect]) VALUES (1491, 373, N'Tính diện tích, thể tích', 1)
INSERT [dbo].[Answer] ([Id], [QuesId], [Content], [IsCorrect]) VALUES (1492, 373, N'Tính tổng nghiệm', 0)
INSERT [dbo].[Answer] ([Id], [QuesId], [Content], [IsCorrect]) VALUES (1493, 373, N'Không có ứng dụng', 0)
INSERT [dbo].[Answer] ([Id], [QuesId], [Content], [IsCorrect]) VALUES (1494, 373, N'Không biết', 0)
INSERT [dbo].[Answer] ([Id], [QuesId], [Content], [IsCorrect]) VALUES (1495, 374, N'Nguyên hàm không có cận', 1)
INSERT [dbo].[Answer] ([Id], [QuesId], [Content], [IsCorrect]) VALUES (1496, 374, N'Tích phân có cận', 0)
INSERT [dbo].[Answer] ([Id], [QuesId], [Content], [IsCorrect]) VALUES (1497, 374, N'Đạo hàm', 0)
INSERT [dbo].[Answer] ([Id], [QuesId], [Content], [IsCorrect]) VALUES (1498, 374, N'Không biết', 0)
INSERT [dbo].[Answer] ([Id], [QuesId], [Content], [IsCorrect]) VALUES (1499, 375, N'Khi có tích của 2 hàm', 1)
INSERT [dbo].[Answer] ([Id], [QuesId], [Content], [IsCorrect]) VALUES (1500, 375, N'Khi không có tích', 0)
INSERT [dbo].[Answer] ([Id], [QuesId], [Content], [IsCorrect]) VALUES (1501, 375, N'Không cần dùng', 0)
GO
INSERT [dbo].[Answer] ([Id], [QuesId], [Content], [IsCorrect]) VALUES (1502, 375, N'Không biết', 0)
INSERT [dbo].[Answer] ([Id], [QuesId], [Content], [IsCorrect]) VALUES (1503, 376, N'Đạo hàm', 1)
INSERT [dbo].[Answer] ([Id], [QuesId], [Content], [IsCorrect]) VALUES (1504, 376, N'Tích phân', 0)
INSERT [dbo].[Answer] ([Id], [QuesId], [Content], [IsCorrect]) VALUES (1505, 376, N'Tổng nghiệm', 0)
INSERT [dbo].[Answer] ([Id], [QuesId], [Content], [IsCorrect]) VALUES (1506, 376, N'Không biết', 0)
INSERT [dbo].[Answer] ([Id], [QuesId], [Content], [IsCorrect]) VALUES (1507, 377, N'Diện tích dưới đường cong', 1)
INSERT [dbo].[Answer] ([Id], [QuesId], [Content], [IsCorrect]) VALUES (1508, 377, N'Độ dài cạnh', 0)
INSERT [dbo].[Answer] ([Id], [QuesId], [Content], [IsCorrect]) VALUES (1509, 377, N'Góc', 0)
INSERT [dbo].[Answer] ([Id], [QuesId], [Content], [IsCorrect]) VALUES (1510, 377, N'Không có', 0)
INSERT [dbo].[Answer] ([Id], [QuesId], [Content], [IsCorrect]) VALUES (1511, 378, N'Nguyên hàm của f(x)', 1)
INSERT [dbo].[Answer] ([Id], [QuesId], [Content], [IsCorrect]) VALUES (1512, 378, N'Không có', 0)
INSERT [dbo].[Answer] ([Id], [QuesId], [Content], [IsCorrect]) VALUES (1513, 378, N'Tổng nghiệm', 0)
INSERT [dbo].[Answer] ([Id], [QuesId], [Content], [IsCorrect]) VALUES (1514, 378, N'Không biết', 0)
INSERT [dbo].[Answer] ([Id], [QuesId], [Content], [IsCorrect]) VALUES (1515, 379, N'Hàm không liên tục', 1)
INSERT [dbo].[Answer] ([Id], [QuesId], [Content], [IsCorrect]) VALUES (1516, 379, N'Hàm tuyến tính', 0)
INSERT [dbo].[Answer] ([Id], [QuesId], [Content], [IsCorrect]) VALUES (1517, 379, N'Hàm đồng biến', 0)
INSERT [dbo].[Answer] ([Id], [QuesId], [Content], [IsCorrect]) VALUES (1518, 379, N'Không biết', 0)
INSERT [dbo].[Answer] ([Id], [QuesId], [Content], [IsCorrect]) VALUES (1519, 380, N'e^x + C', 1)
INSERT [dbo].[Answer] ([Id], [QuesId], [Content], [IsCorrect]) VALUES (1520, 380, N'x^e', 0)
INSERT [dbo].[Answer] ([Id], [QuesId], [Content], [IsCorrect]) VALUES (1521, 380, N'ln(x)', 0)
INSERT [dbo].[Answer] ([Id], [QuesId], [Content], [IsCorrect]) VALUES (1522, 380, N'Không có', 0)
INSERT [dbo].[Answer] ([Id], [QuesId], [Content], [IsCorrect]) VALUES (1523, 381, N'Hệ tọa độ gồm 3 trục: Oxyz', 1)
INSERT [dbo].[Answer] ([Id], [QuesId], [Content], [IsCorrect]) VALUES (1524, 381, N'Hệ tọa độ gồm 2 trục', 0)
INSERT [dbo].[Answer] ([Id], [QuesId], [Content], [IsCorrect]) VALUES (1525, 381, N'Một mặt phẳng', 0)
INSERT [dbo].[Answer] ([Id], [QuesId], [Content], [IsCorrect]) VALUES (1526, 381, N'Một hình khối', 0)
INSERT [dbo].[Answer] ([Id], [QuesId], [Content], [IsCorrect]) VALUES (1527, 382, N'(x, y, z)', 1)
INSERT [dbo].[Answer] ([Id], [QuesId], [Content], [IsCorrect]) VALUES (1528, 382, N'(x, y)', 0)
INSERT [dbo].[Answer] ([Id], [QuesId], [Content], [IsCorrect]) VALUES (1529, 382, N'[x, y, z]', 0)
INSERT [dbo].[Answer] ([Id], [QuesId], [Content], [IsCorrect]) VALUES (1530, 382, N'{x, y, z}', 0)
INSERT [dbo].[Answer] ([Id], [QuesId], [Content], [IsCorrect]) VALUES (1531, 383, N'3 trục', 1)
INSERT [dbo].[Answer] ([Id], [QuesId], [Content], [IsCorrect]) VALUES (1532, 383, N'2 trục', 0)
INSERT [dbo].[Answer] ([Id], [QuesId], [Content], [IsCorrect]) VALUES (1533, 383, N'4 trục', 0)
INSERT [dbo].[Answer] ([Id], [QuesId], [Content], [IsCorrect]) VALUES (1534, 383, N'Không có trục', 0)
INSERT [dbo].[Answer] ([Id], [QuesId], [Content], [IsCorrect]) VALUES (1535, 384, N'[(x₁+x₂)/2, (y₁+y₂)/2, (z₁+z₂)/2]', 1)
INSERT [dbo].[Answer] ([Id], [QuesId], [Content], [IsCorrect]) VALUES (1536, 384, N'(x₁+x₂)/2', 0)
INSERT [dbo].[Answer] ([Id], [QuesId], [Content], [IsCorrect]) VALUES (1537, 384, N'Không có', 0)
INSERT [dbo].[Answer] ([Id], [QuesId], [Content], [IsCorrect]) VALUES (1538, 384, N'(x₁y₁z₁)', 0)
INSERT [dbo].[Answer] ([Id], [QuesId], [Content], [IsCorrect]) VALUES (1539, 385, N'√[(x₂-x₁)² + (y₂-y₁)² + (z₂-z₁)²]', 1)
INSERT [dbo].[Answer] ([Id], [QuesId], [Content], [IsCorrect]) VALUES (1540, 385, N'(x₂-x₁) + (y₂-y₁) + (z₂-z₁)', 0)
INSERT [dbo].[Answer] ([Id], [QuesId], [Content], [IsCorrect]) VALUES (1541, 385, N'|x₂-x₁|', 0)
INSERT [dbo].[Answer] ([Id], [QuesId], [Content], [IsCorrect]) VALUES (1542, 385, N'Không có', 0)
INSERT [dbo].[Answer] ([Id], [QuesId], [Content], [IsCorrect]) VALUES (1543, 386, N'Ax + By + Cz + D = 0', 1)
INSERT [dbo].[Answer] ([Id], [QuesId], [Content], [IsCorrect]) VALUES (1544, 386, N'ax + by = c', 0)
INSERT [dbo].[Answer] ([Id], [QuesId], [Content], [IsCorrect]) VALUES (1545, 386, N'Không có', 0)
INSERT [dbo].[Answer] ([Id], [QuesId], [Content], [IsCorrect]) VALUES (1546, 386, N'Không xác định', 0)
INSERT [dbo].[Answer] ([Id], [QuesId], [Content], [IsCorrect]) VALUES (1547, 387, N'Cùng phương với vecto', 1)
INSERT [dbo].[Answer] ([Id], [QuesId], [Content], [IsCorrect]) VALUES (1548, 387, N'Không liên quan', 0)
INSERT [dbo].[Answer] ([Id], [QuesId], [Content], [IsCorrect]) VALUES (1549, 387, N'Cùng độ dài', 0)
INSERT [dbo].[Answer] ([Id], [QuesId], [Content], [IsCorrect]) VALUES (1550, 387, N'Không xác định', 0)
INSERT [dbo].[Answer] ([Id], [QuesId], [Content], [IsCorrect]) VALUES (1551, 388, N'Xác định mặt phẳng', 1)
INSERT [dbo].[Answer] ([Id], [QuesId], [Content], [IsCorrect]) VALUES (1552, 388, N'Không ảnh hưởng', 0)
INSERT [dbo].[Answer] ([Id], [QuesId], [Content], [IsCorrect]) VALUES (1553, 388, N'Chỉ dùng trong mặt cầu', 0)
INSERT [dbo].[Answer] ([Id], [QuesId], [Content], [IsCorrect]) VALUES (1554, 388, N'Không có', 0)
INSERT [dbo].[Answer] ([Id], [QuesId], [Content], [IsCorrect]) VALUES (1555, 389, N'|Ax₀ + By₀ + Cz₀ + D| / √(A² + B² + C²)', 1)
INSERT [dbo].[Answer] ([Id], [QuesId], [Content], [IsCorrect]) VALUES (1556, 389, N'|x₀ + y₀ + z₀|', 0)
INSERT [dbo].[Answer] ([Id], [QuesId], [Content], [IsCorrect]) VALUES (1557, 389, N'(x₀ + y₀)/z₀', 0)
INSERT [dbo].[Answer] ([Id], [QuesId], [Content], [IsCorrect]) VALUES (1558, 389, N'Không có', 0)
INSERT [dbo].[Answer] ([Id], [QuesId], [Content], [IsCorrect]) VALUES (1559, 390, N'(1/3)·S·h', 1)
INSERT [dbo].[Answer] ([Id], [QuesId], [Content], [IsCorrect]) VALUES (1560, 390, N'1/2·S·h', 0)
INSERT [dbo].[Answer] ([Id], [QuesId], [Content], [IsCorrect]) VALUES (1561, 390, N'V = S·h', 0)
INSERT [dbo].[Answer] ([Id], [QuesId], [Content], [IsCorrect]) VALUES (1562, 390, N'Không có', 0)
INSERT [dbo].[Answer] ([Id], [QuesId], [Content], [IsCorrect]) VALUES (1563, 391, N'a₁b₁ + a₂b₂ + a₃b₃', 1)
INSERT [dbo].[Answer] ([Id], [QuesId], [Content], [IsCorrect]) VALUES (1564, 391, N'a+b', 0)
INSERT [dbo].[Answer] ([Id], [QuesId], [Content], [IsCorrect]) VALUES (1565, 391, N'Không có công thức', 0)
INSERT [dbo].[Answer] ([Id], [QuesId], [Content], [IsCorrect]) VALUES (1566, 391, N'a₁/a₂', 0)
INSERT [dbo].[Answer] ([Id], [QuesId], [Content], [IsCorrect]) VALUES (1567, 392, N'Tích vô hướng = 0', 1)
INSERT [dbo].[Answer] ([Id], [QuesId], [Content], [IsCorrect]) VALUES (1568, 392, N'Tích có hướng = 0', 0)
INSERT [dbo].[Answer] ([Id], [QuesId], [Content], [IsCorrect]) VALUES (1569, 392, N'Không có điều kiện', 0)
INSERT [dbo].[Answer] ([Id], [QuesId], [Content], [IsCorrect]) VALUES (1570, 392, N'Bằng 1', 0)
INSERT [dbo].[Answer] ([Id], [QuesId], [Content], [IsCorrect]) VALUES (1571, 393, N'(A, B, C)', 1)
INSERT [dbo].[Answer] ([Id], [QuesId], [Content], [IsCorrect]) VALUES (1572, 393, N'[A, B, C]', 0)
INSERT [dbo].[Answer] ([Id], [QuesId], [Content], [IsCorrect]) VALUES (1573, 393, N'{A, B, C}', 0)
INSERT [dbo].[Answer] ([Id], [QuesId], [Content], [IsCorrect]) VALUES (1574, 393, N'Không có', 0)
INSERT [dbo].[Answer] ([Id], [QuesId], [Content], [IsCorrect]) VALUES (1575, 394, N'Từ tích vô hướng vecto pháp tuyến', 1)
INSERT [dbo].[Answer] ([Id], [QuesId], [Content], [IsCorrect]) VALUES (1576, 394, N'Không xác định', 0)
INSERT [dbo].[Answer] ([Id], [QuesId], [Content], [IsCorrect]) VALUES (1577, 394, N'Không có góc', 0)
INSERT [dbo].[Answer] ([Id], [QuesId], [Content], [IsCorrect]) VALUES (1578, 394, N'Không biết', 0)
INSERT [dbo].[Answer] ([Id], [QuesId], [Content], [IsCorrect]) VALUES (1579, 395, N'(1/2)|AB x AC|', 1)
INSERT [dbo].[Answer] ([Id], [QuesId], [Content], [IsCorrect]) VALUES (1580, 395, N'AB + AC', 0)
INSERT [dbo].[Answer] ([Id], [QuesId], [Content], [IsCorrect]) VALUES (1581, 395, N'AB * AC', 0)
INSERT [dbo].[Answer] ([Id], [QuesId], [Content], [IsCorrect]) VALUES (1582, 395, N'Không biết', 0)
INSERT [dbo].[Answer] ([Id], [QuesId], [Content], [IsCorrect]) VALUES (1583, 396, N'Diện tích đáy * chiều cao', 1)
INSERT [dbo].[Answer] ([Id], [QuesId], [Content], [IsCorrect]) VALUES (1584, 396, N'Tổng các cạnh', 0)
INSERT [dbo].[Answer] ([Id], [QuesId], [Content], [IsCorrect]) VALUES (1585, 396, N'Không biết', 0)
INSERT [dbo].[Answer] ([Id], [QuesId], [Content], [IsCorrect]) VALUES (1586, 396, N'Không xác định', 0)
INSERT [dbo].[Answer] ([Id], [QuesId], [Content], [IsCorrect]) VALUES (1587, 397, N'Hệ phương trình có nghiệm duy nhất', 1)
INSERT [dbo].[Answer] ([Id], [QuesId], [Content], [IsCorrect]) VALUES (1588, 397, N'Hệ vô nghiệm', 0)
INSERT [dbo].[Answer] ([Id], [QuesId], [Content], [IsCorrect]) VALUES (1589, 397, N'Không xác định', 0)
INSERT [dbo].[Answer] ([Id], [QuesId], [Content], [IsCorrect]) VALUES (1590, 397, N'Không biết', 0)
INSERT [dbo].[Answer] ([Id], [QuesId], [Content], [IsCorrect]) VALUES (1591, 398, N'Qua ma trận quay, tịnh tiến', 1)
INSERT [dbo].[Answer] ([Id], [QuesId], [Content], [IsCorrect]) VALUES (1592, 398, N'Không chuyển', 0)
INSERT [dbo].[Answer] ([Id], [QuesId], [Content], [IsCorrect]) VALUES (1593, 398, N'Không có', 0)
INSERT [dbo].[Answer] ([Id], [QuesId], [Content], [IsCorrect]) VALUES (1594, 398, N'Không biết', 0)
INSERT [dbo].[Answer] ([Id], [QuesId], [Content], [IsCorrect]) VALUES (1595, 399, N'Nghiệm hệ phương trình', 1)
INSERT [dbo].[Answer] ([Id], [QuesId], [Content], [IsCorrect]) VALUES (1596, 399, N'Không xác định', 0)
INSERT [dbo].[Answer] ([Id], [QuesId], [Content], [IsCorrect]) VALUES (1597, 399, N'Không biết', 0)
INSERT [dbo].[Answer] ([Id], [QuesId], [Content], [IsCorrect]) VALUES (1598, 399, N'Không có', 0)
INSERT [dbo].[Answer] ([Id], [QuesId], [Content], [IsCorrect]) VALUES (1599, 400, N'Mô tả vị trí không gian trong thực tế', 1)
INSERT [dbo].[Answer] ([Id], [QuesId], [Content], [IsCorrect]) VALUES (1600, 400, N'Không ứng dụng', 0)
INSERT [dbo].[Answer] ([Id], [QuesId], [Content], [IsCorrect]) VALUES (1601, 400, N'Không liên quan', 0)
GO
INSERT [dbo].[Answer] ([Id], [QuesId], [Content], [IsCorrect]) VALUES (1602, 400, N'Không có', 0)
INSERT [dbo].[Answer] ([Id], [QuesId], [Content], [IsCorrect]) VALUES (1603, 401, N'Dao động quanh vị trí cân bằng', 1)
INSERT [dbo].[Answer] ([Id], [QuesId], [Content], [IsCorrect]) VALUES (1604, 401, N'Tịnh tiến đều', 0)
INSERT [dbo].[Answer] ([Id], [QuesId], [Content], [IsCorrect]) VALUES (1605, 401, N'Quay tròn đều', 0)
INSERT [dbo].[Answer] ([Id], [QuesId], [Content], [IsCorrect]) VALUES (1606, 401, N'Chuyển động thẳng nhanh dần', 0)
INSERT [dbo].[Answer] ([Id], [QuesId], [Content], [IsCorrect]) VALUES (1607, 402, N'Thời gian 1 dao động toàn phần', 1)
INSERT [dbo].[Answer] ([Id], [QuesId], [Content], [IsCorrect]) VALUES (1608, 402, N'Tốc độ trung bình', 0)
INSERT [dbo].[Answer] ([Id], [QuesId], [Content], [IsCorrect]) VALUES (1609, 402, N'Năng lượng', 0)
INSERT [dbo].[Answer] ([Id], [QuesId], [Content], [IsCorrect]) VALUES (1610, 402, N'Quãng đường', 0)
INSERT [dbo].[Answer] ([Id], [QuesId], [Content], [IsCorrect]) VALUES (1611, 403, N'Hz', 1)
INSERT [dbo].[Answer] ([Id], [QuesId], [Content], [IsCorrect]) VALUES (1612, 403, N'Giây', 0)
INSERT [dbo].[Answer] ([Id], [QuesId], [Content], [IsCorrect]) VALUES (1613, 403, N'Newton', 0)
INSERT [dbo].[Answer] ([Id], [QuesId], [Content], [IsCorrect]) VALUES (1614, 403, N'Joule', 0)
INSERT [dbo].[Answer] ([Id], [QuesId], [Content], [IsCorrect]) VALUES (1615, 404, N'Độ lệch lớn nhất khỏi VTCB', 1)
INSERT [dbo].[Answer] ([Id], [QuesId], [Content], [IsCorrect]) VALUES (1616, 404, N'Tốc độ lớn nhất', 0)
INSERT [dbo].[Answer] ([Id], [QuesId], [Content], [IsCorrect]) VALUES (1617, 404, N'Gia tốc lớn nhất', 0)
INSERT [dbo].[Answer] ([Id], [QuesId], [Content], [IsCorrect]) VALUES (1618, 404, N'Lực', 0)
INSERT [dbo].[Answer] ([Id], [QuesId], [Content], [IsCorrect]) VALUES (1619, 405, N'Pha tại thời điểm t=0', 1)
INSERT [dbo].[Answer] ([Id], [QuesId], [Content], [IsCorrect]) VALUES (1620, 405, N'Chu kỳ dao động', 0)
INSERT [dbo].[Answer] ([Id], [QuesId], [Content], [IsCorrect]) VALUES (1621, 405, N'Tốc độ ban đầu', 0)
INSERT [dbo].[Answer] ([Id], [QuesId], [Content], [IsCorrect]) VALUES (1622, 405, N'Không liên quan', 0)
INSERT [dbo].[Answer] ([Id], [QuesId], [Content], [IsCorrect]) VALUES (1623, 406, N'v = ωA cos(ωt + φ)', 1)
INSERT [dbo].[Answer] ([Id], [QuesId], [Content], [IsCorrect]) VALUES (1624, 406, N'v = At + B', 0)
INSERT [dbo].[Answer] ([Id], [QuesId], [Content], [IsCorrect]) VALUES (1625, 406, N'v = ωt', 0)
INSERT [dbo].[Answer] ([Id], [QuesId], [Content], [IsCorrect]) VALUES (1626, 406, N'Không có công thức', 0)
INSERT [dbo].[Answer] ([Id], [QuesId], [Content], [IsCorrect]) VALUES (1627, 407, N'a = -ω² A sin(ωt + φ)', 1)
INSERT [dbo].[Answer] ([Id], [QuesId], [Content], [IsCorrect]) VALUES (1628, 407, N'a = ω t²', 0)
INSERT [dbo].[Answer] ([Id], [QuesId], [Content], [IsCorrect]) VALUES (1629, 407, N'a = -A', 0)
INSERT [dbo].[Answer] ([Id], [QuesId], [Content], [IsCorrect]) VALUES (1630, 407, N'a = t + φ', 0)
INSERT [dbo].[Answer] ([Id], [QuesId], [Content], [IsCorrect]) VALUES (1631, 408, N'Thế năng + Động năng', 1)
INSERT [dbo].[Answer] ([Id], [QuesId], [Content], [IsCorrect]) VALUES (1632, 408, N'Nhiệt năng', 0)
INSERT [dbo].[Answer] ([Id], [QuesId], [Content], [IsCorrect]) VALUES (1633, 408, N'Cơ năng', 0)
INSERT [dbo].[Answer] ([Id], [QuesId], [Content], [IsCorrect]) VALUES (1634, 408, N'Từ năng', 0)
INSERT [dbo].[Answer] ([Id], [QuesId], [Content], [IsCorrect]) VALUES (1635, 409, N'Tần số cưỡng bức bằng tần số riêng', 1)
INSERT [dbo].[Answer] ([Id], [QuesId], [Content], [IsCorrect]) VALUES (1636, 409, N'Tần số cưỡng bức bất kỳ', 0)
INSERT [dbo].[Answer] ([Id], [QuesId], [Content], [IsCorrect]) VALUES (1637, 409, N'Không liên quan', 0)
INSERT [dbo].[Answer] ([Id], [QuesId], [Content], [IsCorrect]) VALUES (1638, 409, N'Không có cộng hưởng', 0)
INSERT [dbo].[Answer] ([Id], [QuesId], [Content], [IsCorrect]) VALUES (1639, 410, N'Dạng hình sin', 1)
INSERT [dbo].[Answer] ([Id], [QuesId], [Content], [IsCorrect]) VALUES (1640, 410, N'Đường thẳng', 0)
INSERT [dbo].[Answer] ([Id], [QuesId], [Content], [IsCorrect]) VALUES (1641, 410, N'Parabol', 0)
INSERT [dbo].[Answer] ([Id], [QuesId], [Content], [IsCorrect]) VALUES (1642, 410, N'Không có dạng cố định', 0)
INSERT [dbo].[Answer] ([Id], [QuesId], [Content], [IsCorrect]) VALUES (1643, 411, N'Biên độ giảm dần theo thời gian', 1)
INSERT [dbo].[Answer] ([Id], [QuesId], [Content], [IsCorrect]) VALUES (1644, 411, N'Chu kỳ giảm', 0)
INSERT [dbo].[Answer] ([Id], [QuesId], [Content], [IsCorrect]) VALUES (1645, 411, N'Tần số giảm', 0)
INSERT [dbo].[Answer] ([Id], [QuesId], [Content], [IsCorrect]) VALUES (1646, 411, N'Năng lượng tăng', 0)
INSERT [dbo].[Answer] ([Id], [QuesId], [Content], [IsCorrect]) VALUES (1647, 412, N'Lực cản', 1)
INSERT [dbo].[Answer] ([Id], [QuesId], [Content], [IsCorrect]) VALUES (1648, 412, N'Thiếu năng lượng', 0)
INSERT [dbo].[Answer] ([Id], [QuesId], [Content], [IsCorrect]) VALUES (1649, 412, N'Áp suất lớn', 0)
INSERT [dbo].[Answer] ([Id], [QuesId], [Content], [IsCorrect]) VALUES (1650, 412, N'Không có nguyên nhân', 0)
INSERT [dbo].[Answer] ([Id], [QuesId], [Content], [IsCorrect]) VALUES (1651, 413, N'Giảm chấn, đồng hồ', 1)
INSERT [dbo].[Answer] ([Id], [QuesId], [Content], [IsCorrect]) VALUES (1652, 413, N'Máy phát sóng', 0)
INSERT [dbo].[Answer] ([Id], [QuesId], [Content], [IsCorrect]) VALUES (1653, 413, N'Không có ứng dụng', 0)
INSERT [dbo].[Answer] ([Id], [QuesId], [Content], [IsCorrect]) VALUES (1654, 413, N'Đo nhiệt độ', 0)
INSERT [dbo].[Answer] ([Id], [QuesId], [Content], [IsCorrect]) VALUES (1655, 414, N'W = 1/2 kA²', 1)
INSERT [dbo].[Answer] ([Id], [QuesId], [Content], [IsCorrect]) VALUES (1656, 414, N'W = mgh', 0)
INSERT [dbo].[Answer] ([Id], [QuesId], [Content], [IsCorrect]) VALUES (1657, 414, N'W = mv²', 0)
INSERT [dbo].[Answer] ([Id], [QuesId], [Content], [IsCorrect]) VALUES (1658, 414, N'Không biết', 0)
INSERT [dbo].[Answer] ([Id], [QuesId], [Content], [IsCorrect]) VALUES (1659, 415, N'Môi trường', 1)
INSERT [dbo].[Answer] ([Id], [QuesId], [Content], [IsCorrect]) VALUES (1660, 415, N'Nhiệt độ', 0)
INSERT [dbo].[Answer] ([Id], [QuesId], [Content], [IsCorrect]) VALUES (1661, 415, N'Máy phát', 0)
INSERT [dbo].[Answer] ([Id], [QuesId], [Content], [IsCorrect]) VALUES (1662, 415, N'Không biết', 0)
INSERT [dbo].[Answer] ([Id], [QuesId], [Content], [IsCorrect]) VALUES (1663, 416, N'Khi có ngoại lực tuần hoàn', 1)
INSERT [dbo].[Answer] ([Id], [QuesId], [Content], [IsCorrect]) VALUES (1664, 416, N'Khi không có lực', 0)
INSERT [dbo].[Answer] ([Id], [QuesId], [Content], [IsCorrect]) VALUES (1665, 416, N'Không cần ngoại lực', 0)
INSERT [dbo].[Answer] ([Id], [QuesId], [Content], [IsCorrect]) VALUES (1666, 416, N'Không có dao động', 0)
INSERT [dbo].[Answer] ([Id], [QuesId], [Content], [IsCorrect]) VALUES (1667, 417, N'Xác định dạng dao động', 1)
INSERT [dbo].[Answer] ([Id], [QuesId], [Content], [IsCorrect]) VALUES (1668, 417, N'Không ảnh hưởng', 0)
INSERT [dbo].[Answer] ([Id], [QuesId], [Content], [IsCorrect]) VALUES (1669, 417, N'Tăng năng lượng', 0)
INSERT [dbo].[Answer] ([Id], [QuesId], [Content], [IsCorrect]) VALUES (1670, 417, N'Tăng khối lượng', 0)
INSERT [dbo].[Answer] ([Id], [QuesId], [Content], [IsCorrect]) VALUES (1671, 418, N'Lực tác dụng', 1)
INSERT [dbo].[Answer] ([Id], [QuesId], [Content], [IsCorrect]) VALUES (1672, 418, N'Nhiệt độ', 0)
INSERT [dbo].[Answer] ([Id], [QuesId], [Content], [IsCorrect]) VALUES (1673, 418, N'Khối lượng', 0)
INSERT [dbo].[Answer] ([Id], [QuesId], [Content], [IsCorrect]) VALUES (1674, 418, N'Không biết', 0)
INSERT [dbo].[Answer] ([Id], [QuesId], [Content], [IsCorrect]) VALUES (1675, 419, N'Ngoại lực', 1)
INSERT [dbo].[Answer] ([Id], [QuesId], [Content], [IsCorrect]) VALUES (1676, 419, N'Nội lực', 0)
INSERT [dbo].[Answer] ([Id], [QuesId], [Content], [IsCorrect]) VALUES (1677, 419, N'Nhiệt độ', 0)
INSERT [dbo].[Answer] ([Id], [QuesId], [Content], [IsCorrect]) VALUES (1678, 419, N'Không có', 0)
INSERT [dbo].[Answer] ([Id], [QuesId], [Content], [IsCorrect]) VALUES (1679, 420, N'Biên độ cực đại khi tần số cưỡng bức = tần số riêng', 1)
INSERT [dbo].[Answer] ([Id], [QuesId], [Content], [IsCorrect]) VALUES (1680, 420, N'Biên độ giảm', 0)
INSERT [dbo].[Answer] ([Id], [QuesId], [Content], [IsCorrect]) VALUES (1681, 420, N'Không có cộng hưởng', 0)
INSERT [dbo].[Answer] ([Id], [QuesId], [Content], [IsCorrect]) VALUES (1682, 420, N'Không xác định', 0)
INSERT [dbo].[Answer] ([Id], [QuesId], [Content], [IsCorrect]) VALUES (1683, 421, N'Là dao động lan truyền trong môi trường vật chất', 1)
INSERT [dbo].[Answer] ([Id], [QuesId], [Content], [IsCorrect]) VALUES (1684, 421, N'Là ánh sáng lan truyền', 0)
INSERT [dbo].[Answer] ([Id], [QuesId], [Content], [IsCorrect]) VALUES (1685, 421, N'Là sóng điện từ', 0)
INSERT [dbo].[Answer] ([Id], [QuesId], [Content], [IsCorrect]) VALUES (1686, 421, N'Là sóng âm', 0)
INSERT [dbo].[Answer] ([Id], [QuesId], [Content], [IsCorrect]) VALUES (1687, 422, N'Phương dao động trùng với phương truyền sóng', 1)
INSERT [dbo].[Answer] ([Id], [QuesId], [Content], [IsCorrect]) VALUES (1688, 422, N'Phương dao động vuông góc với phương truyền sóng', 0)
INSERT [dbo].[Answer] ([Id], [QuesId], [Content], [IsCorrect]) VALUES (1689, 422, N'Không có dao động', 0)
INSERT [dbo].[Answer] ([Id], [QuesId], [Content], [IsCorrect]) VALUES (1690, 422, N'Trùng pha', 0)
INSERT [dbo].[Answer] ([Id], [QuesId], [Content], [IsCorrect]) VALUES (1691, 423, N'Phương dao động vuông góc với phương truyền sóng', 1)
INSERT [dbo].[Answer] ([Id], [QuesId], [Content], [IsCorrect]) VALUES (1692, 423, N'Phương dao động trùng với phương truyền sóng', 0)
INSERT [dbo].[Answer] ([Id], [QuesId], [Content], [IsCorrect]) VALUES (1693, 423, N'Không có sóng ngang', 0)
INSERT [dbo].[Answer] ([Id], [QuesId], [Content], [IsCorrect]) VALUES (1694, 423, N'Sóng điện từ', 0)
INSERT [dbo].[Answer] ([Id], [QuesId], [Content], [IsCorrect]) VALUES (1695, 424, N'Hz', 1)
INSERT [dbo].[Answer] ([Id], [QuesId], [Content], [IsCorrect]) VALUES (1696, 424, N'm/s', 0)
INSERT [dbo].[Answer] ([Id], [QuesId], [Content], [IsCorrect]) VALUES (1697, 424, N'N', 0)
INSERT [dbo].[Answer] ([Id], [QuesId], [Content], [IsCorrect]) VALUES (1698, 424, N'J', 0)
INSERT [dbo].[Answer] ([Id], [QuesId], [Content], [IsCorrect]) VALUES (1699, 425, N'Khoảng cách giữa hai điểm dao động cùng pha gần nhau', 1)
INSERT [dbo].[Answer] ([Id], [QuesId], [Content], [IsCorrect]) VALUES (1700, 425, N'Tốc độ truyền sóng', 0)
INSERT [dbo].[Answer] ([Id], [QuesId], [Content], [IsCorrect]) VALUES (1701, 425, N'Năng lượng', 0)
GO
INSERT [dbo].[Answer] ([Id], [QuesId], [Content], [IsCorrect]) VALUES (1702, 425, N'Chu kỳ', 0)
INSERT [dbo].[Answer] ([Id], [QuesId], [Content], [IsCorrect]) VALUES (1703, 426, N'v = λ f', 1)
INSERT [dbo].[Answer] ([Id], [QuesId], [Content], [IsCorrect]) VALUES (1704, 426, N'v = λ + f', 0)
INSERT [dbo].[Answer] ([Id], [QuesId], [Content], [IsCorrect]) VALUES (1705, 426, N'v = λ / f', 0)
INSERT [dbo].[Answer] ([Id], [QuesId], [Content], [IsCorrect]) VALUES (1706, 426, N'v = λ * T', 0)
INSERT [dbo].[Answer] ([Id], [QuesId], [Content], [IsCorrect]) VALUES (1707, 427, N'Ngược pha', 1)
INSERT [dbo].[Answer] ([Id], [QuesId], [Content], [IsCorrect]) VALUES (1708, 427, N'Không thay đổi pha', 0)
INSERT [dbo].[Answer] ([Id], [QuesId], [Content], [IsCorrect]) VALUES (1709, 427, N'Trùng pha', 0)
INSERT [dbo].[Answer] ([Id], [QuesId], [Content], [IsCorrect]) VALUES (1710, 427, N'Không có sóng phản xạ', 0)
INSERT [dbo].[Answer] ([Id], [QuesId], [Content], [IsCorrect]) VALUES (1711, 428, N'Hai sóng gặp nhau tại điểm có dao động', 1)
INSERT [dbo].[Answer] ([Id], [QuesId], [Content], [IsCorrect]) VALUES (1712, 428, N'Hai sóng triệt tiêu nhau', 0)
INSERT [dbo].[Answer] ([Id], [QuesId], [Content], [IsCorrect]) VALUES (1713, 428, N'Hai sóng không ảnh hưởng', 0)
INSERT [dbo].[Answer] ([Id], [QuesId], [Content], [IsCorrect]) VALUES (1714, 428, N'Không có giao thoa', 0)
INSERT [dbo].[Answer] ([Id], [QuesId], [Content], [IsCorrect]) VALUES (1715, 429, N'Độ lệch pha = 2kπ', 1)
INSERT [dbo].[Answer] ([Id], [QuesId], [Content], [IsCorrect]) VALUES (1716, 429, N'Độ lệch pha = (2k+1)π', 0)
INSERT [dbo].[Answer] ([Id], [QuesId], [Content], [IsCorrect]) VALUES (1717, 429, N'Không phụ thuộc pha', 0)
INSERT [dbo].[Answer] ([Id], [QuesId], [Content], [IsCorrect]) VALUES (1718, 429, N'Không có cực đại', 0)
INSERT [dbo].[Answer] ([Id], [QuesId], [Content], [IsCorrect]) VALUES (1719, 430, N'Độ lệch pha = (2k+1)π', 1)
INSERT [dbo].[Answer] ([Id], [QuesId], [Content], [IsCorrect]) VALUES (1720, 430, N'Độ lệch pha = 2kπ', 0)
INSERT [dbo].[Answer] ([Id], [QuesId], [Content], [IsCorrect]) VALUES (1721, 430, N'Không phụ thuộc pha', 0)
INSERT [dbo].[Answer] ([Id], [QuesId], [Content], [IsCorrect]) VALUES (1722, 430, N'Không có cực tiểu', 0)
INSERT [dbo].[Answer] ([Id], [QuesId], [Content], [IsCorrect]) VALUES (1723, 431, N'Sóng phản xạ giao thoa với sóng tới', 1)
INSERT [dbo].[Answer] ([Id], [QuesId], [Content], [IsCorrect]) VALUES (1724, 431, N'Sóng mất hoàn toàn', 0)
INSERT [dbo].[Answer] ([Id], [QuesId], [Content], [IsCorrect]) VALUES (1725, 431, N'Không có sóng dừng', 0)
INSERT [dbo].[Answer] ([Id], [QuesId], [Content], [IsCorrect]) VALUES (1726, 431, N'Sóng tăng biên độ', 0)
INSERT [dbo].[Answer] ([Id], [QuesId], [Content], [IsCorrect]) VALUES (1727, 432, N'Điểm không dao động', 1)
INSERT [dbo].[Answer] ([Id], [QuesId], [Content], [IsCorrect]) VALUES (1728, 432, N'Điểm dao động lớn nhất', 0)
INSERT [dbo].[Answer] ([Id], [QuesId], [Content], [IsCorrect]) VALUES (1729, 432, N'Điểm dao động bình thường', 0)
INSERT [dbo].[Answer] ([Id], [QuesId], [Content], [IsCorrect]) VALUES (1730, 432, N'Không xác định', 0)
INSERT [dbo].[Answer] ([Id], [QuesId], [Content], [IsCorrect]) VALUES (1731, 433, N'Điểm dao động cực đại', 1)
INSERT [dbo].[Answer] ([Id], [QuesId], [Content], [IsCorrect]) VALUES (1732, 433, N'Điểm không dao động', 0)
INSERT [dbo].[Answer] ([Id], [QuesId], [Content], [IsCorrect]) VALUES (1733, 433, N'Không có bụng sóng', 0)
INSERT [dbo].[Answer] ([Id], [QuesId], [Content], [IsCorrect]) VALUES (1734, 433, N'Không liên quan', 0)
INSERT [dbo].[Answer] ([Id], [QuesId], [Content], [IsCorrect]) VALUES (1735, 434, N'Đo đạc sóng địa chấn', 1)
INSERT [dbo].[Answer] ([Id], [QuesId], [Content], [IsCorrect]) VALUES (1736, 434, N'Sản xuất điện', 0)
INSERT [dbo].[Answer] ([Id], [QuesId], [Content], [IsCorrect]) VALUES (1737, 434, N'Không có ứng dụng', 0)
INSERT [dbo].[Answer] ([Id], [QuesId], [Content], [IsCorrect]) VALUES (1738, 434, N'Tạo âm thanh', 0)
INSERT [dbo].[Answer] ([Id], [QuesId], [Content], [IsCorrect]) VALUES (1739, 435, N'v = λ f', 1)
INSERT [dbo].[Answer] ([Id], [QuesId], [Content], [IsCorrect]) VALUES (1740, 435, N'v = λ + f', 0)
INSERT [dbo].[Answer] ([Id], [QuesId], [Content], [IsCorrect]) VALUES (1741, 435, N'v = λ / f', 0)
INSERT [dbo].[Answer] ([Id], [QuesId], [Content], [IsCorrect]) VALUES (1742, 435, N'v = T / λ', 0)
INSERT [dbo].[Answer] ([Id], [QuesId], [Content], [IsCorrect]) VALUES (1743, 436, N'Ngược pha', 1)
INSERT [dbo].[Answer] ([Id], [QuesId], [Content], [IsCorrect]) VALUES (1744, 436, N'Không đổi pha', 0)
INSERT [dbo].[Answer] ([Id], [QuesId], [Content], [IsCorrect]) VALUES (1745, 436, N'Trùng pha', 0)
INSERT [dbo].[Answer] ([Id], [QuesId], [Content], [IsCorrect]) VALUES (1746, 436, N'Không có sóng', 0)
INSERT [dbo].[Answer] ([Id], [QuesId], [Content], [IsCorrect]) VALUES (1747, 437, N'Không đổi pha', 1)
INSERT [dbo].[Answer] ([Id], [QuesId], [Content], [IsCorrect]) VALUES (1748, 437, N'Ngược pha', 0)
INSERT [dbo].[Answer] ([Id], [QuesId], [Content], [IsCorrect]) VALUES (1749, 437, N'Trùng pha', 0)
INSERT [dbo].[Answer] ([Id], [QuesId], [Content], [IsCorrect]) VALUES (1750, 437, N'Không có sóng', 0)
INSERT [dbo].[Answer] ([Id], [QuesId], [Content], [IsCorrect]) VALUES (1751, 438, N'Tổng biên độ hai sóng', 1)
INSERT [dbo].[Answer] ([Id], [QuesId], [Content], [IsCorrect]) VALUES (1752, 438, N'Hiệu biên độ', 0)
INSERT [dbo].[Answer] ([Id], [QuesId], [Content], [IsCorrect]) VALUES (1753, 438, N'Biên độ sóng tới', 0)
INSERT [dbo].[Answer] ([Id], [QuesId], [Content], [IsCorrect]) VALUES (1754, 438, N'Không thay đổi', 0)
INSERT [dbo].[Answer] ([Id], [QuesId], [Content], [IsCorrect]) VALUES (1755, 439, N'Biên độ sóng', 1)
INSERT [dbo].[Answer] ([Id], [QuesId], [Content], [IsCorrect]) VALUES (1756, 439, N'Tần số', 0)
INSERT [dbo].[Answer] ([Id], [QuesId], [Content], [IsCorrect]) VALUES (1757, 439, N'Chu kỳ', 0)
INSERT [dbo].[Answer] ([Id], [QuesId], [Content], [IsCorrect]) VALUES (1758, 439, N'Không phụ thuộc', 0)
INSERT [dbo].[Answer] ([Id], [QuesId], [Content], [IsCorrect]) VALUES (1759, 440, N'Sóng truyền đi mang năng lượng', 1)
INSERT [dbo].[Answer] ([Id], [QuesId], [Content], [IsCorrect]) VALUES (1760, 440, N'Không truyền năng lượng', 0)
INSERT [dbo].[Answer] ([Id], [QuesId], [Content], [IsCorrect]) VALUES (1761, 440, N'Không lan truyền', 0)
INSERT [dbo].[Answer] ([Id], [QuesId], [Content], [IsCorrect]) VALUES (1762, 440, N'Không có sóng cơ', 0)
INSERT [dbo].[Answer] ([Id], [QuesId], [Content], [IsCorrect]) VALUES (1763, 441, N'Dòng điện có cường độ biến thiên theo thời gian', 1)
INSERT [dbo].[Answer] ([Id], [QuesId], [Content], [IsCorrect]) VALUES (1764, 441, N'Dòng điện không đổi', 0)
INSERT [dbo].[Answer] ([Id], [QuesId], [Content], [IsCorrect]) VALUES (1765, 441, N'Dòng điện một chiều', 0)
INSERT [dbo].[Answer] ([Id], [QuesId], [Content], [IsCorrect]) VALUES (1766, 441, N'Dòng điện tĩnh', 0)
INSERT [dbo].[Answer] ([Id], [QuesId], [Content], [IsCorrect]) VALUES (1767, 442, N'I = I₀ cos(ωt + φ)', 1)
INSERT [dbo].[Answer] ([Id], [QuesId], [Content], [IsCorrect]) VALUES (1768, 442, N'I = I₀ + ωt', 0)
INSERT [dbo].[Answer] ([Id], [QuesId], [Content], [IsCorrect]) VALUES (1769, 442, N'I = ω t²', 0)
INSERT [dbo].[Answer] ([Id], [QuesId], [Content], [IsCorrect]) VALUES (1770, 442, N'I = U / R', 0)
INSERT [dbo].[Answer] ([Id], [QuesId], [Content], [IsCorrect]) VALUES (1771, 443, N'Thời gian 1 chu kỳ biến thiên hoàn chỉnh', 1)
INSERT [dbo].[Answer] ([Id], [QuesId], [Content], [IsCorrect]) VALUES (1772, 443, N'Tốc độ dòng điện', 0)
INSERT [dbo].[Answer] ([Id], [QuesId], [Content], [IsCorrect]) VALUES (1773, 443, N'Pha của điện áp', 0)
INSERT [dbo].[Answer] ([Id], [QuesId], [Content], [IsCorrect]) VALUES (1774, 443, N'Công suất dòng điện', 0)
INSERT [dbo].[Answer] ([Id], [QuesId], [Content], [IsCorrect]) VALUES (1775, 444, N'Hz', 1)
INSERT [dbo].[Answer] ([Id], [QuesId], [Content], [IsCorrect]) VALUES (1776, 444, N'V', 0)
INSERT [dbo].[Answer] ([Id], [QuesId], [Content], [IsCorrect]) VALUES (1777, 444, N'A', 0)
INSERT [dbo].[Answer] ([Id], [QuesId], [Content], [IsCorrect]) VALUES (1778, 444, N'Ω', 0)
INSERT [dbo].[Answer] ([Id], [QuesId], [Content], [IsCorrect]) VALUES (1779, 445, N'U = U₀ cos(ωt + φ)', 1)
INSERT [dbo].[Answer] ([Id], [QuesId], [Content], [IsCorrect]) VALUES (1780, 445, N'U = U₀ sin(ωt)', 0)
INSERT [dbo].[Answer] ([Id], [QuesId], [Content], [IsCorrect]) VALUES (1781, 445, N'U = R I', 0)
INSERT [dbo].[Answer] ([Id], [QuesId], [Content], [IsCorrect]) VALUES (1782, 445, N'U = ω L', 0)
INSERT [dbo].[Answer] ([Id], [QuesId], [Content], [IsCorrect]) VALUES (1783, 446, N'Ueff = U₀ / √2', 1)
INSERT [dbo].[Answer] ([Id], [QuesId], [Content], [IsCorrect]) VALUES (1784, 446, N'Ueff = U₀ * 2', 0)
INSERT [dbo].[Answer] ([Id], [QuesId], [Content], [IsCorrect]) VALUES (1785, 446, N'Ueff = √2 * U₀', 0)
INSERT [dbo].[Answer] ([Id], [QuesId], [Content], [IsCorrect]) VALUES (1786, 446, N'Ueff = 2 U₀', 0)
INSERT [dbo].[Answer] ([Id], [QuesId], [Content], [IsCorrect]) VALUES (1787, 447, N'Góc lệch của dòng điện so với điện áp', 1)
INSERT [dbo].[Answer] ([Id], [QuesId], [Content], [IsCorrect]) VALUES (1788, 447, N'Biên độ dòng điện', 0)
INSERT [dbo].[Answer] ([Id], [QuesId], [Content], [IsCorrect]) VALUES (1789, 447, N'Tần số dòng điện', 0)
INSERT [dbo].[Answer] ([Id], [QuesId], [Content], [IsCorrect]) VALUES (1790, 447, N'Không có khái niệm', 0)
INSERT [dbo].[Answer] ([Id], [QuesId], [Content], [IsCorrect]) VALUES (1791, 448, N'ZL = ωL', 1)
INSERT [dbo].[Answer] ([Id], [QuesId], [Content], [IsCorrect]) VALUES (1792, 448, N'ZL = R', 0)
INSERT [dbo].[Answer] ([Id], [QuesId], [Content], [IsCorrect]) VALUES (1793, 448, N'ZL = 1/ωC', 0)
INSERT [dbo].[Answer] ([Id], [QuesId], [Content], [IsCorrect]) VALUES (1794, 448, N'ZL = ωC', 0)
INSERT [dbo].[Answer] ([Id], [QuesId], [Content], [IsCorrect]) VALUES (1795, 449, N'ZC = 1 / (ωC)', 1)
INSERT [dbo].[Answer] ([Id], [QuesId], [Content], [IsCorrect]) VALUES (1796, 449, N'ZC = ωC', 0)
INSERT [dbo].[Answer] ([Id], [QuesId], [Content], [IsCorrect]) VALUES (1797, 449, N'ZC = ωL', 0)
INSERT [dbo].[Answer] ([Id], [QuesId], [Content], [IsCorrect]) VALUES (1798, 449, N'ZC = R', 0)
INSERT [dbo].[Answer] ([Id], [QuesId], [Content], [IsCorrect]) VALUES (1799, 450, N'Khi ZL = ZC', 1)
INSERT [dbo].[Answer] ([Id], [QuesId], [Content], [IsCorrect]) VALUES (1800, 450, N'Khi R = ZC', 0)
INSERT [dbo].[Answer] ([Id], [QuesId], [Content], [IsCorrect]) VALUES (1801, 450, N'Khi ω = 0', 0)
GO
INSERT [dbo].[Answer] ([Id], [QuesId], [Content], [IsCorrect]) VALUES (1802, 450, N'Khi U = 0', 0)
INSERT [dbo].[Answer] ([Id], [QuesId], [Content], [IsCorrect]) VALUES (1803, 451, N'P = Ueff Ieff cosφ', 1)
INSERT [dbo].[Answer] ([Id], [QuesId], [Content], [IsCorrect]) VALUES (1804, 451, N'P = Ueff Ieff sinφ', 0)
INSERT [dbo].[Answer] ([Id], [QuesId], [Content], [IsCorrect]) VALUES (1805, 451, N'P = U I', 0)
INSERT [dbo].[Answer] ([Id], [QuesId], [Content], [IsCorrect]) VALUES (1806, 451, N'P = U² / R', 0)
INSERT [dbo].[Answer] ([Id], [QuesId], [Content], [IsCorrect]) VALUES (1807, 452, N'cosφ', 1)
INSERT [dbo].[Answer] ([Id], [QuesId], [Content], [IsCorrect]) VALUES (1808, 452, N'sinφ', 0)
INSERT [dbo].[Answer] ([Id], [QuesId], [Content], [IsCorrect]) VALUES (1809, 452, N'tanφ', 0)
INSERT [dbo].[Answer] ([Id], [QuesId], [Content], [IsCorrect]) VALUES (1810, 452, N'cotφ', 0)
INSERT [dbo].[Answer] ([Id], [QuesId], [Content], [IsCorrect]) VALUES (1811, 453, N'Đánh giá mức độ tiết kiệm năng lượng', 1)
INSERT [dbo].[Answer] ([Id], [QuesId], [Content], [IsCorrect]) VALUES (1812, 453, N'Đánh giá độ sáng', 0)
INSERT [dbo].[Answer] ([Id], [QuesId], [Content], [IsCorrect]) VALUES (1813, 453, N'Đánh giá điện áp', 0)
INSERT [dbo].[Answer] ([Id], [QuesId], [Content], [IsCorrect]) VALUES (1814, 453, N'Không có ý nghĩa', 0)
INSERT [dbo].[Answer] ([Id], [QuesId], [Content], [IsCorrect]) VALUES (1815, 454, N'ZL = ZC', 1)
INSERT [dbo].[Answer] ([Id], [QuesId], [Content], [IsCorrect]) VALUES (1816, 454, N'R = 0', 0)
INSERT [dbo].[Answer] ([Id], [QuesId], [Content], [IsCorrect]) VALUES (1817, 454, N'ω = 0', 0)
INSERT [dbo].[Answer] ([Id], [QuesId], [Content], [IsCorrect]) VALUES (1818, 454, N'Z = ∞', 0)
INSERT [dbo].[Answer] ([Id], [QuesId], [Content], [IsCorrect]) VALUES (1819, 455, N'Máy biến áp, động cơ điện', 1)
INSERT [dbo].[Answer] ([Id], [QuesId], [Content], [IsCorrect]) VALUES (1820, 455, N'Chế tạo pin', 0)
INSERT [dbo].[Answer] ([Id], [QuesId], [Content], [IsCorrect]) VALUES (1821, 455, N'Máy đo nhiệt độ', 0)
INSERT [dbo].[Answer] ([Id], [QuesId], [Content], [IsCorrect]) VALUES (1822, 455, N'Máy phát ánh sáng', 0)
INSERT [dbo].[Answer] ([Id], [QuesId], [Content], [IsCorrect]) VALUES (1823, 456, N'Khi φ = 0', 1)
INSERT [dbo].[Answer] ([Id], [QuesId], [Content], [IsCorrect]) VALUES (1824, 456, N'Khi φ = π/2', 0)
INSERT [dbo].[Answer] ([Id], [QuesId], [Content], [IsCorrect]) VALUES (1825, 456, N'Khi φ = π', 0)
INSERT [dbo].[Answer] ([Id], [QuesId], [Content], [IsCorrect]) VALUES (1826, 456, N'Khi φ = -π/2', 0)
INSERT [dbo].[Answer] ([Id], [QuesId], [Content], [IsCorrect]) VALUES (1827, 457, N'Không tồn tại', 1)
INSERT [dbo].[Answer] ([Id], [QuesId], [Content], [IsCorrect]) VALUES (1828, 457, N'Có trị số cực đại', 0)
INSERT [dbo].[Answer] ([Id], [QuesId], [Content], [IsCorrect]) VALUES (1829, 457, N'Phụ thuộc tần số', 0)
INSERT [dbo].[Answer] ([Id], [QuesId], [Content], [IsCorrect]) VALUES (1830, 457, N'Không xác định', 0)
INSERT [dbo].[Answer] ([Id], [QuesId], [Content], [IsCorrect]) VALUES (1831, 458, N'Mạch có cộng hưởng khi ZL = ZC', 1)
INSERT [dbo].[Answer] ([Id], [QuesId], [Content], [IsCorrect]) VALUES (1832, 458, N'Mạch không cộng hưởng', 0)
INSERT [dbo].[Answer] ([Id], [QuesId], [Content], [IsCorrect]) VALUES (1833, 458, N'Mạch dao động', 0)
INSERT [dbo].[Answer] ([Id], [QuesId], [Content], [IsCorrect]) VALUES (1834, 458, N'Mạch hở', 0)
INSERT [dbo].[Answer] ([Id], [QuesId], [Content], [IsCorrect]) VALUES (1835, 459, N'ω = 1/√(LC)', 1)
INSERT [dbo].[Answer] ([Id], [QuesId], [Content], [IsCorrect]) VALUES (1836, 459, N'ω = √(LC)', 0)
INSERT [dbo].[Answer] ([Id], [QuesId], [Content], [IsCorrect]) VALUES (1837, 459, N'ω = L/C', 0)
INSERT [dbo].[Answer] ([Id], [QuesId], [Content], [IsCorrect]) VALUES (1838, 459, N'ω = C/L', 0)
INSERT [dbo].[Answer] ([Id], [QuesId], [Content], [IsCorrect]) VALUES (1839, 460, N'Q = ω L / R', 1)
INSERT [dbo].[Answer] ([Id], [QuesId], [Content], [IsCorrect]) VALUES (1840, 460, N'Q = R / (ωL)', 0)
INSERT [dbo].[Answer] ([Id], [QuesId], [Content], [IsCorrect]) VALUES (1841, 460, N'Q = 1 / (ωC)', 0)
INSERT [dbo].[Answer] ([Id], [QuesId], [Content], [IsCorrect]) VALUES (1842, 460, N'Q = C / L', 0)
INSERT [dbo].[Answer] ([Id], [QuesId], [Content], [IsCorrect]) VALUES (1843, 461, N'Dao động năng lượng giữa điện trường và từ trường', 1)
INSERT [dbo].[Answer] ([Id], [QuesId], [Content], [IsCorrect]) VALUES (1844, 461, N'Dao động của dòng điện không đổi', 0)
INSERT [dbo].[Answer] ([Id], [QuesId], [Content], [IsCorrect]) VALUES (1845, 461, N'Dao động cơ học', 0)
INSERT [dbo].[Answer] ([Id], [QuesId], [Content], [IsCorrect]) VALUES (1846, 461, N'Dao động ánh sáng', 0)
INSERT [dbo].[Answer] ([Id], [QuesId], [Content], [IsCorrect]) VALUES (1847, 462, N'Tụ điện và cuộn cảm', 1)
INSERT [dbo].[Answer] ([Id], [QuesId], [Content], [IsCorrect]) VALUES (1848, 462, N'Tụ điện và điện trở', 0)
INSERT [dbo].[Answer] ([Id], [QuesId], [Content], [IsCorrect]) VALUES (1849, 462, N'Cuộn cảm và điện trở', 0)
INSERT [dbo].[Answer] ([Id], [QuesId], [Content], [IsCorrect]) VALUES (1850, 462, N'Cuộn cảm và bóng đèn', 0)
INSERT [dbo].[Answer] ([Id], [QuesId], [Content], [IsCorrect]) VALUES (1851, 463, N'Tuần hoàn, ngược pha nhau', 1)
INSERT [dbo].[Answer] ([Id], [QuesId], [Content], [IsCorrect]) VALUES (1852, 463, N'Luôn cùng pha', 0)
INSERT [dbo].[Answer] ([Id], [QuesId], [Content], [IsCorrect]) VALUES (1853, 463, N'Không đổi', 0)
INSERT [dbo].[Answer] ([Id], [QuesId], [Content], [IsCorrect]) VALUES (1854, 463, N'Không tương tác', 0)
INSERT [dbo].[Answer] ([Id], [QuesId], [Content], [IsCorrect]) VALUES (1855, 464, N'Không có mất mát năng lượng (Lý tưởng)', 1)
INSERT [dbo].[Answer] ([Id], [QuesId], [Content], [IsCorrect]) VALUES (1856, 464, N'Có điện trở lớn', 0)
INSERT [dbo].[Answer] ([Id], [QuesId], [Content], [IsCorrect]) VALUES (1857, 464, N'Mạch hở', 0)
INSERT [dbo].[Answer] ([Id], [QuesId], [Content], [IsCorrect]) VALUES (1858, 464, N'Mạch bị ngắt', 0)
INSERT [dbo].[Answer] ([Id], [QuesId], [Content], [IsCorrect]) VALUES (1859, 465, N'f = 1 / (2π√(LC))', 1)
INSERT [dbo].[Answer] ([Id], [QuesId], [Content], [IsCorrect]) VALUES (1860, 465, N'f = √(LC)', 0)
INSERT [dbo].[Answer] ([Id], [QuesId], [Content], [IsCorrect]) VALUES (1861, 465, N'f = L / C', 0)
INSERT [dbo].[Answer] ([Id], [QuesId], [Content], [IsCorrect]) VALUES (1862, 465, N'f = C / L', 0)
INSERT [dbo].[Answer] ([Id], [QuesId], [Content], [IsCorrect]) VALUES (1863, 466, N'Phát sóng vô tuyến', 1)
INSERT [dbo].[Answer] ([Id], [QuesId], [Content], [IsCorrect]) VALUES (1864, 466, N'Chuyển hóa cơ năng', 0)
INSERT [dbo].[Answer] ([Id], [QuesId], [Content], [IsCorrect]) VALUES (1865, 466, N'Phát nhiệt', 0)
INSERT [dbo].[Answer] ([Id], [QuesId], [Content], [IsCorrect]) VALUES (1866, 466, N'Phát sáng', 0)
INSERT [dbo].[Answer] ([Id], [QuesId], [Content], [IsCorrect]) VALUES (1867, 467, N'Sóng điện và từ dao động đồng thời', 1)
INSERT [dbo].[Answer] ([Id], [QuesId], [Content], [IsCorrect]) VALUES (1868, 467, N'Sóng cơ học', 0)
INSERT [dbo].[Answer] ([Id], [QuesId], [Content], [IsCorrect]) VALUES (1869, 467, N'Sóng âm', 0)
INSERT [dbo].[Answer] ([Id], [QuesId], [Content], [IsCorrect]) VALUES (1870, 467, N'Sóng ánh sáng', 0)
INSERT [dbo].[Answer] ([Id], [QuesId], [Content], [IsCorrect]) VALUES (1871, 468, N'3 × 10⁸ m/s', 1)
INSERT [dbo].[Answer] ([Id], [QuesId], [Content], [IsCorrect]) VALUES (1872, 468, N'1.5 × 10⁸ m/s', 0)
INSERT [dbo].[Answer] ([Id], [QuesId], [Content], [IsCorrect]) VALUES (1873, 468, N'10⁶ m/s', 0)
INSERT [dbo].[Answer] ([Id], [QuesId], [Content], [IsCorrect]) VALUES (1874, 468, N'Không xác định', 0)
INSERT [dbo].[Answer] ([Id], [QuesId], [Content], [IsCorrect]) VALUES (1875, 469, N'Chiều điện trường', 1)
INSERT [dbo].[Answer] ([Id], [QuesId], [Content], [IsCorrect]) VALUES (1876, 469, N'Chu kỳ', 0)
INSERT [dbo].[Answer] ([Id], [QuesId], [Content], [IsCorrect]) VALUES (1877, 469, N'Tần số', 0)
INSERT [dbo].[Answer] ([Id], [QuesId], [Content], [IsCorrect]) VALUES (1878, 469, N'Năng lượng', 0)
INSERT [dbo].[Answer] ([Id], [QuesId], [Content], [IsCorrect]) VALUES (1879, 470, N'Mọi môi trường kể cả chân không', 1)
INSERT [dbo].[Answer] ([Id], [QuesId], [Content], [IsCorrect]) VALUES (1880, 470, N'Chỉ kim loại', 0)
INSERT [dbo].[Answer] ([Id], [QuesId], [Content], [IsCorrect]) VALUES (1881, 470, N'Chỉ không khí', 0)
INSERT [dbo].[Answer] ([Id], [QuesId], [Content], [IsCorrect]) VALUES (1882, 470, N'Không truyền được', 0)
INSERT [dbo].[Answer] ([Id], [QuesId], [Content], [IsCorrect]) VALUES (1883, 471, N'Phát xa, ít bị hấp thụ', 1)
INSERT [dbo].[Answer] ([Id], [QuesId], [Content], [IsCorrect]) VALUES (1884, 471, N'Chỉ phát gần', 0)
INSERT [dbo].[Answer] ([Id], [QuesId], [Content], [IsCorrect]) VALUES (1885, 471, N'Không phát xa', 0)
INSERT [dbo].[Answer] ([Id], [QuesId], [Content], [IsCorrect]) VALUES (1886, 471, N'Không có ứng dụng', 0)
INSERT [dbo].[Answer] ([Id], [QuesId], [Content], [IsCorrect]) VALUES (1887, 472, N'Truyền truyền hình', 1)
INSERT [dbo].[Answer] ([Id], [QuesId], [Content], [IsCorrect]) VALUES (1888, 472, N'Phát nhiệt', 0)
INSERT [dbo].[Answer] ([Id], [QuesId], [Content], [IsCorrect]) VALUES (1889, 472, N'Đốt cháy nhiên liệu', 0)
INSERT [dbo].[Answer] ([Id], [QuesId], [Content], [IsCorrect]) VALUES (1890, 472, N'Tạo sóng cơ', 0)
INSERT [dbo].[Answer] ([Id], [QuesId], [Content], [IsCorrect]) VALUES (1891, 473, N'Theo đường thẳng, trong chân không', 1)
INSERT [dbo].[Answer] ([Id], [QuesId], [Content], [IsCorrect]) VALUES (1892, 473, N'Theo đường cong', 0)
INSERT [dbo].[Answer] ([Id], [QuesId], [Content], [IsCorrect]) VALUES (1893, 473, N'Theo vòng tròn', 0)
INSERT [dbo].[Answer] ([Id], [QuesId], [Content], [IsCorrect]) VALUES (1894, 473, N'Không truyền được', 0)
INSERT [dbo].[Answer] ([Id], [QuesId], [Content], [IsCorrect]) VALUES (1895, 474, N'Mạch dao động LC', 1)
INSERT [dbo].[Answer] ([Id], [QuesId], [Content], [IsCorrect]) VALUES (1896, 474, N'Điện trở', 0)
INSERT [dbo].[Answer] ([Id], [QuesId], [Content], [IsCorrect]) VALUES (1897, 474, N'Máy biến áp', 0)
INSERT [dbo].[Answer] ([Id], [QuesId], [Content], [IsCorrect]) VALUES (1898, 474, N'Pin', 0)
INSERT [dbo].[Answer] ([Id], [QuesId], [Content], [IsCorrect]) VALUES (1899, 475, N'Có mang năng lượng', 1)
INSERT [dbo].[Answer] ([Id], [QuesId], [Content], [IsCorrect]) VALUES (1900, 475, N'Không mang năng lượng', 0)
INSERT [dbo].[Answer] ([Id], [QuesId], [Content], [IsCorrect]) VALUES (1901, 475, N'Không truyền năng lượng', 0)
GO
INSERT [dbo].[Answer] ([Id], [QuesId], [Content], [IsCorrect]) VALUES (1902, 475, N'Không truyền sóng', 0)
INSERT [dbo].[Answer] ([Id], [QuesId], [Content], [IsCorrect]) VALUES (1903, 476, N'Viễn thông, y tế, radar', 1)
INSERT [dbo].[Answer] ([Id], [QuesId], [Content], [IsCorrect]) VALUES (1904, 476, N'Làm pin', 0)
INSERT [dbo].[Answer] ([Id], [QuesId], [Content], [IsCorrect]) VALUES (1905, 476, N'Đo điện trở', 0)
INSERT [dbo].[Answer] ([Id], [QuesId], [Content], [IsCorrect]) VALUES (1906, 476, N'Tạo âm thanh', 0)
INSERT [dbo].[Answer] ([Id], [QuesId], [Content], [IsCorrect]) VALUES (1907, 477, N'Cung cấp năng lượng liên tục', 1)
INSERT [dbo].[Answer] ([Id], [QuesId], [Content], [IsCorrect]) VALUES (1908, 477, N'Tăng điện trở', 0)
INSERT [dbo].[Answer] ([Id], [QuesId], [Content], [IsCorrect]) VALUES (1909, 477, N'Giảm tần số', 0)
INSERT [dbo].[Answer] ([Id], [QuesId], [Content], [IsCorrect]) VALUES (1910, 477, N'Không cần năng lượng', 0)
INSERT [dbo].[Answer] ([Id], [QuesId], [Content], [IsCorrect]) VALUES (1911, 478, N'Lan truyền theo dạng sóng', 1)
INSERT [dbo].[Answer] ([Id], [QuesId], [Content], [IsCorrect]) VALUES (1912, 478, N'Không lan truyền', 0)
INSERT [dbo].[Answer] ([Id], [QuesId], [Content], [IsCorrect]) VALUES (1913, 478, N'Lan truyền chậm', 0)
INSERT [dbo].[Answer] ([Id], [QuesId], [Content], [IsCorrect]) VALUES (1914, 478, N'Không có tính sóng', 0)
INSERT [dbo].[Answer] ([Id], [QuesId], [Content], [IsCorrect]) VALUES (1915, 479, N'Chuyên chở tín hiệu', 1)
INSERT [dbo].[Answer] ([Id], [QuesId], [Content], [IsCorrect]) VALUES (1916, 479, N'Tạo dòng điện xoay chiều', 0)
INSERT [dbo].[Answer] ([Id], [QuesId], [Content], [IsCorrect]) VALUES (1917, 479, N'Tạo nhiệt lượng', 0)
INSERT [dbo].[Answer] ([Id], [QuesId], [Content], [IsCorrect]) VALUES (1918, 479, N'Không có ứng dụng', 0)
INSERT [dbo].[Answer] ([Id], [QuesId], [Content], [IsCorrect]) VALUES (1919, 480, N'λ = c / f', 1)
INSERT [dbo].[Answer] ([Id], [QuesId], [Content], [IsCorrect]) VALUES (1920, 480, N'λ = f / c', 0)
INSERT [dbo].[Answer] ([Id], [QuesId], [Content], [IsCorrect]) VALUES (1921, 480, N'λ = f * c', 0)
INSERT [dbo].[Answer] ([Id], [QuesId], [Content], [IsCorrect]) VALUES (1922, 480, N'λ = c + f', 0)
INSERT [dbo].[Answer] ([Id], [QuesId], [Content], [IsCorrect]) VALUES (1923, 481, N'Hiện tượng electron bị bứt ra khỏi kim loại khi chiếu ánh sáng', 1)
INSERT [dbo].[Answer] ([Id], [QuesId], [Content], [IsCorrect]) VALUES (1924, 481, N'Tạo dòng điện không đổi', 0)
INSERT [dbo].[Answer] ([Id], [QuesId], [Content], [IsCorrect]) VALUES (1925, 481, N'Hiện tượng ánh sáng bị tán xạ', 0)
INSERT [dbo].[Answer] ([Id], [QuesId], [Content], [IsCorrect]) VALUES (1926, 481, N'Điện trở tăng lên', 0)
INSERT [dbo].[Answer] ([Id], [QuesId], [Content], [IsCorrect]) VALUES (1927, 482, N'Lượng tử ánh sáng', 1)
INSERT [dbo].[Answer] ([Id], [QuesId], [Content], [IsCorrect]) VALUES (1928, 482, N'Hạt nhân nguyên tử', 0)
INSERT [dbo].[Answer] ([Id], [QuesId], [Content], [IsCorrect]) VALUES (1929, 482, N'Electron', 0)
INSERT [dbo].[Answer] ([Id], [QuesId], [Content], [IsCorrect]) VALUES (1930, 482, N'Neutron', 0)
INSERT [dbo].[Answer] ([Id], [QuesId], [Content], [IsCorrect]) VALUES (1931, 483, N'E = hν', 1)
INSERT [dbo].[Answer] ([Id], [QuesId], [Content], [IsCorrect]) VALUES (1932, 483, N'E = mc²', 0)
INSERT [dbo].[Answer] ([Id], [QuesId], [Content], [IsCorrect]) VALUES (1933, 483, N'E = hf²', 0)
INSERT [dbo].[Answer] ([Id], [QuesId], [Content], [IsCorrect]) VALUES (1934, 483, N'E = p²/2m', 0)
INSERT [dbo].[Answer] ([Id], [QuesId], [Content], [IsCorrect]) VALUES (1935, 484, N'Năng lượng cần thiết để electron thoát ra khỏi kim loại', 1)
INSERT [dbo].[Answer] ([Id], [QuesId], [Content], [IsCorrect]) VALUES (1936, 484, N'Công suất phát quang', 0)
INSERT [dbo].[Answer] ([Id], [QuesId], [Content], [IsCorrect]) VALUES (1937, 484, N'Cường độ ánh sáng', 0)
INSERT [dbo].[Answer] ([Id], [QuesId], [Content], [IsCorrect]) VALUES (1938, 484, N'Thế năng', 0)
INSERT [dbo].[Answer] ([Id], [QuesId], [Content], [IsCorrect]) VALUES (1939, 485, N'Bước sóng ánh sáng nhỏ hơn bước sóng giới hạn', 1)
INSERT [dbo].[Answer] ([Id], [QuesId], [Content], [IsCorrect]) VALUES (1940, 485, N'Nhiệt độ cao', 0)
INSERT [dbo].[Answer] ([Id], [QuesId], [Content], [IsCorrect]) VALUES (1941, 485, N'Cường độ lớn', 0)
INSERT [dbo].[Answer] ([Id], [QuesId], [Content], [IsCorrect]) VALUES (1942, 485, N'Ánh sáng đơn sắc', 0)
INSERT [dbo].[Answer] ([Id], [QuesId], [Content], [IsCorrect]) VALUES (1943, 486, N'Tần số ánh sáng', 1)
INSERT [dbo].[Answer] ([Id], [QuesId], [Content], [IsCorrect]) VALUES (1944, 486, N'Cường độ ánh sáng', 0)
INSERT [dbo].[Answer] ([Id], [QuesId], [Content], [IsCorrect]) VALUES (1945, 486, N'Góc chiếu', 0)
INSERT [dbo].[Answer] ([Id], [QuesId], [Content], [IsCorrect]) VALUES (1946, 486, N'Nhiệt độ nguồn sáng', 0)
INSERT [dbo].[Answer] ([Id], [QuesId], [Content], [IsCorrect]) VALUES (1947, 487, N'Chứng minh ánh sáng có tính hạt', 1)
INSERT [dbo].[Answer] ([Id], [QuesId], [Content], [IsCorrect]) VALUES (1948, 487, N'Chứng minh ánh sáng là sóng', 0)
INSERT [dbo].[Answer] ([Id], [QuesId], [Content], [IsCorrect]) VALUES (1949, 487, N'Tạo sóng cơ học', 0)
INSERT [dbo].[Answer] ([Id], [QuesId], [Content], [IsCorrect]) VALUES (1950, 487, N'Tạo nhiệt lượng', 0)
INSERT [dbo].[Answer] ([Id], [QuesId], [Content], [IsCorrect]) VALUES (1951, 488, N'Giải thích quang phổ vạch của hiđrô', 1)
INSERT [dbo].[Answer] ([Id], [QuesId], [Content], [IsCorrect]) VALUES (1952, 488, N'Giải thích quang phổ liên tục', 0)
INSERT [dbo].[Answer] ([Id], [QuesId], [Content], [IsCorrect]) VALUES (1953, 488, N'Giải thích quang phổ hấp thụ', 0)
INSERT [dbo].[Answer] ([Id], [QuesId], [Content], [IsCorrect]) VALUES (1954, 488, N'Giải thích hiện tượng tán sắc', 0)
INSERT [dbo].[Answer] ([Id], [QuesId], [Content], [IsCorrect]) VALUES (1955, 489, N'λ₀ = hc / A', 1)
INSERT [dbo].[Answer] ([Id], [QuesId], [Content], [IsCorrect]) VALUES (1956, 489, N'λ₀ = A / hc', 0)
INSERT [dbo].[Answer] ([Id], [QuesId], [Content], [IsCorrect]) VALUES (1957, 489, N'λ₀ = h / A', 0)
INSERT [dbo].[Answer] ([Id], [QuesId], [Content], [IsCorrect]) VALUES (1958, 489, N'λ₀ = c / A', 0)
INSERT [dbo].[Answer] ([Id], [QuesId], [Content], [IsCorrect]) VALUES (1959, 490, N'Kim loại kiềm', 1)
INSERT [dbo].[Answer] ([Id], [QuesId], [Content], [IsCorrect]) VALUES (1960, 490, N'Kim loại nặng', 0)
INSERT [dbo].[Answer] ([Id], [QuesId], [Content], [IsCorrect]) VALUES (1961, 490, N'Kim loại chuyển tiếp', 0)
INSERT [dbo].[Answer] ([Id], [QuesId], [Content], [IsCorrect]) VALUES (1962, 490, N'Phi kim', 0)
INSERT [dbo].[Answer] ([Id], [QuesId], [Content], [IsCorrect]) VALUES (1963, 491, N'Pin quang điện', 1)
INSERT [dbo].[Answer] ([Id], [QuesId], [Content], [IsCorrect]) VALUES (1964, 491, N'Máy phát điện xoay chiều', 0)
INSERT [dbo].[Answer] ([Id], [QuesId], [Content], [IsCorrect]) VALUES (1965, 491, N'Biến áp', 0)
INSERT [dbo].[Answer] ([Id], [QuesId], [Content], [IsCorrect]) VALUES (1966, 491, N'Máy phát sóng âm', 0)
INSERT [dbo].[Answer] ([Id], [QuesId], [Content], [IsCorrect]) VALUES (1967, 492, N'Có thể', 1)
INSERT [dbo].[Answer] ([Id], [QuesId], [Content], [IsCorrect]) VALUES (1968, 492, N'Không thể', 0)
INSERT [dbo].[Answer] ([Id], [QuesId], [Content], [IsCorrect]) VALUES (1969, 492, N'Chỉ khi có sóng siêu âm', 0)
INSERT [dbo].[Answer] ([Id], [QuesId], [Content], [IsCorrect]) VALUES (1970, 492, N'Không liên quan', 0)
INSERT [dbo].[Answer] ([Id], [QuesId], [Content], [IsCorrect]) VALUES (1971, 493, N'Tán xạ phôtôn bởi electron tự do', 1)
INSERT [dbo].[Answer] ([Id], [QuesId], [Content], [IsCorrect]) VALUES (1972, 493, N'Phản xạ ánh sáng', 0)
INSERT [dbo].[Answer] ([Id], [QuesId], [Content], [IsCorrect]) VALUES (1973, 493, N'Khúc xạ ánh sáng', 0)
INSERT [dbo].[Answer] ([Id], [QuesId], [Content], [IsCorrect]) VALUES (1974, 493, N'Nhiễu xạ ánh sáng', 0)
INSERT [dbo].[Answer] ([Id], [QuesId], [Content], [IsCorrect]) VALUES (1975, 494, N'Không có khối lượng nghỉ', 1)
INSERT [dbo].[Answer] ([Id], [QuesId], [Content], [IsCorrect]) VALUES (1976, 494, N'Có khối lượng rất lớn', 0)
INSERT [dbo].[Answer] ([Id], [QuesId], [Content], [IsCorrect]) VALUES (1977, 494, N'Khối lượng bằng 1u', 0)
INSERT [dbo].[Answer] ([Id], [QuesId], [Content], [IsCorrect]) VALUES (1978, 494, N'Có khối lượng 9.1×10⁻³¹kg', 0)
INSERT [dbo].[Answer] ([Id], [QuesId], [Content], [IsCorrect]) VALUES (1979, 495, N'Dòng các phôtôn', 1)
INSERT [dbo].[Answer] ([Id], [QuesId], [Content], [IsCorrect]) VALUES (1980, 495, N'Sóng cơ học', 0)
INSERT [dbo].[Answer] ([Id], [QuesId], [Content], [IsCorrect]) VALUES (1981, 495, N'Sóng điện từ', 0)
INSERT [dbo].[Answer] ([Id], [QuesId], [Content], [IsCorrect]) VALUES (1982, 495, N'Tia hồng ngoại', 0)
INSERT [dbo].[Answer] ([Id], [QuesId], [Content], [IsCorrect]) VALUES (1983, 496, N'Tần số', 1)
INSERT [dbo].[Answer] ([Id], [QuesId], [Content], [IsCorrect]) VALUES (1984, 496, N'Cường độ', 0)
INSERT [dbo].[Answer] ([Id], [QuesId], [Content], [IsCorrect]) VALUES (1985, 496, N'Bước sóng', 0)
INSERT [dbo].[Answer] ([Id], [QuesId], [Content], [IsCorrect]) VALUES (1986, 496, N'Nhiệt độ', 0)
INSERT [dbo].[Answer] ([Id], [QuesId], [Content], [IsCorrect]) VALUES (1987, 497, N'ν ≥ ν₀', 1)
INSERT [dbo].[Answer] ([Id], [QuesId], [Content], [IsCorrect]) VALUES (1988, 497, N'λ ≤ λ₀', 0)
INSERT [dbo].[Answer] ([Id], [QuesId], [Content], [IsCorrect]) VALUES (1989, 497, N'P ≥ P₀', 0)
INSERT [dbo].[Answer] ([Id], [QuesId], [Content], [IsCorrect]) VALUES (1990, 497, N'I ≥ I₀', 0)
INSERT [dbo].[Answer] ([Id], [QuesId], [Content], [IsCorrect]) VALUES (1991, 498, N'Năng lượng chỉ được trao đổi theo bội số của lượng tử', 1)
INSERT [dbo].[Answer] ([Id], [QuesId], [Content], [IsCorrect]) VALUES (1992, 498, N'Ánh sáng là liên tục', 0)
INSERT [dbo].[Answer] ([Id], [QuesId], [Content], [IsCorrect]) VALUES (1993, 498, N'Nhiệt độ là liên tục', 0)
INSERT [dbo].[Answer] ([Id], [QuesId], [Content], [IsCorrect]) VALUES (1994, 498, N'Điện trường liên tục', 0)
INSERT [dbo].[Answer] ([Id], [QuesId], [Content], [IsCorrect]) VALUES (1995, 499, N'Số electron bứt ra tăng', 1)
INSERT [dbo].[Answer] ([Id], [QuesId], [Content], [IsCorrect]) VALUES (1996, 499, N'Năng lượng phôtôn tăng', 0)
INSERT [dbo].[Answer] ([Id], [QuesId], [Content], [IsCorrect]) VALUES (1997, 499, N'Bước sóng tăng', 0)
INSERT [dbo].[Answer] ([Id], [QuesId], [Content], [IsCorrect]) VALUES (1998, 499, N'Không có ảnh hưởng', 0)
INSERT [dbo].[Answer] ([Id], [QuesId], [Content], [IsCorrect]) VALUES (1999, 500, N'Bản chất của vật liệu', 1)
INSERT [dbo].[Answer] ([Id], [QuesId], [Content], [IsCorrect]) VALUES (2000, 500, N'Cường độ ánh sáng', 0)
INSERT [dbo].[Answer] ([Id], [QuesId], [Content], [IsCorrect]) VALUES (2001, 500, N'Góc chiếu sáng', 0)
GO
INSERT [dbo].[Answer] ([Id], [QuesId], [Content], [IsCorrect]) VALUES (2002, 500, N'Nhiệt độ nguồn', 0)
INSERT [dbo].[Answer] ([Id], [QuesId], [Content], [IsCorrect]) VALUES (2003, 501, N'Hiện tượng hai chùm sáng giao nhau tạo vân sáng, tối', 1)
INSERT [dbo].[Answer] ([Id], [QuesId], [Content], [IsCorrect]) VALUES (2004, 501, N'Khúc xạ ánh sáng', 0)
INSERT [dbo].[Answer] ([Id], [QuesId], [Content], [IsCorrect]) VALUES (2005, 501, N'Tán sắc ánh sáng', 0)
INSERT [dbo].[Answer] ([Id], [QuesId], [Content], [IsCorrect]) VALUES (2006, 501, N'Phản xạ ánh sáng', 0)
INSERT [dbo].[Answer] ([Id], [QuesId], [Content], [IsCorrect]) VALUES (2007, 502, N'Hai nguồn sáng kết hợp, cùng pha hoặc có hiệu số pha không đổi', 1)
INSERT [dbo].[Answer] ([Id], [QuesId], [Content], [IsCorrect]) VALUES (2008, 502, N'Hai nguồn sáng khác pha liên tục', 0)
INSERT [dbo].[Answer] ([Id], [QuesId], [Content], [IsCorrect]) VALUES (2009, 502, N'Nguồn sáng không đều', 0)
INSERT [dbo].[Answer] ([Id], [QuesId], [Content], [IsCorrect]) VALUES (2010, 502, N'Nguồn sáng trắng', 0)
INSERT [dbo].[Answer] ([Id], [QuesId], [Content], [IsCorrect]) VALUES (2011, 503, N'Nguồn phát ánh sáng có một bước sóng xác định', 1)
INSERT [dbo].[Answer] ([Id], [QuesId], [Content], [IsCorrect]) VALUES (2012, 503, N'Nguồn sáng liên tục', 0)
INSERT [dbo].[Answer] ([Id], [QuesId], [Content], [IsCorrect]) VALUES (2013, 503, N'Nguồn sáng trắng', 0)
INSERT [dbo].[Answer] ([Id], [QuesId], [Content], [IsCorrect]) VALUES (2014, 503, N'Nguồn phát ánh sáng đa sắc', 0)
INSERT [dbo].[Answer] ([Id], [QuesId], [Content], [IsCorrect]) VALUES (2015, 504, N'Hiện tượng ánh sáng uốn cong quanh vật cản', 1)
INSERT [dbo].[Answer] ([Id], [QuesId], [Content], [IsCorrect]) VALUES (2016, 504, N'Phản xạ ánh sáng', 0)
INSERT [dbo].[Answer] ([Id], [QuesId], [Content], [IsCorrect]) VALUES (2017, 504, N'Tán sắc ánh sáng', 0)
INSERT [dbo].[Answer] ([Id], [QuesId], [Content], [IsCorrect]) VALUES (2018, 504, N'Khúc xạ ánh sáng', 0)
INSERT [dbo].[Answer] ([Id], [QuesId], [Content], [IsCorrect]) VALUES (2019, 505, N'380 nm – 750 nm', 1)
INSERT [dbo].[Answer] ([Id], [QuesId], [Content], [IsCorrect]) VALUES (2020, 505, N'100 nm – 300 nm', 0)
INSERT [dbo].[Answer] ([Id], [QuesId], [Content], [IsCorrect]) VALUES (2021, 505, N'800 nm – 1500 nm', 0)
INSERT [dbo].[Answer] ([Id], [QuesId], [Content], [IsCorrect]) VALUES (2022, 505, N'10 nm – 50 nm', 0)
INSERT [dbo].[Answer] ([Id], [QuesId], [Content], [IsCorrect]) VALUES (2023, 506, N'Nhiễu xạ, giao thoa, tán sắc', 1)
INSERT [dbo].[Answer] ([Id], [QuesId], [Content], [IsCorrect]) VALUES (2024, 506, N'Hiệu ứng Compton', 0)
INSERT [dbo].[Answer] ([Id], [QuesId], [Content], [IsCorrect]) VALUES (2025, 506, N'Hiện tượng quang điện', 0)
INSERT [dbo].[Answer] ([Id], [QuesId], [Content], [IsCorrect]) VALUES (2026, 506, N'Sự phát xạ điện từ', 0)
INSERT [dbo].[Answer] ([Id], [QuesId], [Content], [IsCorrect]) VALUES (2027, 507, N'Tính chất sóng của ánh sáng', 1)
INSERT [dbo].[Answer] ([Id], [QuesId], [Content], [IsCorrect]) VALUES (2028, 507, N'Tính chất hạt của ánh sáng', 0)
INSERT [dbo].[Answer] ([Id], [QuesId], [Content], [IsCorrect]) VALUES (2029, 507, N'Tính chất từ của ánh sáng', 0)
INSERT [dbo].[Answer] ([Id], [QuesId], [Content], [IsCorrect]) VALUES (2030, 507, N'Tính chất điện của ánh sáng', 0)
INSERT [dbo].[Answer] ([Id], [QuesId], [Content], [IsCorrect]) VALUES (2031, 508, N'Khi kích thước vật cản nhỏ so với bước sóng', 1)
INSERT [dbo].[Answer] ([Id], [QuesId], [Content], [IsCorrect]) VALUES (2032, 508, N'Khi vật cản lớn', 0)
INSERT [dbo].[Answer] ([Id], [QuesId], [Content], [IsCorrect]) VALUES (2033, 508, N'Khi ánh sáng mạnh', 0)
INSERT [dbo].[Answer] ([Id], [QuesId], [Content], [IsCorrect]) VALUES (2034, 508, N'Khi ánh sáng yếu', 0)
INSERT [dbo].[Answer] ([Id], [QuesId], [Content], [IsCorrect]) VALUES (2035, 509, N'Máy đo độ mịn của bề mặt', 1)
INSERT [dbo].[Answer] ([Id], [QuesId], [Content], [IsCorrect]) VALUES (2036, 509, N'Kính thiên văn', 0)
INSERT [dbo].[Answer] ([Id], [QuesId], [Content], [IsCorrect]) VALUES (2037, 509, N'Kính lúp', 0)
INSERT [dbo].[Answer] ([Id], [QuesId], [Content], [IsCorrect]) VALUES (2038, 509, N'Kính hiển vi điện tử', 0)
INSERT [dbo].[Answer] ([Id], [QuesId], [Content], [IsCorrect]) VALUES (2039, 510, N'Đo chính xác khoảng cách nhỏ', 1)
INSERT [dbo].[Answer] ([Id], [QuesId], [Content], [IsCorrect]) VALUES (2040, 510, N'Đo nhiệt độ', 0)
INSERT [dbo].[Answer] ([Id], [QuesId], [Content], [IsCorrect]) VALUES (2041, 510, N'Đo tốc độ', 0)
INSERT [dbo].[Answer] ([Id], [QuesId], [Content], [IsCorrect]) VALUES (2042, 510, N'Đo khối lượng', 0)
INSERT [dbo].[Answer] ([Id], [QuesId], [Content], [IsCorrect]) VALUES (2043, 511, N'Lớn hơn', 1)
INSERT [dbo].[Answer] ([Id], [QuesId], [Content], [IsCorrect]) VALUES (2044, 511, N'Nhỏ hơn', 0)
INSERT [dbo].[Answer] ([Id], [QuesId], [Content], [IsCorrect]) VALUES (2045, 511, N'Bằng nhau', 0)
INSERT [dbo].[Answer] ([Id], [QuesId], [Content], [IsCorrect]) VALUES (2046, 511, N'Không xác định', 0)
INSERT [dbo].[Answer] ([Id], [QuesId], [Content], [IsCorrect]) VALUES (2047, 512, N'Hai nguồn có cùng tần số và hiệu số pha không đổi', 1)
INSERT [dbo].[Answer] ([Id], [QuesId], [Content], [IsCorrect]) VALUES (2048, 512, N'Hai nguồn bất kỳ', 0)
INSERT [dbo].[Answer] ([Id], [QuesId], [Content], [IsCorrect]) VALUES (2049, 512, N'Nguồn sáng trắng', 0)
INSERT [dbo].[Answer] ([Id], [QuesId], [Content], [IsCorrect]) VALUES (2050, 512, N'Hai nguồn không đồng bộ', 0)
INSERT [dbo].[Answer] ([Id], [QuesId], [Content], [IsCorrect]) VALUES (2051, 513, N'Giao thoa kế', 1)
INSERT [dbo].[Answer] ([Id], [QuesId], [Content], [IsCorrect]) VALUES (2052, 513, N'Nhiệt kế', 0)
INSERT [dbo].[Answer] ([Id], [QuesId], [Content], [IsCorrect]) VALUES (2053, 513, N'Quang phổ kế', 0)
INSERT [dbo].[Answer] ([Id], [QuesId], [Content], [IsCorrect]) VALUES (2054, 513, N'Đồng hồ', 0)
INSERT [dbo].[Answer] ([Id], [QuesId], [Content], [IsCorrect]) VALUES (2055, 514, N'Đo chính xác màng mỏng', 1)
INSERT [dbo].[Answer] ([Id], [QuesId], [Content], [IsCorrect]) VALUES (2056, 514, N'Đo nhiệt độ', 0)
INSERT [dbo].[Answer] ([Id], [QuesId], [Content], [IsCorrect]) VALUES (2057, 514, N'Đo khối lượng', 0)
INSERT [dbo].[Answer] ([Id], [QuesId], [Content], [IsCorrect]) VALUES (2058, 514, N'Đo điện áp', 0)
INSERT [dbo].[Answer] ([Id], [QuesId], [Content], [IsCorrect]) VALUES (2059, 515, N'Khúc xạ ánh sáng', 1)
INSERT [dbo].[Answer] ([Id], [QuesId], [Content], [IsCorrect]) VALUES (2060, 515, N'Tán sắc ánh sáng', 0)
INSERT [dbo].[Answer] ([Id], [QuesId], [Content], [IsCorrect]) VALUES (2061, 515, N'Nhiễu xạ ánh sáng', 0)
INSERT [dbo].[Answer] ([Id], [QuesId], [Content], [IsCorrect]) VALUES (2062, 515, N'Hiệu ứng Compton', 0)
INSERT [dbo].[Answer] ([Id], [QuesId], [Content], [IsCorrect]) VALUES (2063, 516, N'Hiện tượng ánh sáng bị phân tách thành nhiều màu', 1)
INSERT [dbo].[Answer] ([Id], [QuesId], [Content], [IsCorrect]) VALUES (2064, 516, N'Phản xạ ánh sáng', 0)
INSERT [dbo].[Answer] ([Id], [QuesId], [Content], [IsCorrect]) VALUES (2065, 516, N'Nhiễu xạ ánh sáng', 0)
INSERT [dbo].[Answer] ([Id], [QuesId], [Content], [IsCorrect]) VALUES (2066, 516, N'Khúc xạ ánh sáng', 0)
INSERT [dbo].[Answer] ([Id], [QuesId], [Content], [IsCorrect]) VALUES (2067, 517, N'Hiện tượng quang điện, Compton', 1)
INSERT [dbo].[Answer] ([Id], [QuesId], [Content], [IsCorrect]) VALUES (2068, 517, N'Nhiễu xạ', 0)
INSERT [dbo].[Answer] ([Id], [QuesId], [Content], [IsCorrect]) VALUES (2069, 517, N'Tán sắc', 0)
INSERT [dbo].[Answer] ([Id], [QuesId], [Content], [IsCorrect]) VALUES (2070, 517, N'Khúc xạ', 0)
INSERT [dbo].[Answer] ([Id], [QuesId], [Content], [IsCorrect]) VALUES (2071, 518, N'Qua lăng kính hoặc bề mặt không đều', 1)
INSERT [dbo].[Answer] ([Id], [QuesId], [Content], [IsCorrect]) VALUES (2072, 518, N'Qua gương phẳng', 0)
INSERT [dbo].[Answer] ([Id], [QuesId], [Content], [IsCorrect]) VALUES (2073, 518, N'Qua gương cầu', 0)
INSERT [dbo].[Answer] ([Id], [QuesId], [Content], [IsCorrect]) VALUES (2074, 518, N'Qua kính hiển vi', 0)
INSERT [dbo].[Answer] ([Id], [QuesId], [Content], [IsCorrect]) VALUES (2075, 519, N'Nhiễu xạ giới hạn phân giải', 1)
INSERT [dbo].[Answer] ([Id], [QuesId], [Content], [IsCorrect]) VALUES (2076, 519, N'Giao thoa ánh sáng', 0)
INSERT [dbo].[Answer] ([Id], [QuesId], [Content], [IsCorrect]) VALUES (2077, 519, N'Tán sắc ánh sáng', 0)
INSERT [dbo].[Answer] ([Id], [QuesId], [Content], [IsCorrect]) VALUES (2078, 519, N'Quang phổ liên tục', 0)
INSERT [dbo].[Answer] ([Id], [QuesId], [Content], [IsCorrect]) VALUES (2079, 520, N'Đo bề dày màng mỏng', 1)
INSERT [dbo].[Answer] ([Id], [QuesId], [Content], [IsCorrect]) VALUES (2080, 520, N'Đo trọng lượng', 0)
INSERT [dbo].[Answer] ([Id], [QuesId], [Content], [IsCorrect]) VALUES (2081, 520, N'Đo nhiệt độ', 0)
INSERT [dbo].[Answer] ([Id], [QuesId], [Content], [IsCorrect]) VALUES (2082, 520, N'Đo điện áp', 0)
INSERT [dbo].[Answer] ([Id], [QuesId], [Content], [IsCorrect]) VALUES (2083, 521, N'Proton và nơtron', 1)
INSERT [dbo].[Answer] ([Id], [QuesId], [Content], [IsCorrect]) VALUES (2084, 521, N'Electron và proton', 0)
INSERT [dbo].[Answer] ([Id], [QuesId], [Content], [IsCorrect]) VALUES (2085, 521, N'Electron và nơtron', 0)
INSERT [dbo].[Answer] ([Id], [QuesId], [Content], [IsCorrect]) VALUES (2086, 521, N'Photon và nơtron', 0)
INSERT [dbo].[Answer] ([Id], [QuesId], [Content], [IsCorrect]) VALUES (2087, 522, N'Nguyên tử cùng số Z, khác số khối', 1)
INSERT [dbo].[Answer] ([Id], [QuesId], [Content], [IsCorrect]) VALUES (2088, 522, N'Nguyên tử cùng số khối', 0)
INSERT [dbo].[Answer] ([Id], [QuesId], [Content], [IsCorrect]) VALUES (2089, 522, N'Nguyên tử khác Z', 0)
INSERT [dbo].[Answer] ([Id], [QuesId], [Content], [IsCorrect]) VALUES (2090, 522, N'Nguyên tử khác số electron', 0)
INSERT [dbo].[Answer] ([Id], [QuesId], [Content], [IsCorrect]) VALUES (2091, 523, N'Đơn vị khối lượng nguyên tử (u)', 1)
INSERT [dbo].[Answer] ([Id], [QuesId], [Content], [IsCorrect]) VALUES (2092, 523, N'Kilogram', 0)
INSERT [dbo].[Answer] ([Id], [QuesId], [Content], [IsCorrect]) VALUES (2093, 523, N'Joule', 0)
INSERT [dbo].[Answer] ([Id], [QuesId], [Content], [IsCorrect]) VALUES (2094, 523, N'Electron volt (eV)', 0)
INSERT [dbo].[Answer] ([Id], [QuesId], [Content], [IsCorrect]) VALUES (2095, 524, N'Năng lượng giữ các nucleon liên kết với nhau', 1)
INSERT [dbo].[Answer] ([Id], [QuesId], [Content], [IsCorrect]) VALUES (2096, 524, N'Năng lượng của electron', 0)
INSERT [dbo].[Answer] ([Id], [QuesId], [Content], [IsCorrect]) VALUES (2097, 524, N'Năng lượng hấp thụ', 0)
INSERT [dbo].[Answer] ([Id], [QuesId], [Content], [IsCorrect]) VALUES (2098, 524, N'Năng lượng của photon', 0)
INSERT [dbo].[Answer] ([Id], [QuesId], [Content], [IsCorrect]) VALUES (2099, 525, N'Năng lượng liên kết trên mỗi nucleon', 1)
INSERT [dbo].[Answer] ([Id], [QuesId], [Content], [IsCorrect]) VALUES (2100, 525, N'Năng lượng toàn phần', 0)
INSERT [dbo].[Answer] ([Id], [QuesId], [Content], [IsCorrect]) VALUES (2101, 525, N'Năng lượng quang điện', 0)
GO
INSERT [dbo].[Answer] ([Id], [QuesId], [Content], [IsCorrect]) VALUES (2102, 525, N'Năng lượng phân rã', 0)
INSERT [dbo].[Answer] ([Id], [QuesId], [Content], [IsCorrect]) VALUES (2103, 526, N'Hiện tượng hạt nhân tự phát bức xạ', 1)
INSERT [dbo].[Answer] ([Id], [QuesId], [Content], [IsCorrect]) VALUES (2104, 526, N'Hiện tượng phản xạ ánh sáng', 0)
INSERT [dbo].[Answer] ([Id], [QuesId], [Content], [IsCorrect]) VALUES (2105, 526, N'Nhiễu xạ ánh sáng', 0)
INSERT [dbo].[Answer] ([Id], [QuesId], [Content], [IsCorrect]) VALUES (2106, 526, N'Hiện tượng hấp thụ sóng', 0)
INSERT [dbo].[Answer] ([Id], [QuesId], [Content], [IsCorrect]) VALUES (2107, 527, N'Thời gian để số hạt nhân phóng xạ giảm một nửa', 1)
INSERT [dbo].[Answer] ([Id], [QuesId], [Content], [IsCorrect]) VALUES (2108, 527, N'Thời gian phát sáng', 0)
INSERT [dbo].[Answer] ([Id], [QuesId], [Content], [IsCorrect]) VALUES (2109, 527, N'Thời gian bán phân rã electron', 0)
INSERT [dbo].[Answer] ([Id], [QuesId], [Content], [IsCorrect]) VALUES (2110, 527, N'Thời gian nhiệt độ giảm một nửa', 0)
INSERT [dbo].[Answer] ([Id], [QuesId], [Content], [IsCorrect]) VALUES (2111, 528, N'Chẩn đoán y khoa, đo tuổi địa chất', 1)
INSERT [dbo].[Answer] ([Id], [QuesId], [Content], [IsCorrect]) VALUES (2112, 528, N'Tạo điện năng', 0)
INSERT [dbo].[Answer] ([Id], [QuesId], [Content], [IsCorrect]) VALUES (2113, 528, N'Làm nguồn sáng', 0)
INSERT [dbo].[Answer] ([Id], [QuesId], [Content], [IsCorrect]) VALUES (2114, 528, N'Tạo nhiệt độ cao', 0)
INSERT [dbo].[Answer] ([Id], [QuesId], [Content], [IsCorrect]) VALUES (2115, 529, N'Quá trình biến đổi hạt nhân thành hạt nhân khác', 1)
INSERT [dbo].[Answer] ([Id], [QuesId], [Content], [IsCorrect]) VALUES (2116, 529, N'Hiện tượng phản xạ ánh sáng', 0)
INSERT [dbo].[Answer] ([Id], [QuesId], [Content], [IsCorrect]) VALUES (2117, 529, N'Tán sắc ánh sáng', 0)
INSERT [dbo].[Answer] ([Id], [QuesId], [Content], [IsCorrect]) VALUES (2118, 529, N'Khúc xạ sóng', 0)
INSERT [dbo].[Answer] ([Id], [QuesId], [Content], [IsCorrect]) VALUES (2119, 530, N'Nhiệt độ cao và áp suất lớn', 1)
INSERT [dbo].[Answer] ([Id], [QuesId], [Content], [IsCorrect]) VALUES (2120, 530, N'Nhiệt độ thấp', 0)
INSERT [dbo].[Answer] ([Id], [QuesId], [Content], [IsCorrect]) VALUES (2121, 530, N'Áp suất thấp', 0)
INSERT [dbo].[Answer] ([Id], [QuesId], [Content], [IsCorrect]) VALUES (2122, 530, N'Nhiệt độ phòng', 0)
INSERT [dbo].[Answer] ([Id], [QuesId], [Content], [IsCorrect]) VALUES (2123, 531, N'Quá trình hạt nhân nặng phân chia thành hai hạt nhân nhẹ hơn', 1)
INSERT [dbo].[Answer] ([Id], [QuesId], [Content], [IsCorrect]) VALUES (2124, 531, N'Quá trình ghép hạt nhân', 0)
INSERT [dbo].[Answer] ([Id], [QuesId], [Content], [IsCorrect]) VALUES (2125, 531, N'Phản xạ ánh sáng', 0)
INSERT [dbo].[Answer] ([Id], [QuesId], [Content], [IsCorrect]) VALUES (2126, 531, N'Phóng xạ tia gamma', 0)
INSERT [dbo].[Answer] ([Id], [QuesId], [Content], [IsCorrect]) VALUES (2127, 532, N'Tạo năng lượng trong nhà máy điện hạt nhân', 1)
INSERT [dbo].[Answer] ([Id], [QuesId], [Content], [IsCorrect]) VALUES (2128, 532, N'Tạo pin mặt trời', 0)
INSERT [dbo].[Answer] ([Id], [QuesId], [Content], [IsCorrect]) VALUES (2129, 532, N'Tạo nam châm siêu dẫn', 0)
INSERT [dbo].[Answer] ([Id], [QuesId], [Content], [IsCorrect]) VALUES (2130, 532, N'Làm bóng đèn điện', 0)
INSERT [dbo].[Answer] ([Id], [QuesId], [Content], [IsCorrect]) VALUES (2131, 533, N'Tạo năng lượng trong mặt trời và vũ trụ', 1)
INSERT [dbo].[Answer] ([Id], [QuesId], [Content], [IsCorrect]) VALUES (2132, 533, N'Sử dụng trong máy lạnh', 0)
INSERT [dbo].[Answer] ([Id], [QuesId], [Content], [IsCorrect]) VALUES (2133, 533, N'Ứng dụng trong quang học', 0)
INSERT [dbo].[Answer] ([Id], [QuesId], [Content], [IsCorrect]) VALUES (2134, 533, N'Dùng trong máy tính', 0)
INSERT [dbo].[Answer] ([Id], [QuesId], [Content], [IsCorrect]) VALUES (2135, 534, N'Nguyên tố phát phóng xạ tự nhiên', 1)
INSERT [dbo].[Answer] ([Id], [QuesId], [Content], [IsCorrect]) VALUES (2136, 534, N'Nguyên tử nhân tạo', 0)
INSERT [dbo].[Answer] ([Id], [QuesId], [Content], [IsCorrect]) VALUES (2137, 534, N'Nguyên tử trung hòa', 0)
INSERT [dbo].[Answer] ([Id], [QuesId], [Content], [IsCorrect]) VALUES (2138, 534, N'Nguyên tử không phản ứng', 0)
INSERT [dbo].[Answer] ([Id], [QuesId], [Content], [IsCorrect]) VALUES (2139, 535, N'Chẩn đoán hình ảnh, xạ trị', 1)
INSERT [dbo].[Answer] ([Id], [QuesId], [Content], [IsCorrect]) VALUES (2140, 535, N'Tạo tia laser', 0)
INSERT [dbo].[Answer] ([Id], [QuesId], [Content], [IsCorrect]) VALUES (2141, 535, N'Sử dụng làm vật liệu siêu bền', 0)
INSERT [dbo].[Answer] ([Id], [QuesId], [Content], [IsCorrect]) VALUES (2142, 535, N'Làm nguồn phát sáng', 0)
INSERT [dbo].[Answer] ([Id], [QuesId], [Content], [IsCorrect]) VALUES (2143, 536, N'Thiết bị điều khiển và duy trì phản ứng hạt nhân', 1)
INSERT [dbo].[Answer] ([Id], [QuesId], [Content], [IsCorrect]) VALUES (2144, 536, N'Thiết bị đo nhiệt độ', 0)
INSERT [dbo].[Answer] ([Id], [QuesId], [Content], [IsCorrect]) VALUES (2145, 536, N'Máy phát sóng radio', 0)
INSERT [dbo].[Answer] ([Id], [QuesId], [Content], [IsCorrect]) VALUES (2146, 536, N'Thiết bị phát laser', 0)
INSERT [dbo].[Answer] ([Id], [QuesId], [Content], [IsCorrect]) VALUES (2147, 537, N'Chuỗi các phản ứng phân hạch tự kích thích', 1)
INSERT [dbo].[Answer] ([Id], [QuesId], [Content], [IsCorrect]) VALUES (2148, 537, N'Chuỗi truyền sóng', 0)
INSERT [dbo].[Answer] ([Id], [QuesId], [Content], [IsCorrect]) VALUES (2149, 537, N'Chuỗi phân rã alpha', 0)
INSERT [dbo].[Answer] ([Id], [QuesId], [Content], [IsCorrect]) VALUES (2150, 537, N'Chuỗi sóng cơ', 0)
INSERT [dbo].[Answer] ([Id], [QuesId], [Content], [IsCorrect]) VALUES (2151, 538, N'Dùng thanh điều khiển hấp thụ nơtron', 1)
INSERT [dbo].[Answer] ([Id], [QuesId], [Content], [IsCorrect]) VALUES (2152, 538, N'Dùng sóng âm', 0)
INSERT [dbo].[Answer] ([Id], [QuesId], [Content], [IsCorrect]) VALUES (2153, 538, N'Dùng từ trường', 0)
INSERT [dbo].[Answer] ([Id], [QuesId], [Content], [IsCorrect]) VALUES (2154, 538, N'Dùng áp suất', 0)
INSERT [dbo].[Answer] ([Id], [QuesId], [Content], [IsCorrect]) VALUES (2155, 539, N'Số nơtron trung bình phát ra từ mỗi phân hạch ≥1', 1)
INSERT [dbo].[Answer] ([Id], [QuesId], [Content], [IsCorrect]) VALUES (2156, 539, N'Nhiệt độ cao', 0)
INSERT [dbo].[Answer] ([Id], [QuesId], [Content], [IsCorrect]) VALUES (2157, 539, N'Áp suất cao', 0)
INSERT [dbo].[Answer] ([Id], [QuesId], [Content], [IsCorrect]) VALUES (2158, 539, N'Thời gian dài', 0)
INSERT [dbo].[Answer] ([Id], [QuesId], [Content], [IsCorrect]) VALUES (2159, 540, N'ΔE = Δm c²', 1)
INSERT [dbo].[Answer] ([Id], [QuesId], [Content], [IsCorrect]) VALUES (2160, 540, N'E = hν', 0)
INSERT [dbo].[Answer] ([Id], [QuesId], [Content], [IsCorrect]) VALUES (2161, 540, N'E = mc²', 0)
INSERT [dbo].[Answer] ([Id], [QuesId], [Content], [IsCorrect]) VALUES (2162, 540, N'E = hf²', 0)
SET IDENTITY_INSERT [dbo].[Answer] OFF
GO
SET IDENTITY_INSERT [dbo].[Blog] ON 

INSERT [dbo].[Blog] ([Id], [Title], [Content], [Summary], [Thumbnail], [AuthorId], [Status], [CreatedDate], [UpdatedDate]) VALUES (21, N'Chiến lược học tập hiệu quả cho kỳ thi Đại học', N'Kỳ thi Đại học không chỉ là thước đo kiến thức mà còn là một chặng đường thử thách tinh thần của mỗi học sinh. Để có được kết quả như mong đợi, việc xây dựng một chiến lược học tập khoa học và phù hợp là yếu tố không thể thiếu.  Trước tiên, học sinh cần lập kế hoạch học tập cụ thể, phân chia nội dung theo tuần, tháng. Việc chia nhỏ mục tiêu giúp việc học trở nên nhẹ nhàng hơn, đồng thời dễ kiểm soát tiến độ. Mỗi ngày nên dành ít nhất 30 phút để hệ thống lại các kiến thức đã học, vừa giúp ghi nhớ sâu hơn, vừa phát hiện những điểm chưa hiểu rõ.  Ngoài ra, học sinh cần chú ý giữ gìn sức khỏe và tinh thần. Việc học liên tục không nghỉ sẽ dễ dẫn đến mệt mỏi, stress và hiệu quả học tập giảm sút. Do đó, hãy dành thời gian nghỉ ngơi hợp lý, tập thể dục nhẹ nhàng mỗi ngày để duy trì sự tỉnh táo và năng lượng tích cực.  Với một kế hoạch tốt, tinh thần vững vàng và nỗ lực kiên trì, học sinh hoàn toàn có thể chinh phục được kỳ thi Đại học một cách thành công.', N'Kỳ thi Đại học không chỉ là thước đo kiến thức mà còn là một chặng đường thử thách tinh thần của mỗi học sinh. Để có được kết quả như mong đợi, việc xây dựng một chiến lược học tập khoa học và phù hợp là yếu tố không thể thiếu.  Trước tiên, học sinh cần lập kế hoạch học tập cụ thể, phân chia nội dung theo tuần, tháng. Việc chia nhỏ mục tiêu giúp việc học trở nên nhẹ nhàng hơn, đồng thời dễ kiểm soát tiến độ. Mỗi ngày nên dành ít nhất 30 phút để hệ thống lại các kiến thức đã học, vừa giúp ghi nhớ sâu hơn, vừa phát hiện những điểm chưa hiểu rõ.  Ngoài ra, học sinh cần chú ý giữ gìn sức khỏe và tinh thần. Việc học liên tục không nghỉ sẽ dễ dẫn đến mệt mỏi, stress và hiệu quả học tập giảm sút. Do đó, hãy dành thời gian nghỉ ngơi hợp lý, tập thể dục nhẹ nhàng mỗi ngày để duy trì sự tỉnh táo và năng lượng tích cực.  Với một kế hoạch tốt, tinh thần vững vàng và nỗ lực kiên trì, học sinh hoàn toàn có thể chinh phục được kỳ thi Đại học một cách thành công.', N'/blog/a7435e11-1772-4d48-8f0e-97b21c264d30.png', 9, 0, CAST(N'2025-06-17' AS Date), CAST(N'2025-07-27' AS Date))
INSERT [dbo].[Blog] ([Id], [Title], [Content], [Summary], [Thumbnail], [AuthorId], [Status], [CreatedDate], [UpdatedDate]) VALUES (22, N'Bí quyết đạt điểm cao môn Toán THPT', N'Đạt điểm cao môn Toán không chỉ đòi hỏi sự chăm chỉ mà còn cần có phương pháp học tập đúng đắn. Bài viết cung cấp các bí quyết giúp học sinh nắm vững kiến thức và làm bài thi Toán hiệu quả.', N'Toán học là môn học đòi hỏi tư duy logic và khả năng vận dụng linh hoạt các công thức, định lý. Để đạt được kết quả tốt trong môn học này, trước tiên học sinh cần hiểu rõ lý thuyết cơ bản. Việc nắm vững nền tảng sẽ giúp dễ dàng tiếp cận các bài toán khó.

Học sinh nên luyện tập nhiều dạng bài tập, từ cơ bản đến nâng cao. Thông qua việc làm bài, các em sẽ quen với cách suy nghĩ logic, từng bước giải quyết vấn đề. Đồng thời, hãy sử dụng sơ đồ tư duy để hệ thống lại công thức một cách khoa học, giúp ghi nhớ lâu dài.

Quan trọng không kém là kỹ năng phân bổ thời gian khi làm bài thi. Học sinh nên luyện đề nhiều lần để rèn luyện tốc độ làm bài và làm quen với áp lực phòng thi. Hãy chú ý phân tích kỹ các lỗi sai trong mỗi lần luyện đề để tránh lặp lại.

Với sự chuẩn bị chu đáo và chiến lược hợp lý, điểm cao môn Toán sẽ nằm trong tầm tay.', N'/blog/pic22.png', 9, 1, CAST(N'2025-06-17' AS Date), NULL)
INSERT [dbo].[Blog] ([Id], [Title], [Content], [Summary], [Thumbnail], [AuthorId], [Status], [CreatedDate], [UpdatedDate]) VALUES (24, N'Các lưu ý khi làm bài thi môn Văn', N'Không ít học sinh thường gặp khó khăn khi làm bài thi môn Văn do thiếu kỹ năng lập luận và sắp xếp ý tưởng. Một bài viết hay không chỉ dựa vào nội dung mà còn phải thể hiện được phong cách trình bày mạch lạc, thuyết phục.

Khi bắt đầu làm bài, học sinh cần đọc kỹ đề, xác định rõ yêu cầu và trọng tâm của bài viết. Việc xây dựng mở bài súc tích, dẫn dắt hợp lý sẽ tạo thiện cảm ban đầu với người chấm.

Phần thân bài nên được chia thành các đoạn nhỏ với ý rõ ràng. Mỗi đoạn nên có câu chủ đề, luận điểm và dẫn chứng phù hợp. Đặc biệt, cần phân tích sâu sắc để làm nổi bật quan điểm cá nhân.

Cuối bài, hãy kết luận một cách khéo léo, khái quát lại toàn bộ nội dung và để lại ấn tượng tốt. Ngoài ra, trước khi nộp bài, nên dành thời gian kiểm tra lại chính tả và cấu trúc câu để tránh những lỗi không đáng có.

Với sự cẩn trọng trong từng khâu, bài thi môn Văn chắc chắn sẽ ghi được điểm cao.', N'Làm bài thi môn Văn không chỉ yêu cầu sự cảm thụ mà còn cần có phương pháp làm bài rõ ràng, mạch lạc. Bài viết chia sẻ những lưu ý giúp học sinh ghi điểm cao trong môn học này.', N'/blog/pic24.png', 9, 1, CAST(N'2025-06-17' AS Date), NULL)
INSERT [dbo].[Blog] ([Id], [Title], [Content], [Summary], [Thumbnail], [AuthorId], [Status], [CreatedDate], [UpdatedDate]) VALUES (25, N'Ôn tập tiếng Anh theo chủ đề', N'Trong bối cảnh hội nhập quốc tế, tiếng Anh là một trong những môn học đóng vai trò quan trọng đối với học sinh. Để học tốt môn này, phương pháp học theo chủ đề là một lựa chọn hiệu quả.

Việc chia nhỏ nội dung học thành các chủ đề quen thuộc như Giáo dục, Sức khỏe, Công nghệ giúp học sinh dễ dàng tiếp cận và ghi nhớ từ vựng. Ngoài ra, thông qua các bài đọc hoặc bài nghe theo chủ đề, học sinh sẽ nắm bắt được cách sử dụng từ trong ngữ cảnh thực tế.

Luyện nói và viết về các chủ đề này cũng giúp học sinh rèn luyện kỹ năng phản xạ ngôn ngữ, cải thiện khả năng giao tiếp. Đặc biệt, hãy chú ý học cách diễn đạt ý tưởng một cách tự nhiên, tránh dịch từ tiếng Việt sang tiếng Anh một cách máy móc.

Với phương pháp học đúng đắn và kiên trì luyện tập, kỹ năng tiếng Anh của học sinh sẽ được cải thiện rõ rệt.', N'Học tiếng Anh theo chủ đề giúp học sinh dễ dàng nắm bắt từ vựng và ngữ pháp. Phương pháp này cũng giúp rèn luyện kỹ năng nghe, nói, đọc, viết toàn diện.', N'/blog/pic25.png', 9, 1, CAST(N'2025-06-17' AS Date), NULL)
INSERT [dbo].[Blog] ([Id], [Title], [Content], [Summary], [Thumbnail], [AuthorId], [Status], [CreatedDate], [UpdatedDate]) VALUES (27, N'Cách làm bài thi trắc nghiệm nhanh và chính xác', N'Các bài thi trắc nghiệm ngày càng phổ biến nhờ tính khách quan và khả năng đánh giá nhanh năng lực học sinh. Tuy nhiên, không ít bạn học sinh gặp khó khăn khi phải xử lý một lượng lớn câu hỏi trong thời gian ngắn.

Để làm bài trắc nghiệm hiệu quả, trước hết học sinh cần đọc kỹ câu hỏi, loại trừ các phương án sai. Với các câu dễ, nên giải quyết nhanh để dành thời gian cho những câu khó hơn.

Đặc biệt, không nên dành quá nhiều thời gian cho một câu hỏi. Nếu gặp câu khó, hãy đánh dấu lại và quay lại sau. Việc luyện đề nhiều lần sẽ giúp học sinh quen với tốc độ làm bài và tăng độ chính xác.

Quan trọng nhất là giữ tâm lý bình tĩnh trong suốt quá trình làm bài. Một tinh thần tự tin và tỉnh táo sẽ giúp bạn đạt kết quả tốt nhất.', N'Làm bài trắc nghiệm yêu cầu kỹ năng đọc hiểu nhanh, phán đoán chính xác và quản lý thời gian hiệu quả. Những mẹo nhỏ sau sẽ giúp học sinh hoàn thành bài thi trắc nghiệm tốt hơn.', N'/blog/pic27.png', 9, 1, CAST(N'2025-06-17' AS Date), NULL)
INSERT [dbo].[Blog] ([Id], [Title], [Content], [Summary], [Thumbnail], [AuthorId], [Status], [CreatedDate], [UpdatedDate]) VALUES (28, N'Những sai lầm thường gặp khi ôn thi Đại học', N'Quá trình ôn thi Đại học kéo dài nhiều tháng, đòi hỏi sự bền bỉ và phương pháp đúng đắn. Tuy nhiên, nhiều học sinh thường mắc phải những sai lầm phổ biến như: học dàn trải, thiếu trọng tâm; lười ôn tập những môn khó; không luyện đề thực tế; hoặc học quá sức, dẫn đến kiệt sức trước khi thi.

Một sai lầm khác là học sinh hay "học vẹt", không hiểu bản chất kiến thức nên dễ quên khi gặp đề thi lạ. Ngoài ra, việc thức khuya dồn dập gần ngày thi gây ảnh hưởng lớn đến sức khỏe và tinh thần.

Để tránh những lỗi này, học sinh cần lập kế hoạch hợp lý, đảm bảo cân đối giữa các môn, ưu tiên ôn tập các phần quan trọng. Đồng thời, nên luyện đề thường xuyên để làm quen với áp lực phòng thi. Đặc biệt, hãy chú ý chăm sóc sức khỏe, ngủ đủ giấc để có được phong độ tốt nhất trong ngày thi.

', N'Nhiều học sinh mắc sai lầm khi ôn thi Đại học dẫn đến kết quả không như mong đợi. Nhận diện và khắc phục những lỗi này giúp quá trình ôn tập đạt hiệu quả cao hơn.', N'/blog/pic28.jpg', 9, 1, CAST(N'2025-06-17' AS Date), NULL)
SET IDENTITY_INSERT [dbo].[Blog] OFF
GO
SET IDENTITY_INSERT [dbo].[Category] ON 

INSERT [dbo].[Category] ([Id], [Name], [CreatedDate], [UpdatedDate], [Status]) VALUES (1, N'Toán', CAST(N'2025-06-10' AS Date), NULL, 1)
INSERT [dbo].[Category] ([Id], [Name], [CreatedDate], [UpdatedDate], [Status]) VALUES (2, N'Ngữ Văn', CAST(N'2025-06-10' AS Date), NULL, 1)
INSERT [dbo].[Category] ([Id], [Name], [CreatedDate], [UpdatedDate], [Status]) VALUES (3, N'Tiếng Anh', CAST(N'2025-06-10' AS Date), NULL, 1)
INSERT [dbo].[Category] ([Id], [Name], [CreatedDate], [UpdatedDate], [Status]) VALUES (4, N'Vật lý', CAST(N'2025-06-10' AS Date), NULL, 1)
INSERT [dbo].[Category] ([Id], [Name], [CreatedDate], [UpdatedDate], [Status]) VALUES (5, N'Hóa học', CAST(N'2025-06-10' AS Date), NULL, 1)
INSERT [dbo].[Category] ([Id], [Name], [CreatedDate], [UpdatedDate], [Status]) VALUES (6, N'Sinh học', CAST(N'2025-06-10' AS Date), NULL, 1)
INSERT [dbo].[Category] ([Id], [Name], [CreatedDate], [UpdatedDate], [Status]) VALUES (7, N'Lịch sử', CAST(N'2025-06-10' AS Date), NULL, 1)
INSERT [dbo].[Category] ([Id], [Name], [CreatedDate], [UpdatedDate], [Status]) VALUES (8, N'Địa lý', CAST(N'2025-06-10' AS Date), NULL, 1)
INSERT [dbo].[Category] ([Id], [Name], [CreatedDate], [UpdatedDate], [Status]) VALUES (9, N'Giáo dục công dân', CAST(N'2025-06-10' AS Date), NULL, 1)
SET IDENTITY_INSERT [dbo].[Category] OFF
GO
SET IDENTITY_INSERT [dbo].[Classes] ON 

INSERT [dbo].[Classes] ([Id], [Name]) VALUES (1, N'Lớp 10')
INSERT [dbo].[Classes] ([Id], [Name]) VALUES (2, N'Lớp 11')
INSERT [dbo].[Classes] ([Id], [Name]) VALUES (3, N'Lớp 12')
SET IDENTITY_INSERT [dbo].[Classes] OFF
GO
SET IDENTITY_INSERT [dbo].[Comment] ON 

INSERT [dbo].[Comment] ([Id], [BlogId], [AuthorId], [Content], [CreatedDate]) VALUES (9, 21, 11, N'Rất hay', CAST(N'2025-06-28' AS Date))
INSERT [dbo].[Comment] ([Id], [BlogId], [AuthorId], [Content], [CreatedDate]) VALUES (10, 21, 7, N'Rất đáng quan tâm ', CAST(N'2025-06-28' AS Date))
INSERT [dbo].[Comment] ([Id], [BlogId], [AuthorId], [Content], [CreatedDate]) VALUES (12, 22, 4, N'Chủ đề rất hay ', CAST(N'2025-06-28' AS Date))
INSERT [dbo].[Comment] ([Id], [BlogId], [AuthorId], [Content], [CreatedDate]) VALUES (16, 22, 9, N'Đáng chú ý', CAST(N'2025-06-28' AS Date))
INSERT [dbo].[Comment] ([Id], [BlogId], [AuthorId], [Content], [CreatedDate]) VALUES (17, 21, 39, N'Ngon', CAST(N'2025-07-22' AS Date))
INSERT [dbo].[Comment] ([Id], [BlogId], [AuthorId], [Content], [CreatedDate]) VALUES (18, 21, 38, N'Hay', CAST(N'2025-07-22' AS Date))
INSERT [dbo].[Comment] ([Id], [BlogId], [AuthorId], [Content], [CreatedDate]) VALUES (19, 22, 34, N'abc', CAST(N'2025-07-22' AS Date))
INSERT [dbo].[Comment] ([Id], [BlogId], [AuthorId], [Content], [CreatedDate]) VALUES (20, 28, 32, N'alo', CAST(N'2025-08-03' AS Date))
INSERT [dbo].[Comment] ([Id], [BlogId], [AuthorId], [Content], [CreatedDate]) VALUES (21, 28, 32, N'haha', CAST(N'2025-08-03' AS Date))
INSERT [dbo].[Comment] ([Id], [BlogId], [AuthorId], [Content], [CreatedDate]) VALUES (22, 21, 52, N'h', CAST(N'2025-08-15' AS Date))
SET IDENTITY_INSERT [dbo].[Comment] OFF
GO
SET IDENTITY_INSERT [dbo].[Course] ON 

INSERT [dbo].[Course] ([CourseId], [CourseName], [CreatedDate], [UpdatedDate], [Description], [image], [Price], [Status], [AuthorId], [CategoryId], [ClassId]) VALUES (1, N'Làm chủ toán 10 - Thầy Lý Thập Phong', CAST(N'2025-06-12' AS Date), NULL, N'Làm chủ môn toán lớp 10 với thầy Lý Thập Phong đầy tâm huyết', N'/course/pic1.png', CAST(45000 AS Decimal(18, 0)), 1, 9, 1, 1)
INSERT [dbo].[Course] ([CourseId], [CourseName], [CreatedDate], [UpdatedDate], [Description], [image], [Price], [Status], [AuthorId], [CategoryId], [ClassId]) VALUES (2, N'Vật lý 12 không khó - Thầy Điền Thất Thảo', CAST(N'2025-06-12' AS Date), NULL, N'làm chủ haofn toàn vật lý vượt cấp', N'/course/pic2.png', CAST(65000 AS Decimal(18, 0)), 1, 9, 4, 3)
INSERT [dbo].[Course] ([CourseId], [CourseName], [CreatedDate], [UpdatedDate], [Description], [image], [Price], [Status], [AuthorId], [CategoryId], [ClassId]) VALUES (3, N'Toán chuyên đề hàm số 10 - Thầy Phong', CAST(N'2025-06-18' AS Date), NULL, N'Chuyên đề ôn luyện hàm số và ứng dụng cho học sinh lớp 11', N'/course/pic3.png', CAST(50000 AS Decimal(18, 0)), 1, 9, 1, 2)
INSERT [dbo].[Course] ([CourseId], [CourseName], [CreatedDate], [UpdatedDate], [Description], [image], [Price], [Status], [AuthorId], [CategoryId], [ClassId]) VALUES (4, N'Toán nâng cao lớp 11 - Thầy Nam', CAST(N'2025-06-21' AS Date), NULL, N'Ôn luyện và nâng cao kiến thức toán lớp 10', N'/course/pic1.png', CAST(55000 AS Decimal(18, 0)), 1, 9, 1, 1)
INSERT [dbo].[Course] ([CourseId], [CourseName], [CreatedDate], [UpdatedDate], [Description], [image], [Price], [Status], [AuthorId], [CategoryId], [ClassId]) VALUES (5, N'Toán cơ bản lớp 12 - Cô Hà', CAST(N'2025-06-22' AS Date), NULL, N'Khóa học giúp nắm chắc nền tảng toán lớp 12', N'/course/pic3.png', CAST(50000 AS Decimal(18, 0)), 1, 9, 1, 3)
INSERT [dbo].[Course] ([CourseId], [CourseName], [CreatedDate], [UpdatedDate], [Description], [image], [Price], [Status], [AuthorId], [CategoryId], [ClassId]) VALUES (6, N'Vật lý 10 cơ bản - Thầy Hưng', CAST(N'2025-06-23' AS Date), NULL, N'Học từ cơ bản đến nâng cao vật lý lớp 10', N'/course/pic2.png', CAST(60000 AS Decimal(18, 0)), 1, 9, 4, 1)
INSERT [dbo].[Course] ([CourseId], [CourseName], [CreatedDate], [UpdatedDate], [Description], [image], [Price], [Status], [AuthorId], [CategoryId], [ClassId]) VALUES (7, N'Vật lý 11 nâng cao - Thầy Quang', CAST(N'2025-06-24' AS Date), NULL, N'Ôn luyện nâng cao vật lý lớp 11', N'/course/pic7.png', CAST(65000 AS Decimal(18, 0)), 1, 9, 4, 2)
INSERT [dbo].[Course] ([CourseId], [CourseName], [CreatedDate], [UpdatedDate], [Description], [image], [Price], [Status], [AuthorId], [CategoryId], [ClassId]) VALUES (8, N'Hóa học 10 - Cô Lan', CAST(N'2025-06-25' AS Date), NULL, N'Lý thuyết và bài tập hóa học lớp 10', N'/course/pic8.png', CAST(52000 AS Decimal(18, 0)), 1, 9, 5, 1)
INSERT [dbo].[Course] ([CourseId], [CourseName], [CreatedDate], [UpdatedDate], [Description], [image], [Price], [Status], [AuthorId], [CategoryId], [ClassId]) VALUES (9, N'Hóa học 12 luyện thi - Thầy Long', CAST(N'2025-06-26' AS Date), NULL, N'Khóa học ôn luyện thi đại học môn hóa', N'/course/pic8.png', CAST(70000 AS Decimal(18, 0)), 1, 9, 5, 3)
INSERT [dbo].[Course] ([CourseId], [CourseName], [CreatedDate], [UpdatedDate], [Description], [image], [Price], [Status], [AuthorId], [CategoryId], [ClassId]) VALUES (10, N'Tiếng Anh giao tiếp - Cô Mai', CAST(N'2025-06-27' AS Date), NULL, N'Luyện kỹ năng nghe nói tiếng Anh hàng ngày', N'/course/pic10.png', CAST(75000 AS Decimal(18, 0)), 1, 9, 3, 1)
INSERT [dbo].[Course] ([CourseId], [CourseName], [CreatedDate], [UpdatedDate], [Description], [image], [Price], [Status], [AuthorId], [CategoryId], [ClassId]) VALUES (11, N'Tiếng Anh IELTS 6.5+ - Thầy Khoa', CAST(N'2025-06-28' AS Date), NULL, N'Khóa học luyện thi IELTS từ 6.5 trở lên', N'/course/pic11.png', CAST(90000 AS Decimal(18, 0)), 1, 9, 3, 3)
INSERT [dbo].[Course] ([CourseId], [CourseName], [CreatedDate], [UpdatedDate], [Description], [image], [Price], [Status], [AuthorId], [CategoryId], [ClassId]) VALUES (12, N'Ngữ văn 11 phân tích tác phẩm - Cô Hạnh', CAST(N'2025-06-29' AS Date), NULL, N'Phân tích các tác phẩm văn học trọng tâm lớp 11', N'/course/pic12.png', CAST(58000 AS Decimal(18, 0)), 1, 9, 2, 2)
INSERT [dbo].[Course] ([CourseId], [CourseName], [CreatedDate], [UpdatedDate], [Description], [image], [Price], [Status], [AuthorId], [CategoryId], [ClassId]) VALUES (13, N'Ngữ văn 12 ôn luyện thi THPT - Cô Liên', CAST(N'2025-06-30' AS Date), NULL, N'Hệ thống kiến thức văn lớp 12 luyện thi tốt nghiệp', N'/course/pic11.png', CAST(62000 AS Decimal(18, 0)), 1, 9, 2, 3)
INSERT [dbo].[Course] ([CourseId], [CourseName], [CreatedDate], [UpdatedDate], [Description], [image], [Price], [Status], [AuthorId], [CategoryId], [ClassId]) VALUES (17, N'string22323', CAST(N'2025-08-08' AS Date), NULL, N'string23232', N'/course/fc5977dd-62dc-4d19-a401-53423c5a9262.jpg', CAST(10000 AS Decimal(18, 0)), 0, 9, 9, 1)
INSERT [dbo].[Course] ([CourseId], [CourseName], [CreatedDate], [UpdatedDate], [Description], [image], [Price], [Status], [AuthorId], [CategoryId], [ClassId]) VALUES (18, N'Khoa hoc Toan', CAST(N'2025-08-13' AS Date), NULL, N'Khoa hoc Toan', N'/course/64318fd8-9495-4072-b68a-a7576676b934.png', CAST(90000 AS Decimal(18, 0)), 0, 36, 1, 2)
SET IDENTITY_INSERT [dbo].[Course] OFF
GO
SET IDENTITY_INSERT [dbo].[CoursePayments] ON 

INSERT [dbo].[CoursePayments] ([Id], [StudentCourseId], [PaidById], [Amount], [IsPaid], [PaidAt]) VALUES (8, 9, 34, CAST(45000 AS Decimal(18, 0)), 1, NULL)
INSERT [dbo].[CoursePayments] ([Id], [StudentCourseId], [PaidById], [Amount], [IsPaid], [PaidAt]) VALUES (9, 10, 34, CAST(65000 AS Decimal(18, 0)), 1, NULL)
INSERT [dbo].[CoursePayments] ([Id], [StudentCourseId], [PaidById], [Amount], [IsPaid], [PaidAt]) VALUES (10, 11, 34, CAST(55000 AS Decimal(18, 0)), 1, CAST(N'2025-07-12' AS Date))
INSERT [dbo].[CoursePayments] ([Id], [StudentCourseId], [PaidById], [Amount], [IsPaid], [PaidAt]) VALUES (11, 12, 34, CAST(50000 AS Decimal(18, 0)), 1, CAST(N'2025-07-12' AS Date))
INSERT [dbo].[CoursePayments] ([Id], [StudentCourseId], [PaidById], [Amount], [IsPaid], [PaidAt]) VALUES (12, 13, 34, CAST(60000 AS Decimal(18, 0)), 1, CAST(N'2025-07-12' AS Date))
INSERT [dbo].[CoursePayments] ([Id], [StudentCourseId], [PaidById], [Amount], [IsPaid], [PaidAt]) VALUES (13, 14, 34, CAST(65000 AS Decimal(18, 0)), 1, CAST(N'2025-07-12' AS Date))
INSERT [dbo].[CoursePayments] ([Id], [StudentCourseId], [PaidById], [Amount], [IsPaid], [PaidAt]) VALUES (14, 15, 36, CAST(45000 AS Decimal(18, 0)), 1, CAST(N'2025-07-13' AS Date))
INSERT [dbo].[CoursePayments] ([Id], [StudentCourseId], [PaidById], [Amount], [IsPaid], [PaidAt]) VALUES (15, 16, 36, CAST(65000 AS Decimal(18, 0)), 1, CAST(N'2025-07-13' AS Date))
INSERT [dbo].[CoursePayments] ([Id], [StudentCourseId], [PaidById], [Amount], [IsPaid], [PaidAt]) VALUES (16, 17, 36, CAST(55000 AS Decimal(18, 0)), 1, CAST(N'2025-07-13' AS Date))
INSERT [dbo].[CoursePayments] ([Id], [StudentCourseId], [PaidById], [Amount], [IsPaid], [PaidAt]) VALUES (17, 18, 36, CAST(50000 AS Decimal(18, 0)), 1, CAST(N'2025-07-13' AS Date))
INSERT [dbo].[CoursePayments] ([Id], [StudentCourseId], [PaidById], [Amount], [IsPaid], [PaidAt]) VALUES (18, 19, 36, CAST(60000 AS Decimal(18, 0)), 1, CAST(N'2025-07-13' AS Date))
INSERT [dbo].[CoursePayments] ([Id], [StudentCourseId], [PaidById], [Amount], [IsPaid], [PaidAt]) VALUES (19, 20, 36, CAST(65000 AS Decimal(18, 0)), 1, CAST(N'2025-07-13' AS Date))
INSERT [dbo].[CoursePayments] ([Id], [StudentCourseId], [PaidById], [Amount], [IsPaid], [PaidAt]) VALUES (20, 21, 36, CAST(52000 AS Decimal(18, 0)), 1, CAST(N'2025-07-13' AS Date))
INSERT [dbo].[CoursePayments] ([Id], [StudentCourseId], [PaidById], [Amount], [IsPaid], [PaidAt]) VALUES (21, 22, 36, CAST(70000 AS Decimal(18, 0)), 1, CAST(N'2025-07-13' AS Date))
INSERT [dbo].[CoursePayments] ([Id], [StudentCourseId], [PaidById], [Amount], [IsPaid], [PaidAt]) VALUES (22, 23, 36, CAST(75000 AS Decimal(18, 0)), 1, CAST(N'2025-07-13' AS Date))
INSERT [dbo].[CoursePayments] ([Id], [StudentCourseId], [PaidById], [Amount], [IsPaid], [PaidAt]) VALUES (23, 24, 36, CAST(90000 AS Decimal(18, 0)), 1, CAST(N'2025-07-13' AS Date))
INSERT [dbo].[CoursePayments] ([Id], [StudentCourseId], [PaidById], [Amount], [IsPaid], [PaidAt]) VALUES (24, 25, 36, CAST(58000 AS Decimal(18, 0)), 1, CAST(N'2025-07-15' AS Date))
INSERT [dbo].[CoursePayments] ([Id], [StudentCourseId], [PaidById], [Amount], [IsPaid], [PaidAt]) VALUES (25, 26, 36, CAST(62000 AS Decimal(18, 0)), 1, CAST(N'2025-07-15' AS Date))
INSERT [dbo].[CoursePayments] ([Id], [StudentCourseId], [PaidById], [Amount], [IsPaid], [PaidAt]) VALUES (26, 27, 8, CAST(75000 AS Decimal(18, 0)), 1, CAST(N'2025-07-16' AS Date))
INSERT [dbo].[CoursePayments] ([Id], [StudentCourseId], [PaidById], [Amount], [IsPaid], [PaidAt]) VALUES (27, 28, 8, CAST(90000 AS Decimal(18, 0)), 1, CAST(N'2025-07-16' AS Date))
INSERT [dbo].[CoursePayments] ([Id], [StudentCourseId], [PaidById], [Amount], [IsPaid], [PaidAt]) VALUES (28, 29, 8, CAST(50000 AS Decimal(18, 0)), 1, CAST(N'2025-07-16' AS Date))
INSERT [dbo].[CoursePayments] ([Id], [StudentCourseId], [PaidById], [Amount], [IsPaid], [PaidAt]) VALUES (29, 30, 8, CAST(55000 AS Decimal(18, 0)), 1, CAST(N'2025-07-16' AS Date))
INSERT [dbo].[CoursePayments] ([Id], [StudentCourseId], [PaidById], [Amount], [IsPaid], [PaidAt]) VALUES (30, 31, 39, CAST(45000 AS Decimal(18, 0)), 1, CAST(N'2025-07-20' AS Date))
INSERT [dbo].[CoursePayments] ([Id], [StudentCourseId], [PaidById], [Amount], [IsPaid], [PaidAt]) VALUES (31, 32, 39, CAST(65000 AS Decimal(18, 0)), 1, CAST(N'2025-07-20' AS Date))
INSERT [dbo].[CoursePayments] ([Id], [StudentCourseId], [PaidById], [Amount], [IsPaid], [PaidAt]) VALUES (32, 33, 40, CAST(45000 AS Decimal(18, 0)), 1, CAST(N'2025-07-20' AS Date))
INSERT [dbo].[CoursePayments] ([Id], [StudentCourseId], [PaidById], [Amount], [IsPaid], [PaidAt]) VALUES (33, 34, 34, CAST(45000 AS Decimal(18, 0)), 1, CAST(N'2025-07-21' AS Date))
INSERT [dbo].[CoursePayments] ([Id], [StudentCourseId], [PaidById], [Amount], [IsPaid], [PaidAt]) VALUES (34, 35, 40, CAST(65000 AS Decimal(18, 0)), 1, CAST(N'2025-07-21' AS Date))
INSERT [dbo].[CoursePayments] ([Id], [StudentCourseId], [PaidById], [Amount], [IsPaid], [PaidAt]) VALUES (35, 36, 40, CAST(90000 AS Decimal(18, 0)), 1, CAST(N'2025-07-21' AS Date))
INSERT [dbo].[CoursePayments] ([Id], [StudentCourseId], [PaidById], [Amount], [IsPaid], [PaidAt]) VALUES (36, 37, 40, CAST(75000 AS Decimal(18, 0)), 0, NULL)
INSERT [dbo].[CoursePayments] ([Id], [StudentCourseId], [PaidById], [Amount], [IsPaid], [PaidAt]) VALUES (37, 38, 40, CAST(50000 AS Decimal(18, 0)), 0, NULL)
INSERT [dbo].[CoursePayments] ([Id], [StudentCourseId], [PaidById], [Amount], [IsPaid], [PaidAt]) VALUES (38, 39, 40, CAST(45000 AS Decimal(18, 0)), 0, NULL)
INSERT [dbo].[CoursePayments] ([Id], [StudentCourseId], [PaidById], [Amount], [IsPaid], [PaidAt]) VALUES (39, 40, 40, CAST(62000 AS Decimal(18, 0)), 0, NULL)
INSERT [dbo].[CoursePayments] ([Id], [StudentCourseId], [PaidById], [Amount], [IsPaid], [PaidAt]) VALUES (40, 41, 40, CAST(65000 AS Decimal(18, 0)), 0, NULL)
INSERT [dbo].[CoursePayments] ([Id], [StudentCourseId], [PaidById], [Amount], [IsPaid], [PaidAt]) VALUES (41, 42, 40, CAST(50000 AS Decimal(18, 0)), 0, NULL)
INSERT [dbo].[CoursePayments] ([Id], [StudentCourseId], [PaidById], [Amount], [IsPaid], [PaidAt]) VALUES (42, 43, 40, CAST(45000 AS Decimal(18, 0)), 0, NULL)
INSERT [dbo].[CoursePayments] ([Id], [StudentCourseId], [PaidById], [Amount], [IsPaid], [PaidAt]) VALUES (43, 44, 40, CAST(50000 AS Decimal(18, 0)), 0, NULL)
INSERT [dbo].[CoursePayments] ([Id], [StudentCourseId], [PaidById], [Amount], [IsPaid], [PaidAt]) VALUES (44, 45, 40, CAST(45000 AS Decimal(18, 0)), 0, NULL)
INSERT [dbo].[CoursePayments] ([Id], [StudentCourseId], [PaidById], [Amount], [IsPaid], [PaidAt]) VALUES (45, 46, 40, CAST(50000 AS Decimal(18, 0)), 0, NULL)
INSERT [dbo].[CoursePayments] ([Id], [StudentCourseId], [PaidById], [Amount], [IsPaid], [PaidAt]) VALUES (46, 47, 40, CAST(45000 AS Decimal(18, 0)), 0, NULL)
INSERT [dbo].[CoursePayments] ([Id], [StudentCourseId], [PaidById], [Amount], [IsPaid], [PaidAt]) VALUES (47, 48, 40, CAST(45000 AS Decimal(18, 0)), 0, NULL)
INSERT [dbo].[CoursePayments] ([Id], [StudentCourseId], [PaidById], [Amount], [IsPaid], [PaidAt]) VALUES (48, 49, 40, CAST(50000 AS Decimal(18, 0)), 0, NULL)
INSERT [dbo].[CoursePayments] ([Id], [StudentCourseId], [PaidById], [Amount], [IsPaid], [PaidAt]) VALUES (49, 50, 40, CAST(45000 AS Decimal(18, 0)), 0, NULL)
INSERT [dbo].[CoursePayments] ([Id], [StudentCourseId], [PaidById], [Amount], [IsPaid], [PaidAt]) VALUES (50, 51, 40, CAST(50000 AS Decimal(18, 0)), 0, NULL)
INSERT [dbo].[CoursePayments] ([Id], [StudentCourseId], [PaidById], [Amount], [IsPaid], [PaidAt]) VALUES (51, 52, 40, CAST(45000 AS Decimal(18, 0)), 0, NULL)
INSERT [dbo].[CoursePayments] ([Id], [StudentCourseId], [PaidById], [Amount], [IsPaid], [PaidAt]) VALUES (52, 53, 40, CAST(50000 AS Decimal(18, 0)), 0, NULL)
INSERT [dbo].[CoursePayments] ([Id], [StudentCourseId], [PaidById], [Amount], [IsPaid], [PaidAt]) VALUES (53, 54, 40, CAST(50000 AS Decimal(18, 0)), 0, NULL)
INSERT [dbo].[CoursePayments] ([Id], [StudentCourseId], [PaidById], [Amount], [IsPaid], [PaidAt]) VALUES (54, 55, 40, CAST(50000 AS Decimal(18, 0)), 0, NULL)
INSERT [dbo].[CoursePayments] ([Id], [StudentCourseId], [PaidById], [Amount], [IsPaid], [PaidAt]) VALUES (55, 56, 40, CAST(50000 AS Decimal(18, 0)), 0, NULL)
INSERT [dbo].[CoursePayments] ([Id], [StudentCourseId], [PaidById], [Amount], [IsPaid], [PaidAt]) VALUES (56, 57, 40, CAST(50000 AS Decimal(18, 0)), 0, NULL)
INSERT [dbo].[CoursePayments] ([Id], [StudentCourseId], [PaidById], [Amount], [IsPaid], [PaidAt]) VALUES (57, 58, 40, CAST(45000 AS Decimal(18, 0)), 0, NULL)
INSERT [dbo].[CoursePayments] ([Id], [StudentCourseId], [PaidById], [Amount], [IsPaid], [PaidAt]) VALUES (58, 59, 40, CAST(45000 AS Decimal(18, 0)), 0, NULL)
INSERT [dbo].[CoursePayments] ([Id], [StudentCourseId], [PaidById], [Amount], [IsPaid], [PaidAt]) VALUES (59, 60, 40, CAST(50000 AS Decimal(18, 0)), 0, NULL)
INSERT [dbo].[CoursePayments] ([Id], [StudentCourseId], [PaidById], [Amount], [IsPaid], [PaidAt]) VALUES (60, 61, 40, CAST(55000 AS Decimal(18, 0)), 0, NULL)
INSERT [dbo].[CoursePayments] ([Id], [StudentCourseId], [PaidById], [Amount], [IsPaid], [PaidAt]) VALUES (61, 62, 40, CAST(75000 AS Decimal(18, 0)), 1, CAST(N'2025-08-13' AS Date))
INSERT [dbo].[CoursePayments] ([Id], [StudentCourseId], [PaidById], [Amount], [IsPaid], [PaidAt]) VALUES (62, 63, 40, CAST(45000 AS Decimal(18, 0)), 1, CAST(N'2025-08-15' AS Date))
INSERT [dbo].[CoursePayments] ([Id], [StudentCourseId], [PaidById], [Amount], [IsPaid], [PaidAt]) VALUES (63, 64, 40, CAST(45000 AS Decimal(18, 0)), 1, CAST(N'2025-08-15' AS Date))
INSERT [dbo].[CoursePayments] ([Id], [StudentCourseId], [PaidById], [Amount], [IsPaid], [PaidAt]) VALUES (64, 65, 40, CAST(50000 AS Decimal(18, 0)), 1, CAST(N'2025-08-15' AS Date))
SET IDENTITY_INSERT [dbo].[CoursePayments] OFF
GO
SET IDENTITY_INSERT [dbo].[CourseProgress] ON 

INSERT [dbo].[CourseProgress] ([Id], [CourseStudentId], [StartDate], [LastAccess], [Status]) VALUES (1, 1, CAST(N'2025-06-24' AS Date), CAST(N'2025-08-04' AS Date), 1)
INSERT [dbo].[CourseProgress] ([Id], [CourseStudentId], [StartDate], [LastAccess], [Status]) VALUES (3, 2, NULL, CAST(N'2025-07-26' AS Date), 1)
INSERT [dbo].[CourseProgress] ([Id], [CourseStudentId], [StartDate], [LastAccess], [Status]) VALUES (4, 24, CAST(N'2025-07-13' AS Date), CAST(N'2025-07-13' AS Date), 1)
INSERT [dbo].[CourseProgress] ([Id], [CourseStudentId], [StartDate], [LastAccess], [Status]) VALUES (5, 23, CAST(N'2025-07-12' AS Date), CAST(N'2025-07-13' AS Date), 1)
INSERT [dbo].[CourseProgress] ([Id], [CourseStudentId], [StartDate], [LastAccess], [Status]) VALUES (6, 30, CAST(N'2025-07-27' AS Date), CAST(N'2025-08-04' AS Date), 0)
INSERT [dbo].[CourseProgress] ([Id], [CourseStudentId], [StartDate], [LastAccess], [Status]) VALUES (7, 29, CAST(N'2025-07-29' AS Date), NULL, 1)
INSERT [dbo].[CourseProgress] ([Id], [CourseStudentId], [StartDate], [LastAccess], [Status]) VALUES (8, 10, CAST(N'2025-07-29' AS Date), NULL, 1)
INSERT [dbo].[CourseProgress] ([Id], [CourseStudentId], [StartDate], [LastAccess], [Status]) VALUES (9, 28, CAST(N'2025-07-29' AS Date), CAST(N'2025-08-04' AS Date), 0)
INSERT [dbo].[CourseProgress] ([Id], [CourseStudentId], [StartDate], [LastAccess], [Status]) VALUES (10, 35, CAST(N'2025-07-30' AS Date), CAST(N'2025-07-30' AS Date), 1)
INSERT [dbo].[CourseProgress] ([Id], [CourseStudentId], [StartDate], [LastAccess], [Status]) VALUES (11, 32, CAST(N'2025-07-30' AS Date), CAST(N'2025-07-30' AS Date), 0)
INSERT [dbo].[CourseProgress] ([Id], [CourseStudentId], [StartDate], [LastAccess], [Status]) VALUES (12, 15, CAST(N'2025-07-30' AS Date), CAST(N'2025-07-30' AS Date), 1)
INSERT [dbo].[CourseProgress] ([Id], [CourseStudentId], [StartDate], [LastAccess], [Status]) VALUES (13, 38, CAST(N'2025-08-08' AS Date), CAST(N'2025-08-08' AS Date), 0)
INSERT [dbo].[CourseProgress] ([Id], [CourseStudentId], [StartDate], [LastAccess], [Status]) VALUES (14, 39, CAST(N'2025-08-08' AS Date), CAST(N'2025-08-08' AS Date), 0)
INSERT [dbo].[CourseProgress] ([Id], [CourseStudentId], [StartDate], [LastAccess], [Status]) VALUES (15, 40, CAST(N'2025-08-08' AS Date), CAST(N'2025-08-08' AS Date), 0)
INSERT [dbo].[CourseProgress] ([Id], [CourseStudentId], [StartDate], [LastAccess], [Status]) VALUES (16, 41, CAST(N'2025-08-08' AS Date), CAST(N'2025-08-08' AS Date), 0)
INSERT [dbo].[CourseProgress] ([Id], [CourseStudentId], [StartDate], [LastAccess], [Status]) VALUES (17, 42, CAST(N'2025-08-08' AS Date), CAST(N'2025-08-09' AS Date), 0)
INSERT [dbo].[CourseProgress] ([Id], [CourseStudentId], [StartDate], [LastAccess], [Status]) VALUES (18, 43, CAST(N'2025-08-09' AS Date), CAST(N'2025-08-09' AS Date), 0)
INSERT [dbo].[CourseProgress] ([Id], [CourseStudentId], [StartDate], [LastAccess], [Status]) VALUES (19, 44, CAST(N'2025-08-09' AS Date), CAST(N'2025-08-09' AS Date), 0)
INSERT [dbo].[CourseProgress] ([Id], [CourseStudentId], [StartDate], [LastAccess], [Status]) VALUES (20, 45, CAST(N'2025-08-09' AS Date), CAST(N'2025-08-09' AS Date), 0)
INSERT [dbo].[CourseProgress] ([Id], [CourseStudentId], [StartDate], [LastAccess], [Status]) VALUES (21, 46, CAST(N'2025-08-09' AS Date), CAST(N'2025-08-09' AS Date), 0)
INSERT [dbo].[CourseProgress] ([Id], [CourseStudentId], [StartDate], [LastAccess], [Status]) VALUES (22, 47, CAST(N'2025-08-09' AS Date), CAST(N'2025-08-09' AS Date), 0)
INSERT [dbo].[CourseProgress] ([Id], [CourseStudentId], [StartDate], [LastAccess], [Status]) VALUES (23, 48, CAST(N'2025-08-09' AS Date), CAST(N'2025-08-09' AS Date), 0)
INSERT [dbo].[CourseProgress] ([Id], [CourseStudentId], [StartDate], [LastAccess], [Status]) VALUES (24, 49, CAST(N'2025-08-09' AS Date), CAST(N'2025-08-09' AS Date), 0)
INSERT [dbo].[CourseProgress] ([Id], [CourseStudentId], [StartDate], [LastAccess], [Status]) VALUES (25, 50, CAST(N'2025-08-09' AS Date), CAST(N'2025-08-09' AS Date), 0)
INSERT [dbo].[CourseProgress] ([Id], [CourseStudentId], [StartDate], [LastAccess], [Status]) VALUES (26, 51, CAST(N'2025-08-09' AS Date), CAST(N'2025-08-09' AS Date), 0)
INSERT [dbo].[CourseProgress] ([Id], [CourseStudentId], [StartDate], [LastAccess], [Status]) VALUES (27, 52, CAST(N'2025-08-09' AS Date), CAST(N'2025-08-09' AS Date), 0)
INSERT [dbo].[CourseProgress] ([Id], [CourseStudentId], [StartDate], [LastAccess], [Status]) VALUES (28, 53, CAST(N'2025-08-09' AS Date), CAST(N'2025-08-09' AS Date), 0)
INSERT [dbo].[CourseProgress] ([Id], [CourseStudentId], [StartDate], [LastAccess], [Status]) VALUES (29, 54, CAST(N'2025-08-09' AS Date), CAST(N'2025-08-09' AS Date), 1)
INSERT [dbo].[CourseProgress] ([Id], [CourseStudentId], [StartDate], [LastAccess], [Status]) VALUES (30, 55, CAST(N'2025-08-09' AS Date), CAST(N'2025-08-09' AS Date), 0)
INSERT [dbo].[CourseProgress] ([Id], [CourseStudentId], [StartDate], [LastAccess], [Status]) VALUES (31, 56, CAST(N'2025-08-09' AS Date), CAST(N'2025-08-09' AS Date), 1)
INSERT [dbo].[CourseProgress] ([Id], [CourseStudentId], [StartDate], [LastAccess], [Status]) VALUES (32, 57, CAST(N'2025-08-09' AS Date), CAST(N'2025-08-09' AS Date), 1)
INSERT [dbo].[CourseProgress] ([Id], [CourseStudentId], [StartDate], [LastAccess], [Status]) VALUES (33, 58, CAST(N'2025-08-09' AS Date), CAST(N'2025-08-09' AS Date), 0)
INSERT [dbo].[CourseProgress] ([Id], [CourseStudentId], [StartDate], [LastAccess], [Status]) VALUES (34, 59, CAST(N'2025-08-09' AS Date), CAST(N'2025-08-09' AS Date), 0)
INSERT [dbo].[CourseProgress] ([Id], [CourseStudentId], [StartDate], [LastAccess], [Status]) VALUES (35, 60, CAST(N'2025-08-09' AS Date), CAST(N'2025-08-14' AS Date), 1)
INSERT [dbo].[CourseProgress] ([Id], [CourseStudentId], [StartDate], [LastAccess], [Status]) VALUES (36, 62, CAST(N'2025-08-14' AS Date), CAST(N'2025-08-14' AS Date), 0)
INSERT [dbo].[CourseProgress] ([Id], [CourseStudentId], [StartDate], [LastAccess], [Status]) VALUES (37, 63, CAST(N'2025-08-14' AS Date), CAST(N'2025-08-14' AS Date), 0)
INSERT [dbo].[CourseProgress] ([Id], [CourseStudentId], [StartDate], [LastAccess], [Status]) VALUES (38, 64, CAST(N'2025-08-15' AS Date), CAST(N'2025-08-15' AS Date), 0)
INSERT [dbo].[CourseProgress] ([Id], [CourseStudentId], [StartDate], [LastAccess], [Status]) VALUES (39, 65, CAST(N'2025-08-15' AS Date), CAST(N'2025-08-15' AS Date), 0)
SET IDENTITY_INSERT [dbo].[CourseProgress] OFF
GO
SET IDENTITY_INSERT [dbo].[CourseStatus] ON 

INSERT [dbo].[CourseStatus] ([Id], [StatusName]) VALUES (1, N'Chưa thanh toán')
INSERT [dbo].[CourseStatus] ([Id], [StatusName]) VALUES (2, N'Đang học')
INSERT [dbo].[CourseStatus] ([Id], [StatusName]) VALUES (3, N'Đã hoàn thành')
INSERT [dbo].[CourseStatus] ([Id], [StatusName]) VALUES (4, N'Đã thanh toán')
SET IDENTITY_INSERT [dbo].[CourseStatus] OFF
GO
SET IDENTITY_INSERT [dbo].[Feedback] ON 

INSERT [dbo].[Feedback] ([Id], [Content], [rate], [CreatedDate], [UpdatedDate], [Status], [AuthorId], [CourseId]) VALUES (2, N'hay', 5, CAST(N'2025-07-03' AS Date), NULL, 1, 7, 2)
INSERT [dbo].[Feedback] ([Id], [Content], [rate], [CreatedDate], [UpdatedDate], [Status], [AuthorId], [CourseId]) VALUES (3, N'Rat hay', 4, CAST(N'2025-07-03' AS Date), NULL, 1, 7, 3)
SET IDENTITY_INSERT [dbo].[Feedback] OFF
GO
SET IDENTITY_INSERT [dbo].[Lesson] ON 

INSERT [dbo].[Lesson] ([Id], [Title], [Link], [Description], [VideoNum], [ModuleId], [Status], [CreatedDate], [UpdatedDate], [DurationSeconds]) VALUES (2, N'Mệnh đề', N'https://s3.wasabisys.com/alsystem/1/demovideo1.mp4', N'Mệnh đề', 1, 1, 1, CAST(N'2025-06-12' AS Date), CAST(N'2025-08-12' AS Date), 51)
INSERT [dbo].[Lesson] ([Id], [Title], [Link], [Description], [VideoNum], [ModuleId], [Status], [CreatedDate], [UpdatedDate], [DurationSeconds]) VALUES (3, N'Tập hợp và các phép toán trên tập hợp ', N'https://s3.wasabisys.com/alsystem/1/demovideo1.mp4', N'Tập hợp và các phép toán trên tập hợp ', 2, 1, 1, CAST(N'2025-06-12' AS Date), CAST(N'2025-08-12' AS Date), 51)
INSERT [dbo].[Lesson] ([Id], [Title], [Link], [Description], [VideoNum], [ModuleId], [Status], [CreatedDate], [UpdatedDate], [DurationSeconds]) VALUES (5, N'Bất phương trình bậc nhất hai ẩn ', N'https://www.youtube.com/watch?v=MMHu4r1cIlU', N'Bất phương trình bậc nhất hai ẩn ', 1, 2, 1, CAST(N'2025-06-12' AS Date), NULL, NULL)
INSERT [dbo].[Lesson] ([Id], [Title], [Link], [Description], [VideoNum], [ModuleId], [Status], [CreatedDate], [UpdatedDate], [DurationSeconds]) VALUES (6, N'Hệ bất phương trình bậc nhất hai ẩn ', N'https://www.youtube.com/watch?v=MMHu4r1cIlU', N'Hệ bất phương trình bậc nhất hai ẩn ', 2, 2, 1, CAST(N'2025-06-12' AS Date), NULL, NULL)
INSERT [dbo].[Lesson] ([Id], [Title], [Link], [Description], [VideoNum], [ModuleId], [Status], [CreatedDate], [UpdatedDate], [DurationSeconds]) VALUES (7, N'Giá trị lượng giác của một góc tuwf0 đến 180 độ ', N'2025-06-12', N'Giá trị lượng giác của một góc tuwf0 đến 180 độ ', 1, 3, 1, CAST(N'2025-06-12' AS Date), NULL, NULL)
INSERT [dbo].[Lesson] ([Id], [Title], [Link], [Description], [VideoNum], [ModuleId], [Status], [CreatedDate], [UpdatedDate], [DurationSeconds]) VALUES (8, N'Hệ thức lượng trong tam giác', N'2025-06-12', N'Hệ thức lượng trong tam giác', 2, 3, 1, CAST(N'2025-06-12' AS Date), NULL, NULL)
INSERT [dbo].[Lesson] ([Id], [Title], [Link], [Description], [VideoNum], [ModuleId], [Status], [CreatedDate], [UpdatedDate], [DurationSeconds]) VALUES (9, N'Các khái niệm mở đầu', N'2025-06-12', N'Các khái niệm mở đầu', 1, 4, 1, CAST(N'2025-06-12' AS Date), NULL, NULL)
INSERT [dbo].[Lesson] ([Id], [Title], [Link], [Description], [VideoNum], [ModuleId], [Status], [CreatedDate], [UpdatedDate], [DurationSeconds]) VALUES (10, N'Tổng và hiệu của 2 vecto', N'2025-06-12', N'Tổng và hiệu của 2 vecto', 2, 4, 1, CAST(N'2025-06-12' AS Date), NULL, NULL)
INSERT [dbo].[Lesson] ([Id], [Title], [Link], [Description], [VideoNum], [ModuleId], [Status], [CreatedDate], [UpdatedDate], [DurationSeconds]) VALUES (11, N'Tích của một vecto với một số', N'2025-06-12', N'Tích của một vecto với một số', 3, 4, 1, CAST(N'2025-06-12' AS Date), NULL, NULL)
INSERT [dbo].[Lesson] ([Id], [Title], [Link], [Description], [VideoNum], [ModuleId], [Status], [CreatedDate], [UpdatedDate], [DurationSeconds]) VALUES (12, N'Vecto trong mặt phẳng tọa độ', N'2025-06-12', N'Vecto trong mặt phẳng tọa độ', 4, 4, 1, CAST(N'2025-06-12' AS Date), NULL, NULL)
INSERT [dbo].[Lesson] ([Id], [Title], [Link], [Description], [VideoNum], [ModuleId], [Status], [CreatedDate], [UpdatedDate], [DurationSeconds]) VALUES (13, N'Tích vô hướng của vecto', N'2025-06-12', N'Tích vô hướng của vecto', 5, 4, 1, CAST(N'2025-06-12' AS Date), NULL, NULL)
INSERT [dbo].[Lesson] ([Id], [Title], [Link], [Description], [VideoNum], [ModuleId], [Status], [CreatedDate], [UpdatedDate], [DurationSeconds]) VALUES (14, N'Hàm số', N'2025-06-12', N'Hàm số', 1, 5, 1, CAST(N'2025-06-12' AS Date), NULL, NULL)
INSERT [dbo].[Lesson] ([Id], [Title], [Link], [Description], [VideoNum], [ModuleId], [Status], [CreatedDate], [UpdatedDate], [DurationSeconds]) VALUES (16, N'Hàm số bậc 2', N'2025-06-12', N'Hàm số bậc 2', 2, 5, 1, CAST(N'2025-06-12' AS Date), NULL, NULL)
INSERT [dbo].[Lesson] ([Id], [Title], [Link], [Description], [VideoNum], [ModuleId], [Status], [CreatedDate], [UpdatedDate], [DurationSeconds]) VALUES (17, N'Phương trình quy về phương trình bậc hai', N'2025-06-12', N'Phương trình quy về phương trình bậc hai', 3, 5, 1, CAST(N'2025-06-12' AS Date), NULL, NULL)
INSERT [dbo].[Lesson] ([Id], [Title], [Link], [Description], [VideoNum], [ModuleId], [Status], [CreatedDate], [UpdatedDate], [DurationSeconds]) VALUES (18, N'Phương trình đường thẳng ', N'2025-06-12', N'Phương trình đường thẳng ', 1, 6, 1, CAST(N'2025-06-12' AS Date), NULL, NULL)
INSERT [dbo].[Lesson] ([Id], [Title], [Link], [Description], [VideoNum], [ModuleId], [Status], [CreatedDate], [UpdatedDate], [DurationSeconds]) VALUES (19, N'Vị trí tương đối giưa hai đường thẳng', N'2025-06-12', N'Vị trí tương đối giưa hai đường thẳng', 2, 6, 1, CAST(N'2025-06-12' AS Date), NULL, NULL)
INSERT [dbo].[Lesson] ([Id], [Title], [Link], [Description], [VideoNum], [ModuleId], [Status], [CreatedDate], [UpdatedDate], [DurationSeconds]) VALUES (20, N'Quy tắc đếm ', N'2025-06-12', N'Quy tắc đếm ', 1, 7, 1, CAST(N'2025-06-12' AS Date), NULL, NULL)
INSERT [dbo].[Lesson] ([Id], [Title], [Link], [Description], [VideoNum], [ModuleId], [Status], [CreatedDate], [UpdatedDate], [DurationSeconds]) VALUES (22, N'Hoán vị chỉnh hơp và tổ hợp ', N'2025-06-12', N'Hoán vị chỉnh hơp và tổ hợp ', 2, 7, 1, CAST(N'2025-06-12' AS Date), NULL, NULL)
INSERT [dbo].[Lesson] ([Id], [Title], [Link], [Description], [VideoNum], [ModuleId], [Status], [CreatedDate], [UpdatedDate], [DurationSeconds]) VALUES (23, N'Nhị thức newton ', N'2025-06-12', N'Nhị thức newton ', 3, 7, 1, CAST(N'2025-06-12' AS Date), NULL, NULL)
INSERT [dbo].[Lesson] ([Id], [Title], [Link], [Description], [VideoNum], [ModuleId], [Status], [CreatedDate], [UpdatedDate], [DurationSeconds]) VALUES (24, N'Biến số và điịnh nghiã cơ bản của xác suất', N'2025-06-12', N'Biến số và điịnh nghiã cơ bản của xác suất', 1, 8, 1, CAST(N'2025-06-12' AS Date), CAST(N'2025-06-17' AS Date), NULL)
INSERT [dbo].[Lesson] ([Id], [Title], [Link], [Description], [VideoNum], [ModuleId], [Status], [CreatedDate], [UpdatedDate], [DurationSeconds]) VALUES (26, N'Các đại lượng đắc trưng của dai điịng điều hòa', N'2025-06-12', N'Các đại lượng đắc trưng của dai điịng điều hòa', 1, 9, 1, CAST(N'2025-06-12' AS Date), NULL, NULL)
INSERT [dbo].[Lesson] ([Id], [Title], [Link], [Description], [VideoNum], [ModuleId], [Status], [CreatedDate], [UpdatedDate], [DurationSeconds]) VALUES (27, N'Mối liên hệ giữa li dộ, vận tốc, gia tốc', N'2025-06-12', N'Mối liên hệ giữa li dộ, vận tốc, gia tốc', 2, 9, 1, CAST(N'2025-06-12' AS Date), NULL, NULL)
INSERT [dbo].[Lesson] ([Id], [Title], [Link], [Description], [VideoNum], [ModuleId], [Status], [CreatedDate], [UpdatedDate], [DurationSeconds]) VALUES (28, N'Hệ thức độc lập với thời gian ', N'2025-06-12', N'Hệ thức độc lập với thời gian ', 3, 9, 1, CAST(N'2025-06-12' AS Date), NULL, NULL)
INSERT [dbo].[Lesson] ([Id], [Title], [Link], [Description], [VideoNum], [ModuleId], [Status], [CreatedDate], [UpdatedDate], [DurationSeconds]) VALUES (30, N'Tổng quan con lắc lò xo', N'2025-06-12', N'Tổng quan con lắc lò xo', 4, 9, 1, CAST(N'2025-06-12' AS Date), CAST(N'2025-06-17' AS Date), NULL)
INSERT [dbo].[Lesson] ([Id], [Title], [Link], [Description], [VideoNum], [ModuleId], [Status], [CreatedDate], [UpdatedDate], [DurationSeconds]) VALUES (31, N'Phương trình dao động ', N'2025-06-12', N'Phương trình dao động ', 5, 9, 1, CAST(N'2025-06-12' AS Date), CAST(N'2025-06-17' AS Date), NULL)
INSERT [dbo].[Lesson] ([Id], [Title], [Link], [Description], [VideoNum], [ModuleId], [Status], [CreatedDate], [UpdatedDate], [DurationSeconds]) VALUES (33, N'Chu kì, tần số con lắc lò xo ', N'2025-06-12', N'Chu kì, tần số con lắc lò xo ', 6, 9, 1, CAST(N'2025-06-12' AS Date), CAST(N'2025-06-17' AS Date), NULL)
INSERT [dbo].[Lesson] ([Id], [Title], [Link], [Description], [VideoNum], [ModuleId], [Status], [CreatedDate], [UpdatedDate], [DurationSeconds]) VALUES (34, N'Con lắc đơn ', N'2025-06-12', N'Con lắc đơn ', 7, 9, 1, CAST(N'2025-06-12' AS Date), CAST(N'2025-06-17' AS Date), NULL)
INSERT [dbo].[Lesson] ([Id], [Title], [Link], [Description], [VideoNum], [ModuleId], [Status], [CreatedDate], [UpdatedDate], [DurationSeconds]) VALUES (35, N'Dao động tắt dần, cưỡng bức, duy trì', N'2025-06-12', N'Dao động tắt dần, cưỡng bức, duy trì', 8, 9, 1, CAST(N'2025-06-12' AS Date), CAST(N'2025-06-17' AS Date), NULL)
INSERT [dbo].[Lesson] ([Id], [Title], [Link], [Description], [VideoNum], [ModuleId], [Status], [CreatedDate], [UpdatedDate], [DurationSeconds]) VALUES (36, N'Đại cương sóng cơ', N'2025-06-12', N'Đại cương sóng cơ', 1, 10, 1, CAST(N'2025-06-12' AS Date), NULL, NULL)
INSERT [dbo].[Lesson] ([Id], [Title], [Link], [Description], [VideoNum], [ModuleId], [Status], [CreatedDate], [UpdatedDate], [DurationSeconds]) VALUES (37, N'Đặc trưng sóng cơ', N'2025-06-12', N'Đặc trưng sóng cơ', 2, 10, 1, CAST(N'2025-06-12' AS Date), NULL, NULL)
INSERT [dbo].[Lesson] ([Id], [Title], [Link], [Description], [VideoNum], [ModuleId], [Status], [CreatedDate], [UpdatedDate], [DurationSeconds]) VALUES (38, N'Độ lệch pha, phương trình sóng ', N'2025-06-12', N'Độ lệch pha, phương trình sóng ', 3, 10, 1, CAST(N'2025-06-12' AS Date), NULL, NULL)
INSERT [dbo].[Lesson] ([Id], [Title], [Link], [Description], [VideoNum], [ModuleId], [Status], [CreatedDate], [UpdatedDate], [DurationSeconds]) VALUES (39, N'Sóng dừng', N'2025-06-12', N'Sóng dừng', 4, 10, 1, CAST(N'2025-06-12' AS Date), NULL, NULL)
INSERT [dbo].[Lesson] ([Id], [Title], [Link], [Description], [VideoNum], [ModuleId], [Status], [CreatedDate], [UpdatedDate], [DurationSeconds]) VALUES (40, N'Sóng âm', N'2025-06-12', N'Sóng âm', 5, 10, 1, CAST(N'2025-06-12' AS Date), NULL, NULL)
INSERT [dbo].[Lesson] ([Id], [Title], [Link], [Description], [VideoNum], [ModuleId], [Status], [CreatedDate], [UpdatedDate], [DurationSeconds]) VALUES (41, N'Đại cương điện xoay chiều', N'2025-06-12', N'Đại cương điện xoay chiều', 1, 11, 1, CAST(N'2025-06-12' AS Date), NULL, NULL)
INSERT [dbo].[Lesson] ([Id], [Title], [Link], [Description], [VideoNum], [ModuleId], [Status], [CreatedDate], [UpdatedDate], [DurationSeconds]) VALUES (42, N'Các loại đoạn mạch xoay chiều', N'2025-06-12', N'Các loại đoạn mạch xoay chiều', 2, 11, 1, CAST(N'2025-06-12' AS Date), NULL, NULL)
INSERT [dbo].[Lesson] ([Id], [Title], [Link], [Description], [VideoNum], [ModuleId], [Status], [CreatedDate], [UpdatedDate], [DurationSeconds]) VALUES (43, N'Truyền tải điện năng', N'2025-06-12', N'Truyền tải điện năng', 3, 11, 1, CAST(N'2025-06-12' AS Date), NULL, NULL)
INSERT [dbo].[Lesson] ([Id], [Title], [Link], [Description], [VideoNum], [ModuleId], [Status], [CreatedDate], [UpdatedDate], [DurationSeconds]) VALUES (45, N'Biến thiên điện áp, tần số góc riêng, chu kì riêng', N'2025-06-12', N'Biến thiên điện áp, tần số góc riêng, chu kì riêng', 1, 12, 1, CAST(N'2025-06-12' AS Date), NULL, NULL)
INSERT [dbo].[Lesson] ([Id], [Title], [Link], [Description], [VideoNum], [ModuleId], [Status], [CreatedDate], [UpdatedDate], [DurationSeconds]) VALUES (46, N'Sóng điện từ ', N'2025-06-12', N'Sóng điện từ ', 2, 12, 1, CAST(N'2025-06-12' AS Date), NULL, NULL)
INSERT [dbo].[Lesson] ([Id], [Title], [Link], [Description], [VideoNum], [ModuleId], [Status], [CreatedDate], [UpdatedDate], [DurationSeconds]) VALUES (47, N'Tán sắc ánh sáng ', N'2025-06-12', N'Tán sắc ánh sáng ', 1, 13, 1, CAST(N'2025-06-12' AS Date), NULL, NULL)
INSERT [dbo].[Lesson] ([Id], [Title], [Link], [Description], [VideoNum], [ModuleId], [Status], [CreatedDate], [UpdatedDate], [DurationSeconds]) VALUES (48, N'Giao thoa ánh sáng', N'2025-06-12', N'Giao thoa ánh sáng', 2, 13, 1, CAST(N'2025-06-12' AS Date), NULL, NULL)
INSERT [dbo].[Lesson] ([Id], [Title], [Link], [Description], [VideoNum], [ModuleId], [Status], [CreatedDate], [UpdatedDate], [DurationSeconds]) VALUES (49, N'Máy quang phổ', N'2025-06-12', N'Máy quang phổ', 3, 13, 1, CAST(N'2025-06-12' AS Date), NULL, NULL)
INSERT [dbo].[Lesson] ([Id], [Title], [Link], [Description], [VideoNum], [ModuleId], [Status], [CreatedDate], [UpdatedDate], [DurationSeconds]) VALUES (51, N'Tia hồng ngoại, tia tử ngoại, tia x', N'2025-06-12', N'Tia hồng ngoại, tia tử ngoại, tia x', 4, 13, 1, CAST(N'2025-06-12' AS Date), NULL, NULL)
INSERT [dbo].[Lesson] ([Id], [Title], [Link], [Description], [VideoNum], [ModuleId], [Status], [CreatedDate], [UpdatedDate], [DurationSeconds]) VALUES (52, N'Hiện tượng quang điện', N'2025-06-12', N'Hiện tượng quang điện', 1, 14, 1, CAST(N'2025-06-12' AS Date), NULL, NULL)
INSERT [dbo].[Lesson] ([Id], [Title], [Link], [Description], [VideoNum], [ModuleId], [Status], [CreatedDate], [UpdatedDate], [DurationSeconds]) VALUES (54, N'Quang điện trong/ quang điện trở', N'2025-06-12', N'Quang điện trong/ quang điện trở', 2, 14, 1, CAST(N'2025-06-12' AS Date), NULL, NULL)
INSERT [dbo].[Lesson] ([Id], [Title], [Link], [Description], [VideoNum], [ModuleId], [Status], [CreatedDate], [UpdatedDate], [DurationSeconds]) VALUES (55, N'Cấu tạo hạt nhân nguyên tử', N'2025-06-12', N'Cấu tạo hạt nhân nguyên tử', 1, 15, 1, CAST(N'2025-06-12' AS Date), NULL, NULL)
INSERT [dbo].[Lesson] ([Id], [Title], [Link], [Description], [VideoNum], [ModuleId], [Status], [CreatedDate], [UpdatedDate], [DurationSeconds]) VALUES (56, N'Năng lượng liên két của hạt nhân 2', N'2025-06-12', N'Năng lượng liên két của hạt nhân 2', 2, 15, 1, CAST(N'2025-06-12' AS Date), NULL, NULL)
INSERT [dbo].[Lesson] ([Id], [Title], [Link], [Description], [VideoNum], [ModuleId], [Status], [CreatedDate], [UpdatedDate], [DurationSeconds]) VALUES (57, N'Phản ứng hạt nhân', N'2025-06-12', N'Phản ứng hạt nhân', 3, 15, 1, CAST(N'2025-06-12' AS Date), NULL, NULL)
INSERT [dbo].[Lesson] ([Id], [Title], [Link], [Description], [VideoNum], [ModuleId], [Status], [CreatedDate], [UpdatedDate], [DurationSeconds]) VALUES (58, N'Phóng xạ ', N'2025-06-12', N'Phóng xạ ', 4, 15, 1, CAST(N'2025-06-12' AS Date), NULL, NULL)
INSERT [dbo].[Lesson] ([Id], [Title], [Link], [Description], [VideoNum], [ModuleId], [Status], [CreatedDate], [UpdatedDate], [DurationSeconds]) VALUES (61, N'abcdef', N'2025-06-12', N'abcdef', 1, 19, 1, CAST(N'2025-07-27' AS Date), NULL, 100)
INSERT [dbo].[Lesson] ([Id], [Title], [Link], [Description], [VideoNum], [ModuleId], [Status], [CreatedDate], [UpdatedDate], [DurationSeconds]) VALUES (62, N'Ham so bac hai', N'https://s3.ap-southeast-1.wasabisys.com/alsystem/3/HatNhanDaiCuong.mp4', N'12', 1, 16, 1, CAST(N'2025-07-29' AS Date), NULL, 2164)
INSERT [dbo].[Lesson] ([Id], [Title], [Link], [Description], [VideoNum], [ModuleId], [Status], [CreatedDate], [UpdatedDate], [DurationSeconds]) VALUES (63, N'Ham so', N'https://s3.ap-southeast-1.wasabisys.com/alsystem/3/HatNhanDaiCuong.mp4', N'123', 2, 16, 1, CAST(N'2025-07-29' AS Date), NULL, 3371)
INSERT [dbo].[Lesson] ([Id], [Title], [Link], [Description], [VideoNum], [ModuleId], [Status], [CreatedDate], [UpdatedDate], [DurationSeconds]) VALUES (64, N'Menh de', N'https://s3.ap-southeast-1.wasabisys.com/alsystem/3/TuTruong.mp4', N'a', 1, 17, 1, CAST(N'2025-07-29' AS Date), NULL, 3450)
INSERT [dbo].[Lesson] ([Id], [Title], [Link], [Description], [VideoNum], [ModuleId], [Status], [CreatedDate], [UpdatedDate], [DurationSeconds]) VALUES (65, N'Tap hop', N'https://s3.ap-southeast-1.wasabisys.com/alsystem/3/DongHocChatKhi.mp4', N'a123', 1, 18, 1, CAST(N'2025-07-29' AS Date), NULL, 2973)
SET IDENTITY_INSERT [dbo].[Lesson] OFF
GO
SET IDENTITY_INSERT [dbo].[LessonProgress] ON 

INSERT [dbo].[LessonProgress] ([Id], [ModuleProgressId], [VideoId], [LastWatched], [Status], [WatchedDuration]) VALUES (2, 1, 2, CAST(N'2025-08-05' AS Date), 1, 53)
INSERT [dbo].[LessonProgress] ([Id], [ModuleProgressId], [VideoId], [LastWatched], [Status], [WatchedDuration]) VALUES (3, 1, 3, CAST(N'2025-06-03' AS Date), 1, NULL)
INSERT [dbo].[LessonProgress] ([Id], [ModuleProgressId], [VideoId], [LastWatched], [Status], [WatchedDuration]) VALUES (4, 2, 5, CAST(N'2025-06-04' AS Date), 1, NULL)
INSERT [dbo].[LessonProgress] ([Id], [ModuleProgressId], [VideoId], [LastWatched], [Status], [WatchedDuration]) VALUES (5, 2, 6, CAST(N'2025-06-09' AS Date), 1, NULL)
INSERT [dbo].[LessonProgress] ([Id], [ModuleProgressId], [VideoId], [LastWatched], [Status], [WatchedDuration]) VALUES (7, 3, 7, CAST(N'2025-06-10' AS Date), 1, NULL)
INSERT [dbo].[LessonProgress] ([Id], [ModuleProgressId], [VideoId], [LastWatched], [Status], [WatchedDuration]) VALUES (8, 3, 8, CAST(N'2025-06-14' AS Date), 1, NULL)
INSERT [dbo].[LessonProgress] ([Id], [ModuleProgressId], [VideoId], [LastWatched], [Status], [WatchedDuration]) VALUES (9, 4, 9, CAST(N'2025-06-15' AS Date), 1, NULL)
INSERT [dbo].[LessonProgress] ([Id], [ModuleProgressId], [VideoId], [LastWatched], [Status], [WatchedDuration]) VALUES (11, 4, 10, CAST(N'2025-06-16' AS Date), 1, NULL)
INSERT [dbo].[LessonProgress] ([Id], [ModuleProgressId], [VideoId], [LastWatched], [Status], [WatchedDuration]) VALUES (12, 4, 11, CAST(N'2025-06-17' AS Date), 1, NULL)
INSERT [dbo].[LessonProgress] ([Id], [ModuleProgressId], [VideoId], [LastWatched], [Status], [WatchedDuration]) VALUES (13, 4, 12, CAST(N'2025-06-18' AS Date), 1, NULL)
INSERT [dbo].[LessonProgress] ([Id], [ModuleProgressId], [VideoId], [LastWatched], [Status], [WatchedDuration]) VALUES (14, 4, 13, CAST(N'2025-06-20' AS Date), 1, NULL)
INSERT [dbo].[LessonProgress] ([Id], [ModuleProgressId], [VideoId], [LastWatched], [Status], [WatchedDuration]) VALUES (17, 7, 14, CAST(N'2025-06-22' AS Date), 1, NULL)
INSERT [dbo].[LessonProgress] ([Id], [ModuleProgressId], [VideoId], [LastWatched], [Status], [WatchedDuration]) VALUES (18, 7, 16, CAST(N'2025-06-22' AS Date), 1, NULL)
INSERT [dbo].[LessonProgress] ([Id], [ModuleProgressId], [VideoId], [LastWatched], [Status], [WatchedDuration]) VALUES (19, 7, 17, CAST(N'2025-06-22' AS Date), 1, NULL)
INSERT [dbo].[LessonProgress] ([Id], [ModuleProgressId], [VideoId], [LastWatched], [Status], [WatchedDuration]) VALUES (20, 8, 18, CAST(N'2025-06-23' AS Date), 1, NULL)
INSERT [dbo].[LessonProgress] ([Id], [ModuleProgressId], [VideoId], [LastWatched], [Status], [WatchedDuration]) VALUES (21, 8, 19, NULL, 0, NULL)
INSERT [dbo].[LessonProgress] ([Id], [ModuleProgressId], [VideoId], [LastWatched], [Status], [WatchedDuration]) VALUES (22, 9, 20, NULL, 0, NULL)
INSERT [dbo].[LessonProgress] ([Id], [ModuleProgressId], [VideoId], [LastWatched], [Status], [WatchedDuration]) VALUES (23, 9, 22, NULL, 0, NULL)
INSERT [dbo].[LessonProgress] ([Id], [ModuleProgressId], [VideoId], [LastWatched], [Status], [WatchedDuration]) VALUES (24, 9, 23, NULL, 0, NULL)
INSERT [dbo].[LessonProgress] ([Id], [ModuleProgressId], [VideoId], [LastWatched], [Status], [WatchedDuration]) VALUES (25, 10, 24, NULL, 0, NULL)
INSERT [dbo].[LessonProgress] ([Id], [ModuleProgressId], [VideoId], [LastWatched], [Status], [WatchedDuration]) VALUES (26, 11, 26, CAST(N'2025-07-26' AS Date), 1, NULL)
INSERT [dbo].[LessonProgress] ([Id], [ModuleProgressId], [VideoId], [LastWatched], [Status], [WatchedDuration]) VALUES (27, 12, 61, CAST(N'2025-08-04' AS Date), 1, NULL)
INSERT [dbo].[LessonProgress] ([Id], [ModuleProgressId], [VideoId], [LastWatched], [Status], [WatchedDuration]) VALUES (29, 13, 62, CAST(N'2025-07-29' AS Date), 1, NULL)
INSERT [dbo].[LessonProgress] ([Id], [ModuleProgressId], [VideoId], [LastWatched], [Status], [WatchedDuration]) VALUES (30, 13, 63, CAST(N'2025-07-29' AS Date), 1, NULL)
INSERT [dbo].[LessonProgress] ([Id], [ModuleProgressId], [VideoId], [LastWatched], [Status], [WatchedDuration]) VALUES (31, 14, 64, CAST(N'2025-07-29' AS Date), 1, NULL)
INSERT [dbo].[LessonProgress] ([Id], [ModuleProgressId], [VideoId], [LastWatched], [Status], [WatchedDuration]) VALUES (32, 15, 65, CAST(N'2025-07-29' AS Date), 1, NULL)
INSERT [dbo].[LessonProgress] ([Id], [ModuleProgressId], [VideoId], [LastWatched], [Status], [WatchedDuration]) VALUES (35, 16, 62, CAST(N'2025-07-29' AS Date), 1, NULL)
INSERT [dbo].[LessonProgress] ([Id], [ModuleProgressId], [VideoId], [LastWatched], [Status], [WatchedDuration]) VALUES (36, 16, 63, CAST(N'2025-07-29' AS Date), 1, NULL)
INSERT [dbo].[LessonProgress] ([Id], [ModuleProgressId], [VideoId], [LastWatched], [Status], [WatchedDuration]) VALUES (37, 17, 64, CAST(N'2025-07-29' AS Date), 1, NULL)
INSERT [dbo].[LessonProgress] ([Id], [ModuleProgressId], [VideoId], [LastWatched], [Status], [WatchedDuration]) VALUES (38, 18, 65, CAST(N'2025-07-29' AS Date), 1, NULL)
INSERT [dbo].[LessonProgress] ([Id], [ModuleProgressId], [VideoId], [LastWatched], [Status], [WatchedDuration]) VALUES (39, 19, 62, CAST(N'2025-07-30' AS Date), 1, NULL)
INSERT [dbo].[LessonProgress] ([Id], [ModuleProgressId], [VideoId], [LastWatched], [Status], [WatchedDuration]) VALUES (40, 19, 63, CAST(N'2025-07-30' AS Date), 1, NULL)
INSERT [dbo].[LessonProgress] ([Id], [ModuleProgressId], [VideoId], [LastWatched], [Status], [WatchedDuration]) VALUES (41, 20, 64, CAST(N'2025-07-30' AS Date), 1, NULL)
INSERT [dbo].[LessonProgress] ([Id], [ModuleProgressId], [VideoId], [LastWatched], [Status], [WatchedDuration]) VALUES (42, 21, 65, CAST(N'2025-07-30' AS Date), 1, NULL)
INSERT [dbo].[LessonProgress] ([Id], [ModuleProgressId], [VideoId], [LastWatched], [Status], [WatchedDuration]) VALUES (43, 23, 62, CAST(N'2025-07-30' AS Date), 1, NULL)
INSERT [dbo].[LessonProgress] ([Id], [ModuleProgressId], [VideoId], [LastWatched], [Status], [WatchedDuration]) VALUES (44, 24, 62, CAST(N'2025-07-30' AS Date), 1, NULL)
INSERT [dbo].[LessonProgress] ([Id], [ModuleProgressId], [VideoId], [LastWatched], [Status], [WatchedDuration]) VALUES (45, 24, 16, CAST(N'2025-07-30' AS Date), 1, NULL)
INSERT [dbo].[LessonProgress] ([Id], [ModuleProgressId], [VideoId], [LastWatched], [Status], [WatchedDuration]) VALUES (46, 24, 63, CAST(N'2025-07-30' AS Date), 1, NULL)
INSERT [dbo].[LessonProgress] ([Id], [ModuleProgressId], [VideoId], [LastWatched], [Status], [WatchedDuration]) VALUES (47, 25, 64, CAST(N'2025-07-30' AS Date), 1, NULL)
INSERT [dbo].[LessonProgress] ([Id], [ModuleProgressId], [VideoId], [LastWatched], [Status], [WatchedDuration]) VALUES (48, 26, 65, CAST(N'2025-07-31' AS Date), 1, NULL)
INSERT [dbo].[LessonProgress] ([Id], [ModuleProgressId], [VideoId], [LastWatched], [Status], [WatchedDuration]) VALUES (49, 31, 62, CAST(N'2025-08-08' AS Date), 0, NULL)
INSERT [dbo].[LessonProgress] ([Id], [ModuleProgressId], [VideoId], [LastWatched], [Status], [WatchedDuration]) VALUES (50, 31, 63, CAST(N'2025-08-08' AS Date), 0, NULL)
INSERT [dbo].[LessonProgress] ([Id], [ModuleProgressId], [VideoId], [LastWatched], [Status], [WatchedDuration]) VALUES (51, 31, 64, CAST(N'2025-08-08' AS Date), 0, NULL)
INSERT [dbo].[LessonProgress] ([Id], [ModuleProgressId], [VideoId], [LastWatched], [Status], [WatchedDuration]) VALUES (52, 32, 64, CAST(N'2025-08-08' AS Date), 0, NULL)
INSERT [dbo].[LessonProgress] ([Id], [ModuleProgressId], [VideoId], [LastWatched], [Status], [WatchedDuration]) VALUES (53, 33, 65, CAST(N'2025-08-08' AS Date), 0, NULL)
INSERT [dbo].[LessonProgress] ([Id], [ModuleProgressId], [VideoId], [LastWatched], [Status], [WatchedDuration]) VALUES (54, 34, 2, CAST(N'2025-08-08' AS Date), 0, NULL)
INSERT [dbo].[LessonProgress] ([Id], [ModuleProgressId], [VideoId], [LastWatched], [Status], [WatchedDuration]) VALUES (55, 34, 3, CAST(N'2025-08-08' AS Date), 0, NULL)
INSERT [dbo].[LessonProgress] ([Id], [ModuleProgressId], [VideoId], [LastWatched], [Status], [WatchedDuration]) VALUES (56, 35, 5, CAST(N'2025-08-08' AS Date), 0, NULL)
INSERT [dbo].[LessonProgress] ([Id], [ModuleProgressId], [VideoId], [LastWatched], [Status], [WatchedDuration]) VALUES (57, 35, 6, CAST(N'2025-08-08' AS Date), 0, NULL)
INSERT [dbo].[LessonProgress] ([Id], [ModuleProgressId], [VideoId], [LastWatched], [Status], [WatchedDuration]) VALUES (58, 35, 7, CAST(N'2025-08-08' AS Date), 0, NULL)
INSERT [dbo].[LessonProgress] ([Id], [ModuleProgressId], [VideoId], [LastWatched], [Status], [WatchedDuration]) VALUES (59, 36, 7, CAST(N'2025-08-08' AS Date), 0, NULL)
INSERT [dbo].[LessonProgress] ([Id], [ModuleProgressId], [VideoId], [LastWatched], [Status], [WatchedDuration]) VALUES (60, 36, 8, CAST(N'2025-08-08' AS Date), 0, NULL)
INSERT [dbo].[LessonProgress] ([Id], [ModuleProgressId], [VideoId], [LastWatched], [Status], [WatchedDuration]) VALUES (61, 37, 9, CAST(N'2025-08-08' AS Date), 0, NULL)
INSERT [dbo].[LessonProgress] ([Id], [ModuleProgressId], [VideoId], [LastWatched], [Status], [WatchedDuration]) VALUES (62, 37, 10, CAST(N'2025-08-08' AS Date), 0, NULL)
INSERT [dbo].[LessonProgress] ([Id], [ModuleProgressId], [VideoId], [LastWatched], [Status], [WatchedDuration]) VALUES (63, 37, 14, CAST(N'2025-08-08' AS Date), 0, NULL)
INSERT [dbo].[LessonProgress] ([Id], [ModuleProgressId], [VideoId], [LastWatched], [Status], [WatchedDuration]) VALUES (64, 41, 24, CAST(N'2025-08-08' AS Date), 0, NULL)
INSERT [dbo].[LessonProgress] ([Id], [ModuleProgressId], [VideoId], [LastWatched], [Status], [WatchedDuration]) VALUES (65, 44, 64, CAST(N'2025-08-09' AS Date), 0, NULL)
INSERT [dbo].[LessonProgress] ([Id], [ModuleProgressId], [VideoId], [LastWatched], [Status], [WatchedDuration]) VALUES (66, 45, 65, CAST(N'2025-08-09' AS Date), 0, NULL)
INSERT [dbo].[LessonProgress] ([Id], [ModuleProgressId], [VideoId], [LastWatched], [Status], [WatchedDuration]) VALUES (67, 43, 62, CAST(N'2025-08-09' AS Date), 0, NULL)
INSERT [dbo].[LessonProgress] ([Id], [ModuleProgressId], [VideoId], [LastWatched], [Status], [WatchedDuration]) VALUES (68, 43, 63, CAST(N'2025-08-09' AS Date), 0, NULL)
INSERT [dbo].[LessonProgress] ([Id], [ModuleProgressId], [VideoId], [LastWatched], [Status], [WatchedDuration]) VALUES (69, 46, 2, CAST(N'2025-08-09' AS Date), 0, 9)
INSERT [dbo].[LessonProgress] ([Id], [ModuleProgressId], [VideoId], [LastWatched], [Status], [WatchedDuration]) VALUES (70, 46, 3, CAST(N'2025-08-09' AS Date), 0, NULL)
INSERT [dbo].[LessonProgress] ([Id], [ModuleProgressId], [VideoId], [LastWatched], [Status], [WatchedDuration]) VALUES (71, 47, 5, CAST(N'2025-08-09' AS Date), 0, NULL)
INSERT [dbo].[LessonProgress] ([Id], [ModuleProgressId], [VideoId], [LastWatched], [Status], [WatchedDuration]) VALUES (72, 48, 62, CAST(N'2025-08-09' AS Date), 0, NULL)
INSERT [dbo].[LessonProgress] ([Id], [ModuleProgressId], [VideoId], [LastWatched], [Status], [WatchedDuration]) VALUES (73, 48, 63, CAST(N'2025-08-09' AS Date), 0, 11)
INSERT [dbo].[LessonProgress] ([Id], [ModuleProgressId], [VideoId], [LastWatched], [Status], [WatchedDuration]) VALUES (74, 51, 2, CAST(N'2025-08-09' AS Date), 0, 7)
INSERT [dbo].[LessonProgress] ([Id], [ModuleProgressId], [VideoId], [LastWatched], [Status], [WatchedDuration]) VALUES (75, 51, 3, CAST(N'2025-08-09' AS Date), 0, NULL)
INSERT [dbo].[LessonProgress] ([Id], [ModuleProgressId], [VideoId], [LastWatched], [Status], [WatchedDuration]) VALUES (76, 49, 64, CAST(N'2025-08-09' AS Date), 0, NULL)
INSERT [dbo].[LessonProgress] ([Id], [ModuleProgressId], [VideoId], [LastWatched], [Status], [WatchedDuration]) VALUES (77, 50, 65, CAST(N'2025-08-09' AS Date), 0, NULL)
INSERT [dbo].[LessonProgress] ([Id], [ModuleProgressId], [VideoId], [LastWatched], [Status], [WatchedDuration]) VALUES (78, 53, 7, CAST(N'2025-08-09' AS Date), 0, NULL)
INSERT [dbo].[LessonProgress] ([Id], [ModuleProgressId], [VideoId], [LastWatched], [Status], [WatchedDuration]) VALUES (79, 54, 9, CAST(N'2025-08-09' AS Date), 0, NULL)
INSERT [dbo].[LessonProgress] ([Id], [ModuleProgressId], [VideoId], [LastWatched], [Status], [WatchedDuration]) VALUES (80, 55, 62, CAST(N'2025-08-09' AS Date), 0, 2)
INSERT [dbo].[LessonProgress] ([Id], [ModuleProgressId], [VideoId], [LastWatched], [Status], [WatchedDuration]) VALUES (81, 55, 63, CAST(N'2025-08-09' AS Date), 0, 2)
INSERT [dbo].[LessonProgress] ([Id], [ModuleProgressId], [VideoId], [LastWatched], [Status], [WatchedDuration]) VALUES (82, 56, 64, CAST(N'2025-08-09' AS Date), 0, 2)
INSERT [dbo].[LessonProgress] ([Id], [ModuleProgressId], [VideoId], [LastWatched], [Status], [WatchedDuration]) VALUES (83, 57, 65, CAST(N'2025-08-09' AS Date), 0, 4)
INSERT [dbo].[LessonProgress] ([Id], [ModuleProgressId], [VideoId], [LastWatched], [Status], [WatchedDuration]) VALUES (84, 58, 2, CAST(N'2025-08-09' AS Date), 0, 1)
INSERT [dbo].[LessonProgress] ([Id], [ModuleProgressId], [VideoId], [LastWatched], [Status], [WatchedDuration]) VALUES (85, 59, 5, CAST(N'2025-08-09' AS Date), 0, NULL)
INSERT [dbo].[LessonProgress] ([Id], [ModuleProgressId], [VideoId], [LastWatched], [Status], [WatchedDuration]) VALUES (86, 59, 3, CAST(N'2025-08-09' AS Date), 0, NULL)
INSERT [dbo].[LessonProgress] ([Id], [ModuleProgressId], [VideoId], [LastWatched], [Status], [WatchedDuration]) VALUES (87, 60, 2, CAST(N'2025-08-09' AS Date), 0, 2)
INSERT [dbo].[LessonProgress] ([Id], [ModuleProgressId], [VideoId], [LastWatched], [Status], [WatchedDuration]) VALUES (88, 61, 5, CAST(N'2025-08-09' AS Date), 0, NULL)
INSERT [dbo].[LessonProgress] ([Id], [ModuleProgressId], [VideoId], [LastWatched], [Status], [WatchedDuration]) VALUES (89, 62, 62, CAST(N'2025-08-09' AS Date), 0, 4)
INSERT [dbo].[LessonProgress] ([Id], [ModuleProgressId], [VideoId], [LastWatched], [Status], [WatchedDuration]) VALUES (90, 62, 63, CAST(N'2025-08-09' AS Date), 0, 4)
INSERT [dbo].[LessonProgress] ([Id], [ModuleProgressId], [VideoId], [LastWatched], [Status], [WatchedDuration]) VALUES (91, 63, 64, CAST(N'2025-08-09' AS Date), 0, 1)
INSERT [dbo].[LessonProgress] ([Id], [ModuleProgressId], [VideoId], [LastWatched], [Status], [WatchedDuration]) VALUES (92, 64, 65, CAST(N'2025-08-09' AS Date), 0, 5)
INSERT [dbo].[LessonProgress] ([Id], [ModuleProgressId], [VideoId], [LastWatched], [Status], [WatchedDuration]) VALUES (93, 65, 2, CAST(N'2025-08-09' AS Date), 0, 3)
INSERT [dbo].[LessonProgress] ([Id], [ModuleProgressId], [VideoId], [LastWatched], [Status], [WatchedDuration]) VALUES (94, 65, 3, CAST(N'2025-08-09' AS Date), 0, 3)
INSERT [dbo].[LessonProgress] ([Id], [ModuleProgressId], [VideoId], [LastWatched], [Status], [WatchedDuration]) VALUES (95, 66, 5, CAST(N'2025-08-09' AS Date), 0, NULL)
INSERT [dbo].[LessonProgress] ([Id], [ModuleProgressId], [VideoId], [LastWatched], [Status], [WatchedDuration]) VALUES (96, 67, 62, CAST(N'2025-08-09' AS Date), 0, 39)
INSERT [dbo].[LessonProgress] ([Id], [ModuleProgressId], [VideoId], [LastWatched], [Status], [WatchedDuration]) VALUES (97, 67, 63, CAST(N'2025-08-09' AS Date), 0, 1)
INSERT [dbo].[LessonProgress] ([Id], [ModuleProgressId], [VideoId], [LastWatched], [Status], [WatchedDuration]) VALUES (98, 68, 64, CAST(N'2025-08-09' AS Date), 0, 4)
INSERT [dbo].[LessonProgress] ([Id], [ModuleProgressId], [VideoId], [LastWatched], [Status], [WatchedDuration]) VALUES (99, 69, 65, CAST(N'2025-08-09' AS Date), 0, 2)
INSERT [dbo].[LessonProgress] ([Id], [ModuleProgressId], [VideoId], [LastWatched], [Status], [WatchedDuration]) VALUES (100, 70, 2, CAST(N'2025-08-09' AS Date), 0, 4)
INSERT [dbo].[LessonProgress] ([Id], [ModuleProgressId], [VideoId], [LastWatched], [Status], [WatchedDuration]) VALUES (101, 70, 3, CAST(N'2025-08-09' AS Date), 0, 15)
INSERT [dbo].[LessonProgress] ([Id], [ModuleProgressId], [VideoId], [LastWatched], [Status], [WatchedDuration]) VALUES (102, 71, 62, CAST(N'2025-08-09' AS Date), 0, 8)
INSERT [dbo].[LessonProgress] ([Id], [ModuleProgressId], [VideoId], [LastWatched], [Status], [WatchedDuration]) VALUES (103, 71, 63, CAST(N'2025-08-09' AS Date), 0, 10)
INSERT [dbo].[LessonProgress] ([Id], [ModuleProgressId], [VideoId], [LastWatched], [Status], [WatchedDuration]) VALUES (104, 72, 62, CAST(N'2025-08-09' AS Date), 1, 2161)
INSERT [dbo].[LessonProgress] ([Id], [ModuleProgressId], [VideoId], [LastWatched], [Status], [WatchedDuration]) VALUES (105, 72, 63, CAST(N'2025-08-09' AS Date), 1, 100)
INSERT [dbo].[LessonProgress] ([Id], [ModuleProgressId], [VideoId], [LastWatched], [Status], [WatchedDuration]) VALUES (106, 73, 64, CAST(N'2025-08-09' AS Date), 1, 37)
INSERT [dbo].[LessonProgress] ([Id], [ModuleProgressId], [VideoId], [LastWatched], [Status], [WatchedDuration]) VALUES (107, 74, 65, CAST(N'2025-08-09' AS Date), 1, 2806)
GO
INSERT [dbo].[LessonProgress] ([Id], [ModuleProgressId], [VideoId], [LastWatched], [Status], [WatchedDuration]) VALUES (108, 76, 63, CAST(N'2025-08-09' AS Date), 0, NULL)
INSERT [dbo].[LessonProgress] ([Id], [ModuleProgressId], [VideoId], [LastWatched], [Status], [WatchedDuration]) VALUES (109, 76, 62, CAST(N'2025-08-09' AS Date), 0, NULL)
INSERT [dbo].[LessonProgress] ([Id], [ModuleProgressId], [VideoId], [LastWatched], [Status], [WatchedDuration]) VALUES (110, 76, 64, CAST(N'2025-08-09' AS Date), 1, 3450)
INSERT [dbo].[LessonProgress] ([Id], [ModuleProgressId], [VideoId], [LastWatched], [Status], [WatchedDuration]) VALUES (111, 77, 62, CAST(N'2025-08-09' AS Date), 1, 2141)
INSERT [dbo].[LessonProgress] ([Id], [ModuleProgressId], [VideoId], [LastWatched], [Status], [WatchedDuration]) VALUES (112, 77, 63, CAST(N'2025-08-09' AS Date), 1, 3358)
INSERT [dbo].[LessonProgress] ([Id], [ModuleProgressId], [VideoId], [LastWatched], [Status], [WatchedDuration]) VALUES (113, 75, 65, CAST(N'2025-08-09' AS Date), 1, 2832)
INSERT [dbo].[LessonProgress] ([Id], [ModuleProgressId], [VideoId], [LastWatched], [Status], [WatchedDuration]) VALUES (114, 78, 62, CAST(N'2025-08-09' AS Date), 1, 2109)
INSERT [dbo].[LessonProgress] ([Id], [ModuleProgressId], [VideoId], [LastWatched], [Status], [WatchedDuration]) VALUES (115, 78, 63, CAST(N'2025-08-09' AS Date), 1, 3318)
INSERT [dbo].[LessonProgress] ([Id], [ModuleProgressId], [VideoId], [LastWatched], [Status], [WatchedDuration]) VALUES (116, 79, 64, CAST(N'2025-08-09' AS Date), 1, 3177)
INSERT [dbo].[LessonProgress] ([Id], [ModuleProgressId], [VideoId], [LastWatched], [Status], [WatchedDuration]) VALUES (117, 80, 65, CAST(N'2025-08-09' AS Date), 1, 2949)
INSERT [dbo].[LessonProgress] ([Id], [ModuleProgressId], [VideoId], [LastWatched], [Status], [WatchedDuration]) VALUES (118, 81, 62, CAST(N'2025-08-09' AS Date), 1, 2125)
INSERT [dbo].[LessonProgress] ([Id], [ModuleProgressId], [VideoId], [LastWatched], [Status], [WatchedDuration]) VALUES (119, 81, 63, CAST(N'2025-08-09' AS Date), 1, 3273)
INSERT [dbo].[LessonProgress] ([Id], [ModuleProgressId], [VideoId], [LastWatched], [Status], [WatchedDuration]) VALUES (120, 82, 64, CAST(N'2025-08-09' AS Date), 1, 3421)
INSERT [dbo].[LessonProgress] ([Id], [ModuleProgressId], [VideoId], [LastWatched], [Status], [WatchedDuration]) VALUES (121, 83, 65, CAST(N'2025-08-09' AS Date), 1, 2862)
INSERT [dbo].[LessonProgress] ([Id], [ModuleProgressId], [VideoId], [LastWatched], [Status], [WatchedDuration]) VALUES (122, 84, 2, CAST(N'2025-08-09' AS Date), 1, 51)
INSERT [dbo].[LessonProgress] ([Id], [ModuleProgressId], [VideoId], [LastWatched], [Status], [WatchedDuration]) VALUES (123, 84, 3, CAST(N'2025-08-09' AS Date), 1, 51)
INSERT [dbo].[LessonProgress] ([Id], [ModuleProgressId], [VideoId], [LastWatched], [Status], [WatchedDuration]) VALUES (124, 85, 2, CAST(N'2025-08-09' AS Date), 1, 51)
INSERT [dbo].[LessonProgress] ([Id], [ModuleProgressId], [VideoId], [LastWatched], [Status], [WatchedDuration]) VALUES (125, 85, 3, CAST(N'2025-08-09' AS Date), 1, 51)
INSERT [dbo].[LessonProgress] ([Id], [ModuleProgressId], [VideoId], [LastWatched], [Status], [WatchedDuration]) VALUES (126, 86, 62, CAST(N'2025-08-09' AS Date), 1, 2159)
INSERT [dbo].[LessonProgress] ([Id], [ModuleProgressId], [VideoId], [LastWatched], [Status], [WatchedDuration]) VALUES (127, 86, 63, CAST(N'2025-08-09' AS Date), 1, 3338)
INSERT [dbo].[LessonProgress] ([Id], [ModuleProgressId], [VideoId], [LastWatched], [Status], [WatchedDuration]) VALUES (128, 87, 64, CAST(N'2025-08-09' AS Date), 1, 3429)
INSERT [dbo].[LessonProgress] ([Id], [ModuleProgressId], [VideoId], [LastWatched], [Status], [WatchedDuration]) VALUES (129, 88, 65, CAST(N'2025-08-09' AS Date), 1, 2943)
INSERT [dbo].[LessonProgress] ([Id], [ModuleProgressId], [VideoId], [LastWatched], [Status], [WatchedDuration]) VALUES (130, 89, 2, CAST(N'2025-08-14' AS Date), 1, 51)
INSERT [dbo].[LessonProgress] ([Id], [ModuleProgressId], [VideoId], [LastWatched], [Status], [WatchedDuration]) VALUES (131, 90, 2, CAST(N'2025-08-15' AS Date), 1, 47)
INSERT [dbo].[LessonProgress] ([Id], [ModuleProgressId], [VideoId], [LastWatched], [Status], [WatchedDuration]) VALUES (132, 90, 3, CAST(N'2025-08-15' AS Date), 1, 51)
INSERT [dbo].[LessonProgress] ([Id], [ModuleProgressId], [VideoId], [LastWatched], [Status], [WatchedDuration]) VALUES (133, 91, 5, CAST(N'2025-08-15' AS Date), 0, NULL)
INSERT [dbo].[LessonProgress] ([Id], [ModuleProgressId], [VideoId], [LastWatched], [Status], [WatchedDuration]) VALUES (134, 92, 7, CAST(N'2025-08-15' AS Date), 0, NULL)
INSERT [dbo].[LessonProgress] ([Id], [ModuleProgressId], [VideoId], [LastWatched], [Status], [WatchedDuration]) VALUES (135, 93, 24, CAST(N'2025-08-15' AS Date), 0, NULL)
INSERT [dbo].[LessonProgress] ([Id], [ModuleProgressId], [VideoId], [LastWatched], [Status], [WatchedDuration]) VALUES (136, 94, 20, CAST(N'2025-08-15' AS Date), 0, NULL)
INSERT [dbo].[LessonProgress] ([Id], [ModuleProgressId], [VideoId], [LastWatched], [Status], [WatchedDuration]) VALUES (137, 95, 62, CAST(N'2025-08-15' AS Date), 0, 1766)
INSERT [dbo].[LessonProgress] ([Id], [ModuleProgressId], [VideoId], [LastWatched], [Status], [WatchedDuration]) VALUES (138, 95, 63, CAST(N'2025-08-15' AS Date), 0, 24)
INSERT [dbo].[LessonProgress] ([Id], [ModuleProgressId], [VideoId], [LastWatched], [Status], [WatchedDuration]) VALUES (139, 96, 64, CAST(N'2025-08-15' AS Date), 0, 3)
INSERT [dbo].[LessonProgress] ([Id], [ModuleProgressId], [VideoId], [LastWatched], [Status], [WatchedDuration]) VALUES (140, 97, 65, CAST(N'2025-08-15' AS Date), 0, 6)
SET IDENTITY_INSERT [dbo].[LessonProgress] OFF
GO
SET IDENTITY_INSERT [dbo].[Module] ON 

INSERT [dbo].[Module] ([Id], [ModuleName], [Description], [ModuleNum], [Status], [CourseId], [CreatedDate], [UpdatedDate]) VALUES (1, N'1', N'', 1, 1, 1, CAST(N'2025-06-12' AS Date), CAST(N'2025-08-12' AS Date))
INSERT [dbo].[Module] ([Id], [ModuleName], [Description], [ModuleNum], [Status], [CourseId], [CreatedDate], [UpdatedDate]) VALUES (2, N'Bất phương trình và hệ bất phương trình bậc nhất hai ẩn ', N'Tìm hiểu về bấ phương trình, phân biệt bất phương trình bậc nhất hai ẩn ', 2, 1, 1, CAST(N'2025-06-12' AS Date), NULL)
INSERT [dbo].[Module] ([Id], [ModuleName], [Description], [ModuleNum], [Status], [CourseId], [CreatedDate], [UpdatedDate]) VALUES (3, N'Hệ thức lượng trong tam giác', N'Hệ thức lượng trong tam giác là ì, cùng tìm hiểu nhé', 3, 1, 1, CAST(N'2025-06-12' AS Date), NULL)
INSERT [dbo].[Module] ([Id], [ModuleName], [Description], [ModuleNum], [Status], [CourseId], [CreatedDate], [UpdatedDate]) VALUES (4, N'Vecto', N'Vecto', 4, 1, 1, CAST(N'2025-06-12' AS Date), NULL)
INSERT [dbo].[Module] ([Id], [ModuleName], [Description], [ModuleNum], [Status], [CourseId], [CreatedDate], [UpdatedDate]) VALUES (5, N'Hàm số, đồ thị và ứng dụng', N'Hàm số', 5, 1, 1, CAST(N'2025-06-12' AS Date), NULL)
INSERT [dbo].[Module] ([Id], [ModuleName], [Description], [ModuleNum], [Status], [CourseId], [CreatedDate], [UpdatedDate]) VALUES (6, N'Phương pháp tọa độ trong mặt phẳng ', N'Phương pháp tọa độ trong mặt phẳng ', 6, 1, 1, CAST(N'2025-06-17' AS Date), NULL)
INSERT [dbo].[Module] ([Id], [ModuleName], [Description], [ModuleNum], [Status], [CourseId], [CreatedDate], [UpdatedDate]) VALUES (7, N'Đại số tổ hợp', N'Đại ssoo tổ hợp', 7, 1, 1, CAST(N'2025-06-17' AS Date), NULL)
INSERT [dbo].[Module] ([Id], [ModuleName], [Description], [ModuleNum], [Status], [CourseId], [CreatedDate], [UpdatedDate]) VALUES (8, N'Tính xác suất theo định nghĩa cổ điển ', N'Tính xác suất đại số cổ điển', 8, 1, 1, CAST(N'2025-06-17' AS Date), NULL)
INSERT [dbo].[Module] ([Id], [ModuleName], [Description], [ModuleNum], [Status], [CourseId], [CreatedDate], [UpdatedDate]) VALUES (9, N'Dao động cơ', N'Dao động cơ', 1, 1, 2, CAST(N'2025-06-17' AS Date), CAST(N'2025-06-17' AS Date))
INSERT [dbo].[Module] ([Id], [ModuleName], [Description], [ModuleNum], [Status], [CourseId], [CreatedDate], [UpdatedDate]) VALUES (10, N'Sóng cơ', N'Sóng cơ', 2, 1, 2, CAST(N'2025-06-17' AS Date), NULL)
INSERT [dbo].[Module] ([Id], [ModuleName], [Description], [ModuleNum], [Status], [CourseId], [CreatedDate], [UpdatedDate]) VALUES (11, N'Điện xoay chiều', N'Điện xoay chiều', 3, 1, 2, CAST(N'2025-06-17' AS Date), NULL)
INSERT [dbo].[Module] ([Id], [ModuleName], [Description], [ModuleNum], [Status], [CourseId], [CreatedDate], [UpdatedDate]) VALUES (12, N'Dao động và song điện tử', N'Dao động', 4, 1, 2, CAST(N'2025-06-17' AS Date), NULL)
INSERT [dbo].[Module] ([Id], [ModuleName], [Description], [ModuleNum], [Status], [CourseId], [CreatedDate], [UpdatedDate]) VALUES (13, N'Sóng ánh sáng', N'sóng ánh sáng', 5, 1, 2, CAST(N'2025-06-17' AS Date), NULL)
INSERT [dbo].[Module] ([Id], [ModuleName], [Description], [ModuleNum], [Status], [CourseId], [CreatedDate], [UpdatedDate]) VALUES (14, N'Lượng tử ánh sáng', N'lượng tử ', 6, 1, 2, CAST(N'2025-06-17' AS Date), NULL)
INSERT [dbo].[Module] ([Id], [ModuleName], [Description], [ModuleNum], [Status], [CourseId], [CreatedDate], [UpdatedDate]) VALUES (15, N'Vật lý hạt nhân', N'hạt nhân', 7, 1, 2, CAST(N'2025-06-17' AS Date), NULL)
INSERT [dbo].[Module] ([Id], [ModuleName], [Description], [ModuleNum], [Status], [CourseId], [CreatedDate], [UpdatedDate]) VALUES (16, N'Toán chuyên đề hàm số - Module 1', N'Giới thiệu và nền tảng kiến thức', 1, 1, 3, CAST(N'2025-07-12' AS Date), NULL)
INSERT [dbo].[Module] ([Id], [ModuleName], [Description], [ModuleNum], [Status], [CourseId], [CreatedDate], [UpdatedDate]) VALUES (17, N'Toán chuyên đề hàm số - Module 2', N'Các dạng bài tập nâng cao', 2, 1, 3, CAST(N'2025-07-12' AS Date), NULL)
INSERT [dbo].[Module] ([Id], [ModuleName], [Description], [ModuleNum], [Status], [CourseId], [CreatedDate], [UpdatedDate]) VALUES (18, N'Toán chuyên đề hàm số - Module 3', N'Tổng ôn luyện và đề thi thử', 3, 1, 3, CAST(N'2025-07-12' AS Date), NULL)
INSERT [dbo].[Module] ([Id], [ModuleName], [Description], [ModuleNum], [Status], [CourseId], [CreatedDate], [UpdatedDate]) VALUES (19, N'Toán nâng cao lớp 10 - Module 1', N'Nắm vững kiến thức cơ bản', 1, 1, 4, CAST(N'2025-07-12' AS Date), NULL)
INSERT [dbo].[Module] ([Id], [ModuleName], [Description], [ModuleNum], [Status], [CourseId], [CreatedDate], [UpdatedDate]) VALUES (20, N'Toán nâng cao lớp 10 - Module 2', N'Các dạng bài nâng cao', 2, 1, 4, CAST(N'2025-07-12' AS Date), NULL)
INSERT [dbo].[Module] ([Id], [ModuleName], [Description], [ModuleNum], [Status], [CourseId], [CreatedDate], [UpdatedDate]) VALUES (21, N'Toán nâng cao lớp 10 - Module 3', N'Ôn tập tổng hợp chuẩn bị kiểm tra', 3, 1, 4, CAST(N'2025-07-12' AS Date), NULL)
INSERT [dbo].[Module] ([Id], [ModuleName], [Description], [ModuleNum], [Status], [CourseId], [CreatedDate], [UpdatedDate]) VALUES (22, N'Toán cơ bản lớp 12 - Module 1', N'Kiến thức nền tảng lớp 12', 1, 1, 5, CAST(N'2025-07-12' AS Date), NULL)
INSERT [dbo].[Module] ([Id], [ModuleName], [Description], [ModuleNum], [Status], [CourseId], [CreatedDate], [UpdatedDate]) VALUES (23, N'Toán cơ bản lớp 12 - Module 2', N'Các dạng toán quan trọng', 2, 1, 5, CAST(N'2025-07-12' AS Date), NULL)
INSERT [dbo].[Module] ([Id], [ModuleName], [Description], [ModuleNum], [Status], [CourseId], [CreatedDate], [UpdatedDate]) VALUES (24, N'Toán cơ bản lớp 12 - Module 3', N'Ôn tập và luyện đề', 3, 1, 5, CAST(N'2025-07-12' AS Date), NULL)
INSERT [dbo].[Module] ([Id], [ModuleName], [Description], [ModuleNum], [Status], [CourseId], [CreatedDate], [UpdatedDate]) VALUES (25, N'Vật lý 10 cơ bản - Module 1', N'Lý thuyết trọng tâm', 1, 1, 6, CAST(N'2025-07-12' AS Date), NULL)
INSERT [dbo].[Module] ([Id], [ModuleName], [Description], [ModuleNum], [Status], [CourseId], [CreatedDate], [UpdatedDate]) VALUES (49, N'Vật lý 10 cơ bản - Module 2', N'Nhiệt học và các ứng dụng.', 2, 1, 6, CAST(N'2025-07-12' AS Date), NULL)
INSERT [dbo].[Module] ([Id], [ModuleName], [Description], [ModuleNum], [Status], [CourseId], [CreatedDate], [UpdatedDate]) VALUES (50, N'Vật lý 10 cơ bản - Module 3', N'Ôn tập tổng hợp và đề thi thử.', 3, 1, 6, CAST(N'2025-07-12' AS Date), NULL)
INSERT [dbo].[Module] ([Id], [ModuleName], [Description], [ModuleNum], [Status], [CourseId], [CreatedDate], [UpdatedDate]) VALUES (51, N'Vật lý 11 nâng cao - Module 1', N'Điện học và các bài tập nâng cao.', 1, 1, 7, CAST(N'2025-07-12' AS Date), NULL)
INSERT [dbo].[Module] ([Id], [ModuleName], [Description], [ModuleNum], [Status], [CourseId], [CreatedDate], [UpdatedDate]) VALUES (52, N'Vật lý 11 nâng cao - Module 2', N'Quang học và ứng dụng thực tiễn.', 2, 1, 7, CAST(N'2025-07-12' AS Date), NULL)
INSERT [dbo].[Module] ([Id], [ModuleName], [Description], [ModuleNum], [Status], [CourseId], [CreatedDate], [UpdatedDate]) VALUES (53, N'Vật lý 11 nâng cao - Module 3', N'Bài tập tổng hợp và đề thi.', 3, 1, 7, CAST(N'2025-07-12' AS Date), NULL)
INSERT [dbo].[Module] ([Id], [ModuleName], [Description], [ModuleNum], [Status], [CourseId], [CreatedDate], [UpdatedDate]) VALUES (54, N'Hóa học 10 - Module 1', N'Cấu tạo nguyên tử và bảng tuần hoàn.', 1, 1, 8, CAST(N'2025-07-12' AS Date), NULL)
INSERT [dbo].[Module] ([Id], [ModuleName], [Description], [ModuleNum], [Status], [CourseId], [CreatedDate], [UpdatedDate]) VALUES (55, N'Hóa học 10 - Module 2', N'Phản ứng hóa học và ứng dụng.', 2, 1, 8, CAST(N'2025-07-12' AS Date), NULL)
INSERT [dbo].[Module] ([Id], [ModuleName], [Description], [ModuleNum], [Status], [CourseId], [CreatedDate], [UpdatedDate]) VALUES (56, N'Hóa học 10 - Module 3', N'Tổng hợp kiến thức và bài tập nâng cao.', 3, 1, 8, CAST(N'2025-07-12' AS Date), NULL)
INSERT [dbo].[Module] ([Id], [ModuleName], [Description], [ModuleNum], [Status], [CourseId], [CreatedDate], [UpdatedDate]) VALUES (57, N'Hóa học 12 luyện thi - Module 1', N'Ôn tập kiến thức cơ bản.', 1, 1, 9, CAST(N'2025-07-12' AS Date), NULL)
INSERT [dbo].[Module] ([Id], [ModuleName], [Description], [ModuleNum], [Status], [CourseId], [CreatedDate], [UpdatedDate]) VALUES (58, N'Hóa học 12 luyện thi - Module 2', N'Bài tập tổng hợp theo chuyên đề.', 2, 1, 9, CAST(N'2025-07-12' AS Date), NULL)
INSERT [dbo].[Module] ([Id], [ModuleName], [Description], [ModuleNum], [Status], [CourseId], [CreatedDate], [UpdatedDate]) VALUES (59, N'Hóa học 12 luyện thi - Module 3', N'Thực hành giải đề thi thử.', 3, 1, 9, CAST(N'2025-07-12' AS Date), NULL)
INSERT [dbo].[Module] ([Id], [ModuleName], [Description], [ModuleNum], [Status], [CourseId], [CreatedDate], [UpdatedDate]) VALUES (60, N'Tiếng Anh giao tiếp - Module 1', N'Kỹ năng nghe và nói cơ bản.', 1, 1, 10, CAST(N'2025-07-12' AS Date), NULL)
INSERT [dbo].[Module] ([Id], [ModuleName], [Description], [ModuleNum], [Status], [CourseId], [CreatedDate], [UpdatedDate]) VALUES (61, N'Tiếng Anh giao tiếp - Module 2', N'Từ vựng và ngữ pháp giao tiếp.', 2, 1, 10, CAST(N'2025-07-12' AS Date), NULL)
INSERT [dbo].[Module] ([Id], [ModuleName], [Description], [ModuleNum], [Status], [CourseId], [CreatedDate], [UpdatedDate]) VALUES (62, N'Tiếng Anh giao tiếp - Module 3', N'Giao tiếp thực tế với tình huống đa dạng.', 3, 1, 10, CAST(N'2025-07-12' AS Date), NULL)
INSERT [dbo].[Module] ([Id], [ModuleName], [Description], [ModuleNum], [Status], [CourseId], [CreatedDate], [UpdatedDate]) VALUES (63, N'Tiếng Anh IELTS 6.5+ - Module 1', N'Chiến lược làm bài Listening và Reading.', 1, 1, 11, CAST(N'2025-07-12' AS Date), NULL)
INSERT [dbo].[Module] ([Id], [ModuleName], [Description], [ModuleNum], [Status], [CourseId], [CreatedDate], [UpdatedDate]) VALUES (64, N'Tiếng Anh IELTS 6.5+ - Module 2', N'Writing Task 1 & 2 nâng cao.', 2, 1, 11, CAST(N'2025-07-12' AS Date), NULL)
INSERT [dbo].[Module] ([Id], [ModuleName], [Description], [ModuleNum], [Status], [CourseId], [CreatedDate], [UpdatedDate]) VALUES (65, N'Tiếng Anh IELTS 6.5+ - Module 3', N'Speaking: Luyện phản xạ và diễn đạt.', 3, 1, 11, CAST(N'2025-07-12' AS Date), NULL)
INSERT [dbo].[Module] ([Id], [ModuleName], [Description], [ModuleNum], [Status], [CourseId], [CreatedDate], [UpdatedDate]) VALUES (66, N'Ngữ văn 11 phân tích tác phẩm - Module 1', N'Phân tích tác phẩm văn học Việt Nam.', 1, 1, 12, CAST(N'2025-07-12' AS Date), NULL)
INSERT [dbo].[Module] ([Id], [ModuleName], [Description], [ModuleNum], [Status], [CourseId], [CreatedDate], [UpdatedDate]) VALUES (67, N'Ngữ văn 11 phân tích tác phẩm - Module 2', N'Bài tập nghị luận xã hội.', 2, 1, 12, CAST(N'2025-07-12' AS Date), NULL)
INSERT [dbo].[Module] ([Id], [ModuleName], [Description], [ModuleNum], [Status], [CourseId], [CreatedDate], [UpdatedDate]) VALUES (68, N'Ngữ văn 11 phân tích tác phẩm - Module 3', N'Tổng hợp và ôn luyện.', 3, 1, 12, CAST(N'2025-07-12' AS Date), NULL)
INSERT [dbo].[Module] ([Id], [ModuleName], [Description], [ModuleNum], [Status], [CourseId], [CreatedDate], [UpdatedDate]) VALUES (69, N'Ngữ văn 12 ôn luyện thi THPT - Module 1', N'Ôn tập tác phẩm trọng tâm.', 1, 1, 13, CAST(N'2025-07-12' AS Date), NULL)
INSERT [dbo].[Module] ([Id], [ModuleName], [Description], [ModuleNum], [Status], [CourseId], [CreatedDate], [UpdatedDate]) VALUES (70, N'Ngữ văn 12 ôn luyện thi THPT - Module 2', N'Kỹ năng làm bài nghị luận văn học.', 2, 1, 13, CAST(N'2025-07-12' AS Date), NULL)
INSERT [dbo].[Module] ([Id], [ModuleName], [Description], [ModuleNum], [Status], [CourseId], [CreatedDate], [UpdatedDate]) VALUES (71, N'Ngữ văn 12 ôn luyện thi THPT - Module 3', N'Đề thi thử và tổng kết.', 3, 1, 13, CAST(N'2025-07-12' AS Date), NULL)
INSERT [dbo].[Module] ([Id], [ModuleName], [Description], [ModuleNum], [Status], [CourseId], [CreatedDate], [UpdatedDate]) VALUES (72, N'Toan11', N'Toan11', 1, 1, 18, CAST(N'2025-08-13' AS Date), NULL)
SET IDENTITY_INSERT [dbo].[Module] OFF
GO
SET IDENTITY_INSERT [dbo].[ModuleProgress] ON 

INSERT [dbo].[ModuleProgress] ([Id], [CourseProcessId], [ModuleId], [StartDate], [LastAccess], [Status]) VALUES (1, 1, 1, CAST(N'2025-05-29' AS Date), CAST(N'2025-06-03' AS Date), 1)
INSERT [dbo].[ModuleProgress] ([Id], [CourseProcessId], [ModuleId], [StartDate], [LastAccess], [Status]) VALUES (2, 1, 2, CAST(N'2025-06-04' AS Date), CAST(N'2025-06-09' AS Date), 1)
INSERT [dbo].[ModuleProgress] ([Id], [CourseProcessId], [ModuleId], [StartDate], [LastAccess], [Status]) VALUES (3, 1, 3, CAST(N'2025-06-10' AS Date), CAST(N'2025-06-15' AS Date), 1)
INSERT [dbo].[ModuleProgress] ([Id], [CourseProcessId], [ModuleId], [StartDate], [LastAccess], [Status]) VALUES (4, 1, 4, CAST(N'2025-06-16' AS Date), CAST(N'2025-06-21' AS Date), 1)
INSERT [dbo].[ModuleProgress] ([Id], [CourseProcessId], [ModuleId], [StartDate], [LastAccess], [Status]) VALUES (7, 1, 5, CAST(N'2025-06-22' AS Date), CAST(N'2025-06-23' AS Date), 1)
INSERT [dbo].[ModuleProgress] ([Id], [CourseProcessId], [ModuleId], [StartDate], [LastAccess], [Status]) VALUES (8, 1, 6, CAST(N'2025-06-24' AS Date), NULL, 1)
INSERT [dbo].[ModuleProgress] ([Id], [CourseProcessId], [ModuleId], [StartDate], [LastAccess], [Status]) VALUES (9, 1, 7, NULL, NULL, 1)
INSERT [dbo].[ModuleProgress] ([Id], [CourseProcessId], [ModuleId], [StartDate], [LastAccess], [Status]) VALUES (10, 1, 8, NULL, NULL, 1)
INSERT [dbo].[ModuleProgress] ([Id], [CourseProcessId], [ModuleId], [StartDate], [LastAccess], [Status]) VALUES (11, 3, 9, CAST(N'2025-07-26' AS Date), NULL, 0)
INSERT [dbo].[ModuleProgress] ([Id], [CourseProcessId], [ModuleId], [StartDate], [LastAccess], [Status]) VALUES (12, 6, 19, CAST(N'2025-07-27' AS Date), CAST(N'2025-08-04' AS Date), 0)
INSERT [dbo].[ModuleProgress] ([Id], [CourseProcessId], [ModuleId], [StartDate], [LastAccess], [Status]) VALUES (13, 7, 16, CAST(N'2025-07-29' AS Date), NULL, 1)
INSERT [dbo].[ModuleProgress] ([Id], [CourseProcessId], [ModuleId], [StartDate], [LastAccess], [Status]) VALUES (14, 7, 17, CAST(N'2025-07-29' AS Date), NULL, 1)
INSERT [dbo].[ModuleProgress] ([Id], [CourseProcessId], [ModuleId], [StartDate], [LastAccess], [Status]) VALUES (15, 7, 18, CAST(N'2025-07-29' AS Date), NULL, 1)
INSERT [dbo].[ModuleProgress] ([Id], [CourseProcessId], [ModuleId], [StartDate], [LastAccess], [Status]) VALUES (16, 8, 16, CAST(N'2025-07-29' AS Date), NULL, 1)
INSERT [dbo].[ModuleProgress] ([Id], [CourseProcessId], [ModuleId], [StartDate], [LastAccess], [Status]) VALUES (17, 8, 17, CAST(N'2025-07-29' AS Date), NULL, 1)
INSERT [dbo].[ModuleProgress] ([Id], [CourseProcessId], [ModuleId], [StartDate], [LastAccess], [Status]) VALUES (18, 8, 18, CAST(N'2025-07-29' AS Date), NULL, 1)
INSERT [dbo].[ModuleProgress] ([Id], [CourseProcessId], [ModuleId], [StartDate], [LastAccess], [Status]) VALUES (19, 10, 16, CAST(N'2025-07-30' AS Date), CAST(N'2025-07-30' AS Date), 1)
INSERT [dbo].[ModuleProgress] ([Id], [CourseProcessId], [ModuleId], [StartDate], [LastAccess], [Status]) VALUES (20, 10, 17, CAST(N'2025-07-30' AS Date), CAST(N'2025-07-30' AS Date), 1)
INSERT [dbo].[ModuleProgress] ([Id], [CourseProcessId], [ModuleId], [StartDate], [LastAccess], [Status]) VALUES (21, 10, 18, CAST(N'2025-07-30' AS Date), CAST(N'2025-07-30' AS Date), 1)
INSERT [dbo].[ModuleProgress] ([Id], [CourseProcessId], [ModuleId], [StartDate], [LastAccess], [Status]) VALUES (23, 11, 16, CAST(N'2025-07-30' AS Date), CAST(N'2025-07-30' AS Date), 0)
INSERT [dbo].[ModuleProgress] ([Id], [CourseProcessId], [ModuleId], [StartDate], [LastAccess], [Status]) VALUES (24, 12, 16, CAST(N'2025-07-30' AS Date), CAST(N'2025-07-30' AS Date), 1)
INSERT [dbo].[ModuleProgress] ([Id], [CourseProcessId], [ModuleId], [StartDate], [LastAccess], [Status]) VALUES (25, 12, 17, CAST(N'2025-07-30' AS Date), CAST(N'2025-07-30' AS Date), 1)
INSERT [dbo].[ModuleProgress] ([Id], [CourseProcessId], [ModuleId], [StartDate], [LastAccess], [Status]) VALUES (26, 12, 18, CAST(N'2025-07-31' AS Date), CAST(N'2025-07-31' AS Date), 1)
INSERT [dbo].[ModuleProgress] ([Id], [CourseProcessId], [ModuleId], [StartDate], [LastAccess], [Status]) VALUES (28, 9, 63, CAST(N'2025-08-04' AS Date), CAST(N'2025-08-04' AS Date), 0)
INSERT [dbo].[ModuleProgress] ([Id], [CourseProcessId], [ModuleId], [StartDate], [LastAccess], [Status]) VALUES (29, 9, 64, CAST(N'2025-08-04' AS Date), CAST(N'2025-08-04' AS Date), 0)
INSERT [dbo].[ModuleProgress] ([Id], [CourseProcessId], [ModuleId], [StartDate], [LastAccess], [Status]) VALUES (30, 6, 20, CAST(N'2025-08-04' AS Date), CAST(N'2025-08-04' AS Date), 0)
INSERT [dbo].[ModuleProgress] ([Id], [CourseProcessId], [ModuleId], [StartDate], [LastAccess], [Status]) VALUES (31, 13, 16, CAST(N'2025-08-08' AS Date), CAST(N'2025-08-08' AS Date), 0)
INSERT [dbo].[ModuleProgress] ([Id], [CourseProcessId], [ModuleId], [StartDate], [LastAccess], [Status]) VALUES (32, 13, 17, CAST(N'2025-08-08' AS Date), CAST(N'2025-08-08' AS Date), 0)
INSERT [dbo].[ModuleProgress] ([Id], [CourseProcessId], [ModuleId], [StartDate], [LastAccess], [Status]) VALUES (33, 13, 18, CAST(N'2025-08-08' AS Date), CAST(N'2025-08-08' AS Date), 0)
INSERT [dbo].[ModuleProgress] ([Id], [CourseProcessId], [ModuleId], [StartDate], [LastAccess], [Status]) VALUES (34, 14, 1, CAST(N'2025-08-08' AS Date), CAST(N'2025-08-08' AS Date), 0)
INSERT [dbo].[ModuleProgress] ([Id], [CourseProcessId], [ModuleId], [StartDate], [LastAccess], [Status]) VALUES (35, 14, 2, CAST(N'2025-08-08' AS Date), CAST(N'2025-08-08' AS Date), 0)
INSERT [dbo].[ModuleProgress] ([Id], [CourseProcessId], [ModuleId], [StartDate], [LastAccess], [Status]) VALUES (36, 14, 3, CAST(N'2025-08-08' AS Date), CAST(N'2025-08-08' AS Date), 0)
INSERT [dbo].[ModuleProgress] ([Id], [CourseProcessId], [ModuleId], [StartDate], [LastAccess], [Status]) VALUES (37, 14, 4, CAST(N'2025-08-08' AS Date), CAST(N'2025-08-08' AS Date), 0)
INSERT [dbo].[ModuleProgress] ([Id], [CourseProcessId], [ModuleId], [StartDate], [LastAccess], [Status]) VALUES (38, 14, 5, CAST(N'2025-08-08' AS Date), CAST(N'2025-08-08' AS Date), 0)
INSERT [dbo].[ModuleProgress] ([Id], [CourseProcessId], [ModuleId], [StartDate], [LastAccess], [Status]) VALUES (39, 14, 6, CAST(N'2025-08-08' AS Date), CAST(N'2025-08-08' AS Date), 0)
INSERT [dbo].[ModuleProgress] ([Id], [CourseProcessId], [ModuleId], [StartDate], [LastAccess], [Status]) VALUES (40, 14, 7, CAST(N'2025-08-08' AS Date), CAST(N'2025-08-08' AS Date), 0)
INSERT [dbo].[ModuleProgress] ([Id], [CourseProcessId], [ModuleId], [StartDate], [LastAccess], [Status]) VALUES (41, 14, 8, CAST(N'2025-08-08' AS Date), CAST(N'2025-08-08' AS Date), 0)
INSERT [dbo].[ModuleProgress] ([Id], [CourseProcessId], [ModuleId], [StartDate], [LastAccess], [Status]) VALUES (42, 16, 9, CAST(N'2025-08-08' AS Date), CAST(N'2025-08-08' AS Date), 0)
INSERT [dbo].[ModuleProgress] ([Id], [CourseProcessId], [ModuleId], [StartDate], [LastAccess], [Status]) VALUES (43, 17, 16, CAST(N'2025-08-08' AS Date), CAST(N'2025-08-08' AS Date), 0)
INSERT [dbo].[ModuleProgress] ([Id], [CourseProcessId], [ModuleId], [StartDate], [LastAccess], [Status]) VALUES (44, 17, 17, CAST(N'2025-08-09' AS Date), CAST(N'2025-08-09' AS Date), 0)
INSERT [dbo].[ModuleProgress] ([Id], [CourseProcessId], [ModuleId], [StartDate], [LastAccess], [Status]) VALUES (45, 17, 18, CAST(N'2025-08-09' AS Date), CAST(N'2025-08-09' AS Date), 0)
INSERT [dbo].[ModuleProgress] ([Id], [CourseProcessId], [ModuleId], [StartDate], [LastAccess], [Status]) VALUES (46, 18, 1, CAST(N'2025-08-09' AS Date), CAST(N'2025-08-09' AS Date), 0)
INSERT [dbo].[ModuleProgress] ([Id], [CourseProcessId], [ModuleId], [StartDate], [LastAccess], [Status]) VALUES (47, 18, 2, CAST(N'2025-08-09' AS Date), CAST(N'2025-08-09' AS Date), 0)
INSERT [dbo].[ModuleProgress] ([Id], [CourseProcessId], [ModuleId], [StartDate], [LastAccess], [Status]) VALUES (48, 19, 16, CAST(N'2025-08-09' AS Date), CAST(N'2025-08-09' AS Date), 0)
INSERT [dbo].[ModuleProgress] ([Id], [CourseProcessId], [ModuleId], [StartDate], [LastAccess], [Status]) VALUES (49, 19, 17, CAST(N'2025-08-09' AS Date), CAST(N'2025-08-09' AS Date), 0)
INSERT [dbo].[ModuleProgress] ([Id], [CourseProcessId], [ModuleId], [StartDate], [LastAccess], [Status]) VALUES (50, 19, 18, CAST(N'2025-08-09' AS Date), CAST(N'2025-08-09' AS Date), 0)
INSERT [dbo].[ModuleProgress] ([Id], [CourseProcessId], [ModuleId], [StartDate], [LastAccess], [Status]) VALUES (51, 20, 1, CAST(N'2025-08-09' AS Date), CAST(N'2025-08-09' AS Date), 0)
INSERT [dbo].[ModuleProgress] ([Id], [CourseProcessId], [ModuleId], [StartDate], [LastAccess], [Status]) VALUES (52, 20, 2, CAST(N'2025-08-09' AS Date), CAST(N'2025-08-09' AS Date), 0)
INSERT [dbo].[ModuleProgress] ([Id], [CourseProcessId], [ModuleId], [StartDate], [LastAccess], [Status]) VALUES (53, 20, 3, CAST(N'2025-08-09' AS Date), CAST(N'2025-08-09' AS Date), 0)
INSERT [dbo].[ModuleProgress] ([Id], [CourseProcessId], [ModuleId], [StartDate], [LastAccess], [Status]) VALUES (54, 20, 4, CAST(N'2025-08-09' AS Date), CAST(N'2025-08-09' AS Date), 0)
INSERT [dbo].[ModuleProgress] ([Id], [CourseProcessId], [ModuleId], [StartDate], [LastAccess], [Status]) VALUES (55, 21, 16, CAST(N'2025-08-09' AS Date), CAST(N'2025-08-09' AS Date), 0)
INSERT [dbo].[ModuleProgress] ([Id], [CourseProcessId], [ModuleId], [StartDate], [LastAccess], [Status]) VALUES (56, 21, 17, CAST(N'2025-08-09' AS Date), CAST(N'2025-08-09' AS Date), 0)
INSERT [dbo].[ModuleProgress] ([Id], [CourseProcessId], [ModuleId], [StartDate], [LastAccess], [Status]) VALUES (57, 21, 18, CAST(N'2025-08-09' AS Date), CAST(N'2025-08-09' AS Date), 0)
INSERT [dbo].[ModuleProgress] ([Id], [CourseProcessId], [ModuleId], [StartDate], [LastAccess], [Status]) VALUES (58, 22, 1, CAST(N'2025-08-09' AS Date), CAST(N'2025-08-09' AS Date), 0)
INSERT [dbo].[ModuleProgress] ([Id], [CourseProcessId], [ModuleId], [StartDate], [LastAccess], [Status]) VALUES (59, 22, 2, CAST(N'2025-08-09' AS Date), CAST(N'2025-08-09' AS Date), 0)
INSERT [dbo].[ModuleProgress] ([Id], [CourseProcessId], [ModuleId], [StartDate], [LastAccess], [Status]) VALUES (60, 23, 1, CAST(N'2025-08-09' AS Date), CAST(N'2025-08-09' AS Date), 0)
INSERT [dbo].[ModuleProgress] ([Id], [CourseProcessId], [ModuleId], [StartDate], [LastAccess], [Status]) VALUES (61, 23, 2, CAST(N'2025-08-09' AS Date), CAST(N'2025-08-09' AS Date), 0)
INSERT [dbo].[ModuleProgress] ([Id], [CourseProcessId], [ModuleId], [StartDate], [LastAccess], [Status]) VALUES (62, 24, 16, CAST(N'2025-08-09' AS Date), CAST(N'2025-08-09' AS Date), 0)
INSERT [dbo].[ModuleProgress] ([Id], [CourseProcessId], [ModuleId], [StartDate], [LastAccess], [Status]) VALUES (63, 24, 17, CAST(N'2025-08-09' AS Date), CAST(N'2025-08-09' AS Date), 0)
INSERT [dbo].[ModuleProgress] ([Id], [CourseProcessId], [ModuleId], [StartDate], [LastAccess], [Status]) VALUES (64, 24, 18, CAST(N'2025-08-09' AS Date), CAST(N'2025-08-09' AS Date), 0)
INSERT [dbo].[ModuleProgress] ([Id], [CourseProcessId], [ModuleId], [StartDate], [LastAccess], [Status]) VALUES (65, 25, 1, CAST(N'2025-08-09' AS Date), CAST(N'2025-08-09' AS Date), 0)
INSERT [dbo].[ModuleProgress] ([Id], [CourseProcessId], [ModuleId], [StartDate], [LastAccess], [Status]) VALUES (66, 25, 2, CAST(N'2025-08-09' AS Date), CAST(N'2025-08-09' AS Date), 0)
INSERT [dbo].[ModuleProgress] ([Id], [CourseProcessId], [ModuleId], [StartDate], [LastAccess], [Status]) VALUES (67, 26, 16, CAST(N'2025-08-09' AS Date), CAST(N'2025-08-09' AS Date), 0)
INSERT [dbo].[ModuleProgress] ([Id], [CourseProcessId], [ModuleId], [StartDate], [LastAccess], [Status]) VALUES (68, 26, 17, CAST(N'2025-08-09' AS Date), CAST(N'2025-08-09' AS Date), 0)
INSERT [dbo].[ModuleProgress] ([Id], [CourseProcessId], [ModuleId], [StartDate], [LastAccess], [Status]) VALUES (69, 26, 18, CAST(N'2025-08-09' AS Date), CAST(N'2025-08-09' AS Date), 0)
INSERT [dbo].[ModuleProgress] ([Id], [CourseProcessId], [ModuleId], [StartDate], [LastAccess], [Status]) VALUES (70, 27, 1, CAST(N'2025-08-09' AS Date), CAST(N'2025-08-09' AS Date), 0)
INSERT [dbo].[ModuleProgress] ([Id], [CourseProcessId], [ModuleId], [StartDate], [LastAccess], [Status]) VALUES (71, 28, 16, CAST(N'2025-08-09' AS Date), CAST(N'2025-08-09' AS Date), 0)
INSERT [dbo].[ModuleProgress] ([Id], [CourseProcessId], [ModuleId], [StartDate], [LastAccess], [Status]) VALUES (72, 29, 16, CAST(N'2025-08-09' AS Date), CAST(N'2025-08-09' AS Date), 1)
INSERT [dbo].[ModuleProgress] ([Id], [CourseProcessId], [ModuleId], [StartDate], [LastAccess], [Status]) VALUES (73, 29, 17, CAST(N'2025-08-09' AS Date), CAST(N'2025-08-09' AS Date), 1)
INSERT [dbo].[ModuleProgress] ([Id], [CourseProcessId], [ModuleId], [StartDate], [LastAccess], [Status]) VALUES (74, 29, 18, CAST(N'2025-08-09' AS Date), CAST(N'2025-08-09' AS Date), 1)
INSERT [dbo].[ModuleProgress] ([Id], [CourseProcessId], [ModuleId], [StartDate], [LastAccess], [Status]) VALUES (75, 30, 18, CAST(N'2025-08-09' AS Date), CAST(N'2025-08-09' AS Date), 0)
INSERT [dbo].[ModuleProgress] ([Id], [CourseProcessId], [ModuleId], [StartDate], [LastAccess], [Status]) VALUES (76, 30, 17, CAST(N'2025-08-09' AS Date), CAST(N'2025-08-09' AS Date), 0)
INSERT [dbo].[ModuleProgress] ([Id], [CourseProcessId], [ModuleId], [StartDate], [LastAccess], [Status]) VALUES (77, 30, 16, CAST(N'2025-08-09' AS Date), CAST(N'2025-08-09' AS Date), 0)
INSERT [dbo].[ModuleProgress] ([Id], [CourseProcessId], [ModuleId], [StartDate], [LastAccess], [Status]) VALUES (78, 31, 16, CAST(N'2025-08-09' AS Date), CAST(N'2025-08-09' AS Date), 1)
INSERT [dbo].[ModuleProgress] ([Id], [CourseProcessId], [ModuleId], [StartDate], [LastAccess], [Status]) VALUES (79, 31, 17, CAST(N'2025-08-09' AS Date), CAST(N'2025-08-09' AS Date), 1)
INSERT [dbo].[ModuleProgress] ([Id], [CourseProcessId], [ModuleId], [StartDate], [LastAccess], [Status]) VALUES (80, 31, 18, CAST(N'2025-08-09' AS Date), CAST(N'2025-08-09' AS Date), 1)
INSERT [dbo].[ModuleProgress] ([Id], [CourseProcessId], [ModuleId], [StartDate], [LastAccess], [Status]) VALUES (81, 32, 16, CAST(N'2025-08-09' AS Date), CAST(N'2025-08-09' AS Date), 1)
INSERT [dbo].[ModuleProgress] ([Id], [CourseProcessId], [ModuleId], [StartDate], [LastAccess], [Status]) VALUES (82, 32, 17, CAST(N'2025-08-09' AS Date), CAST(N'2025-08-09' AS Date), 1)
INSERT [dbo].[ModuleProgress] ([Id], [CourseProcessId], [ModuleId], [StartDate], [LastAccess], [Status]) VALUES (83, 32, 18, CAST(N'2025-08-09' AS Date), CAST(N'2025-08-09' AS Date), 1)
INSERT [dbo].[ModuleProgress] ([Id], [CourseProcessId], [ModuleId], [StartDate], [LastAccess], [Status]) VALUES (84, 33, 1, CAST(N'2025-08-09' AS Date), CAST(N'2025-08-09' AS Date), 0)
INSERT [dbo].[ModuleProgress] ([Id], [CourseProcessId], [ModuleId], [StartDate], [LastAccess], [Status]) VALUES (85, 34, 1, CAST(N'2025-08-09' AS Date), CAST(N'2025-08-09' AS Date), 0)
INSERT [dbo].[ModuleProgress] ([Id], [CourseProcessId], [ModuleId], [StartDate], [LastAccess], [Status]) VALUES (86, 35, 16, CAST(N'2025-08-09' AS Date), CAST(N'2025-08-09' AS Date), 1)
INSERT [dbo].[ModuleProgress] ([Id], [CourseProcessId], [ModuleId], [StartDate], [LastAccess], [Status]) VALUES (87, 35, 17, CAST(N'2025-08-09' AS Date), CAST(N'2025-08-09' AS Date), 1)
INSERT [dbo].[ModuleProgress] ([Id], [CourseProcessId], [ModuleId], [StartDate], [LastAccess], [Status]) VALUES (88, 35, 18, CAST(N'2025-08-09' AS Date), CAST(N'2025-08-09' AS Date), 1)
INSERT [dbo].[ModuleProgress] ([Id], [CourseProcessId], [ModuleId], [StartDate], [LastAccess], [Status]) VALUES (89, 37, 1, CAST(N'2025-08-14' AS Date), CAST(N'2025-08-14' AS Date), 0)
INSERT [dbo].[ModuleProgress] ([Id], [CourseProcessId], [ModuleId], [StartDate], [LastAccess], [Status]) VALUES (90, 38, 1, CAST(N'2025-08-15' AS Date), CAST(N'2025-08-15' AS Date), 1)
INSERT [dbo].[ModuleProgress] ([Id], [CourseProcessId], [ModuleId], [StartDate], [LastAccess], [Status]) VALUES (91, 38, 2, CAST(N'2025-08-15' AS Date), CAST(N'2025-08-15' AS Date), 0)
INSERT [dbo].[ModuleProgress] ([Id], [CourseProcessId], [ModuleId], [StartDate], [LastAccess], [Status]) VALUES (92, 38, 3, CAST(N'2025-08-15' AS Date), CAST(N'2025-08-15' AS Date), 0)
INSERT [dbo].[ModuleProgress] ([Id], [CourseProcessId], [ModuleId], [StartDate], [LastAccess], [Status]) VALUES (93, 38, 8, CAST(N'2025-08-15' AS Date), CAST(N'2025-08-15' AS Date), 0)
INSERT [dbo].[ModuleProgress] ([Id], [CourseProcessId], [ModuleId], [StartDate], [LastAccess], [Status]) VALUES (94, 38, 7, CAST(N'2025-08-15' AS Date), CAST(N'2025-08-15' AS Date), 0)
INSERT [dbo].[ModuleProgress] ([Id], [CourseProcessId], [ModuleId], [StartDate], [LastAccess], [Status]) VALUES (95, 39, 16, CAST(N'2025-08-15' AS Date), CAST(N'2025-08-15' AS Date), 0)
INSERT [dbo].[ModuleProgress] ([Id], [CourseProcessId], [ModuleId], [StartDate], [LastAccess], [Status]) VALUES (96, 39, 17, CAST(N'2025-08-15' AS Date), CAST(N'2025-08-15' AS Date), 0)
INSERT [dbo].[ModuleProgress] ([Id], [CourseProcessId], [ModuleId], [StartDate], [LastAccess], [Status]) VALUES (97, 39, 18, CAST(N'2025-08-15' AS Date), CAST(N'2025-08-15' AS Date), 0)
SET IDENTITY_INSERT [dbo].[ModuleProgress] OFF
GO
SET IDENTITY_INSERT [dbo].[PasswordResetToken] ON 

INSERT [dbo].[PasswordResetToken] ([Id], [AccountId], [Token], [Expiration], [IsUsed]) VALUES (1, 7, N'DOT9NdJQsoMxABLlEfWIWVb5SxunuS7TjZ5bettcWQQ=', CAST(N'2025-07-10T09:22:33.073' AS DateTime), 1)
INSERT [dbo].[PasswordResetToken] ([Id], [AccountId], [Token], [Expiration], [IsUsed]) VALUES (2, 1, N'ljQSpo9c+FFZp6Mb++HyQiSdGq9ML3qgBCPNWgbTWes=', CAST(N'2025-07-10T09:49:15.120' AS DateTime), 1)
INSERT [dbo].[PasswordResetToken] ([Id], [AccountId], [Token], [Expiration], [IsUsed]) VALUES (3, 9, N'z5NSLRSUiLLMIRfkMU5OgkF7vgMAOExWNVRppwt8BZ4=', CAST(N'2025-07-21T04:27:36.727' AS DateTime), 0)
INSERT [dbo].[PasswordResetToken] ([Id], [AccountId], [Token], [Expiration], [IsUsed]) VALUES (4, 9, N'rp3CTXsVT8r3d9PTu6cmn4pHiJsOktARCv7NrjVlCGI=', CAST(N'2025-07-21T04:27:30.330' AS DateTime), 1)
INSERT [dbo].[PasswordResetToken] ([Id], [AccountId], [Token], [Expiration], [IsUsed]) VALUES (5, 8, N'0XqtmMQ2HcoD4In5m92eTqFPu7FtMOLLd3kAkX/SmqA=', CAST(N'2025-07-21T13:46:51.570' AS DateTime), 1)
INSERT [dbo].[PasswordResetToken] ([Id], [AccountId], [Token], [Expiration], [IsUsed]) VALUES (6, 35, N'8YPW3JxUTbGoSYS6zwZqPptpUiK+WlF+aFfVw3GZSqQ=', CAST(N'2025-08-13T14:06:13.657' AS DateTime), 1)
SET IDENTITY_INSERT [dbo].[PasswordResetToken] OFF
GO
SET IDENTITY_INSERT [dbo].[Profiles] ON 

INSERT [dbo].[Profiles] ([UserId], [Name], [Address], [Dob], [Sex], [Phone], [Email], [Avatar], [CreatedDate], [UpdatedDate], [RoleId], [AccountId], [ParentId]) VALUES (1, N'Thế Phương', N'Số nhà 1 ngõ 2 đường 3 tổ 4 phường  Hà Nội', CAST(N'2003-01-01' AS Date), 1, N'0837728186', N'nguyenluongthephuong14@gmail.com', N'/profile/default.jpg', CAST(N'2025-06-10' AS Date), NULL, 1, 1, NULL)
INSERT [dbo].[Profiles] ([UserId], [Name], [Address], [Dob], [Sex], [Phone], [Email], [Avatar], [CreatedDate], [UpdatedDate], [RoleId], [AccountId], [ParentId]) VALUES (4, N'Ngọc Khang', N'Số nhà 1 ngõ 2 đường 3 tổ 4 phường  Hà Nội', CAST(N'2003-01-04' AS Date), 1, N'0998273662', N'ngockhang@gmail.com', N'/profile/default.jpg', CAST(N'2025-06-10' AS Date), NULL, 4, 4, NULL)
INSERT [dbo].[Profiles] ([UserId], [Name], [Address], [Dob], [Sex], [Phone], [Email], [Avatar], [CreatedDate], [UpdatedDate], [RoleId], [AccountId], [ParentId]) VALUES (6, N'Minh Hùng', N'Số nhà 1 ngõ 2 đường 3 tổ 4 phường  Hà Nội', CAST(N'2003-10-09' AS Date), 1, N'0972637432', N'minhung@gmail.com', N'/profile/default.jpg', CAST(N'2025-06-10' AS Date), NULL, 5, 5, NULL)
INSERT [dbo].[Profiles] ([UserId], [Name], [Address], [Dob], [Sex], [Phone], [Email], [Avatar], [CreatedDate], [UpdatedDate], [RoleId], [AccountId], [ParentId]) VALUES (7, N'Hiền Trang', N'Số nhà 1 ngõ 2 đường 3 tổ 4 phường  Hà Nội', CAST(N'2001-12-12' AS Date), 1, N'0976873642', N'hientrang27@gmail.com', N'/course/pic9.jpg', CAST(N'2025-06-10' AS Date), NULL, 6, 6, 8)
INSERT [dbo].[Profiles] ([UserId], [Name], [Address], [Dob], [Sex], [Phone], [Email], [Avatar], [CreatedDate], [UpdatedDate], [RoleId], [AccountId], [ParentId]) VALUES (8, N'Lê Tám', N'Số nhà 1 ngõ 2 đường 3 tổ 4 phường  Hà Nội', CAST(N'1978-12-12' AS Date), 1, N'0298374632', N'letam@gmail.com', N'/profile/default.jpg', CAST(N'2025-06-10' AS Date), NULL, 7, 7, NULL)
INSERT [dbo].[Profiles] ([UserId], [Name], [Address], [Dob], [Sex], [Phone], [Email], [Avatar], [CreatedDate], [UpdatedDate], [RoleId], [AccountId], [ParentId]) VALUES (9, N'Hoàng Minh', N'Số nhà 1 ngõ 2 đường 3 tổ 4 phường  Hà Nội', CAST(N'2005-09-03' AS Date), 1, N'0928346231', N'hoangminh@gmail.com', N'/profile/default.jpg', CAST(N'2025-06-10' AS Date), NULL, 5, 8, NULL)
INSERT [dbo].[Profiles] ([UserId], [Name], [Address], [Dob], [Sex], [Phone], [Email], [Avatar], [CreatedDate], [UpdatedDate], [RoleId], [AccountId], [ParentId]) VALUES (11, N'An Nam', N'Số nhà 1 ngõ 2 đường 3 tổ 4 phường  Hà Nội', CAST(N'2007-12-29' AS Date), 1, N'0927736273', N'anmangm@gmail.com', N'/profile/default.jpg', CAST(N'2025-06-10' AS Date), NULL, 6, 9, 39)
INSERT [dbo].[Profiles] ([UserId], [Name], [Address], [Dob], [Sex], [Phone], [Email], [Avatar], [CreatedDate], [UpdatedDate], [RoleId], [AccountId], [ParentId]) VALUES (24, N'Long', N'Số nhà 1 ngõ 2 đường 3 tổ 4 phường  Hà Nội', CAST(N'2003-08-22' AS Date), 1, N'0909090909', N'long@gmail.com', N'/profile/default.jpg', CAST(N'2025-06-12' AS Date), CAST(N'2025-06-12' AS Date), 2, 10, NULL)
INSERT [dbo].[Profiles] ([UserId], [Name], [Address], [Dob], [Sex], [Phone], [Email], [Avatar], [CreatedDate], [UpdatedDate], [RoleId], [AccountId], [ParentId]) VALUES (30, N'Long', N'wrgwrg', CAST(N'2003-09-22' AS Date), 1, N'0878987877', N'longhjkj@gmail.com', NULL, CAST(N'2025-06-30' AS Date), NULL, 2, 12, NULL)
INSERT [dbo].[Profiles] ([UserId], [Name], [Address], [Dob], [Sex], [Phone], [Email], [Avatar], [CreatedDate], [UpdatedDate], [RoleId], [AccountId], [ParentId]) VALUES (31, N'longhh', N'string', CAST(N'2005-07-03' AS Date), 0, N'0059838199', N'longhh@example.com', N'/profile/default.jpg', CAST(N'2025-07-03' AS Date), NULL, 2, 13, NULL)
INSERT [dbo].[Profiles] ([UserId], [Name], [Address], [Dob], [Sex], [Phone], [Email], [Avatar], [CreatedDate], [UpdatedDate], [RoleId], [AccountId], [ParentId]) VALUES (32, N'Nguyễn Học Sinh Một', N'123 Hòa Lạc', CAST(N'2005-07-06' AS Date), 1, N'0837728181', N'hocsinh1@gmail.com', N'/profile/default.jpg', CAST(N'2025-07-07' AS Date), NULL, 6, 14, 8)
INSERT [dbo].[Profiles] ([UserId], [Name], [Address], [Dob], [Sex], [Phone], [Email], [Avatar], [CreatedDate], [UpdatedDate], [RoleId], [AccountId], [ParentId]) VALUES (33, N'Nguyễn Học Sinh Hai', N'123 Hòa Lạc', CAST(N'2005-07-07' AS Date), 0, N'0837728182', N'hocsinh2@gmail.com', N'/profile/default.jpg', CAST(N'2025-07-07' AS Date), NULL, 6, 15, 34)
INSERT [dbo].[Profiles] ([UserId], [Name], [Address], [Dob], [Sex], [Phone], [Email], [Avatar], [CreatedDate], [UpdatedDate], [RoleId], [AccountId], [ParentId]) VALUES (34, N'Nguyễn Phụ Huynh', N'123 Hào Lạc', CAST(N'1985-07-06' AS Date), 1, N'0987476378', N'phuhuynh1@gmail.com', N'/profile/default.jpg', CAST(N'2025-07-07' AS Date), NULL, 7, 16, NULL)
INSERT [dbo].[Profiles] ([UserId], [Name], [Address], [Dob], [Sex], [Phone], [Email], [Avatar], [CreatedDate], [UpdatedDate], [RoleId], [AccountId], [ParentId]) VALUES (35, N'LONG', N'Phu Tho', CAST(N'2003-07-12' AS Date), 1, N'0907703767', N'lhlong@example.com', N'/profile/default.jpg', CAST(N'2025-07-13' AS Date), NULL, 6, 17, 36)
INSERT [dbo].[Profiles] ([UserId], [Name], [Address], [Dob], [Sex], [Phone], [Email], [Avatar], [CreatedDate], [UpdatedDate], [RoleId], [AccountId], [ParentId]) VALUES (36, N'LONG', N'Phu Tho', CAST(N'2003-07-12' AS Date), 1, N'0907703787', N'longlh@example.com', N'/Profile/avatar_18_f00a62dd063749c68c9b2b29c39bb5c5.png', CAST(N'2025-07-13' AS Date), CAST(N'2025-08-15' AS Date), 5, 18, NULL)
INSERT [dbo].[Profiles] ([UserId], [Name], [Address], [Dob], [Sex], [Phone], [Email], [Avatar], [CreatedDate], [UpdatedDate], [RoleId], [AccountId], [ParentId]) VALUES (37, N'mrk1', N'Số nhà 1 ngõ 2 đường 3 tổ 4 phường  Hà Nội', CAST(N'2005-07-13' AS Date), 0, N'0987476370', N'mrk1@gmail.com', N'/Profile/avatar_19_55cd131b08c045a18ffcef396c4e4c8d.png', CAST(N'2025-07-14' AS Date), CAST(N'2025-08-15' AS Date), 3, 19, NULL)
INSERT [dbo].[Profiles] ([UserId], [Name], [Address], [Dob], [Sex], [Phone], [Email], [Avatar], [CreatedDate], [UpdatedDate], [RoleId], [AccountId], [ParentId]) VALUES (38, N'llll', N'string', CAST(N'2005-07-20' AS Date), 0, N'0864314933', N'llll@example.com', N'/profile/default.jpg', CAST(N'2025-07-20' AS Date), NULL, 6, 20, 40)
INSERT [dbo].[Profiles] ([UserId], [Name], [Address], [Dob], [Sex], [Phone], [Email], [Avatar], [CreatedDate], [UpdatedDate], [RoleId], [AccountId], [ParentId]) VALUES (39, N'lll', N'string', CAST(N'2005-07-20' AS Date), 1, N'0064314933', N'lll@example.com', N'/profile/default.jpg', CAST(N'2025-07-20' AS Date), NULL, 6, 21, NULL)
INSERT [dbo].[Profiles] ([UserId], [Name], [Address], [Dob], [Sex], [Phone], [Email], [Avatar], [CreatedDate], [UpdatedDate], [RoleId], [AccountId], [ParentId]) VALUES (40, N'll', N'string', CAST(N'2003-07-20' AS Date), 1, N'0198916676', N'longnhhe173477@fpt.edu.vn', N'/profile/default.jpg', CAST(N'2025-07-20' AS Date), NULL, 7, 22, NULL)
INSERT [dbo].[Profiles] ([UserId], [Name], [Address], [Dob], [Sex], [Phone], [Email], [Avatar], [CreatedDate], [UpdatedDate], [RoleId], [AccountId], [ParentId]) VALUES (41, N'hs1', N'string', CAST(N'2009-08-08' AS Date), 0, N'0370508851', N'hs1@example.com', N'/profile/default.jpg', CAST(N'2025-08-08' AS Date), NULL, 6, 23, 40)
INSERT [dbo].[Profiles] ([UserId], [Name], [Address], [Dob], [Sex], [Phone], [Email], [Avatar], [CreatedDate], [UpdatedDate], [RoleId], [AccountId], [ParentId]) VALUES (42, N'hs2', N'Phú Thọ', CAST(N'2022-02-01' AS Date), 0, N'0978563434', N'hs2@gmail.com', N'/profile/default.jpg', CAST(N'2025-08-08' AS Date), NULL, 6, 24, 40)
INSERT [dbo].[Profiles] ([UserId], [Name], [Address], [Dob], [Sex], [Phone], [Email], [Avatar], [CreatedDate], [UpdatedDate], [RoleId], [AccountId], [ParentId]) VALUES (43, N'hs3', N'Phú Thọ', CAST(N'2024-02-07' AS Date), 0, N'0879685434', N'hs3@gmail.com', N'/profile/default.jpg', CAST(N'2025-08-09' AS Date), NULL, 6, 25, 40)
INSERT [dbo].[Profiles] ([UserId], [Name], [Address], [Dob], [Sex], [Phone], [Email], [Avatar], [CreatedDate], [UpdatedDate], [RoleId], [AccountId], [ParentId]) VALUES (44, N'hs4', N'Phú Thọ', CAST(N'2023-01-31' AS Date), 0, N'0767574678', N'hs4@gmail.com', N'/profile/default.jpg', CAST(N'2025-08-09' AS Date), NULL, 6, 26, 40)
INSERT [dbo].[Profiles] ([UserId], [Name], [Address], [Dob], [Sex], [Phone], [Email], [Avatar], [CreatedDate], [UpdatedDate], [RoleId], [AccountId], [ParentId]) VALUES (45, N'hs5', N'Phú Thọ', CAST(N'2022-02-02' AS Date), 0, N'0989796958', N'hs5@gmail.com', N'/profile/default.jpg', CAST(N'2025-08-09' AS Date), NULL, 6, 27, 40)
INSERT [dbo].[Profiles] ([UserId], [Name], [Address], [Dob], [Sex], [Phone], [Email], [Avatar], [CreatedDate], [UpdatedDate], [RoleId], [AccountId], [ParentId]) VALUES (46, N'hs6', N'Phú Thọ', CAST(N'2021-12-28' AS Date), 0, N'0978965437', N'hs6@gmail.com', N'/profile/default.jpg', CAST(N'2025-08-09' AS Date), NULL, 6, 28, 40)
INSERT [dbo].[Profiles] ([UserId], [Name], [Address], [Dob], [Sex], [Phone], [Email], [Avatar], [CreatedDate], [UpdatedDate], [RoleId], [AccountId], [ParentId]) VALUES (47, N'hs7', N'Phú Thọ', CAST(N'2023-02-01' AS Date), 0, N'0968579876', N'hs7@gmail.com', N'/profile/default.jpg', CAST(N'2025-08-09' AS Date), NULL, 6, 29, 40)
INSERT [dbo].[Profiles] ([UserId], [Name], [Address], [Dob], [Sex], [Phone], [Email], [Avatar], [CreatedDate], [UpdatedDate], [RoleId], [AccountId], [ParentId]) VALUES (48, N'hs8', N'Phú Thọ', CAST(N'2023-02-02' AS Date), 0, N'0979686756', N'hs8@gmail.com', N'/profile/default.jpg', CAST(N'2025-08-09' AS Date), NULL, 6, 30, 40)
INSERT [dbo].[Profiles] ([UserId], [Name], [Address], [Dob], [Sex], [Phone], [Email], [Avatar], [CreatedDate], [UpdatedDate], [RoleId], [AccountId], [ParentId]) VALUES (49, N'hs9', N'Phú Thọ', CAST(N'2021-02-04' AS Date), 0, N'0978675698', N'hs9@gmail.com', N'/profile/default.jpg', CAST(N'2025-08-09' AS Date), NULL, 6, 31, 40)
INSERT [dbo].[Profiles] ([UserId], [Name], [Address], [Dob], [Sex], [Phone], [Email], [Avatar], [CreatedDate], [UpdatedDate], [RoleId], [AccountId], [ParentId]) VALUES (50, N'hs10', N'Phú Thọ', CAST(N'2020-02-28' AS Date), 0, N'0978563434', N'hs10@gmail.com', N'/profile/default.jpg', CAST(N'2025-08-09' AS Date), NULL, 6, 32, 40)
INSERT [dbo].[Profiles] ([UserId], [Name], [Address], [Dob], [Sex], [Phone], [Email], [Avatar], [CreatedDate], [UpdatedDate], [RoleId], [AccountId], [ParentId]) VALUES (51, N'hs11', N'Phú Thọ', CAST(N'2020-01-29' AS Date), 0, N'0767574678', N'hs11@gmail.com', N'/profile/default.jpg', CAST(N'2025-08-09' AS Date), NULL, 6, 33, 40)
INSERT [dbo].[Profiles] ([UserId], [Name], [Address], [Dob], [Sex], [Phone], [Email], [Avatar], [CreatedDate], [UpdatedDate], [RoleId], [AccountId], [ParentId]) VALUES (52, N'hs12', N'Phú Thọ', CAST(N'2022-02-02' AS Date), 0, N'0879685434', N'hs12@gmail.com', N'/profile/default.jpg', CAST(N'2025-08-09' AS Date), NULL, 6, 34, 40)
INSERT [dbo].[Profiles] ([UserId], [Name], [Address], [Dob], [Sex], [Phone], [Email], [Avatar], [CreatedDate], [UpdatedDate], [RoleId], [AccountId], [ParentId]) VALUES (53, N'Nguyen Hoang Long', N'Phu Tho', CAST(N'2003-08-22' AS Date), 1, N'0868299285', N'ươuhrgouwrg', N'/Profile/avatar_35_12526ee565ea4220b85a2832bd12cf65.png', CAST(N'2025-08-12' AS Date), CAST(N'2025-08-15' AS Date), 2, 35, NULL)
INSERT [dbo].[Profiles] ([UserId], [Name], [Address], [Dob], [Sex], [Phone], [Email], [Avatar], [CreatedDate], [UpdatedDate], [RoleId], [AccountId], [ParentId]) VALUES (54, N'Nguyen Hoang Long', N'Phú Thọ', CAST(N'2024-02-01' AS Date), 1, N'0968299285', N'olng@gmail.com', N'/profile/default.jpg', CAST(N'2025-08-13' AS Date), NULL, 6, 36, 40)
INSERT [dbo].[Profiles] ([UserId], [Name], [Address], [Dob], [Sex], [Phone], [Email], [Avatar], [CreatedDate], [UpdatedDate], [RoleId], [AccountId], [ParentId]) VALUES (55, N'Nguyen Hoang Long', N'Phú Thọ', CAST(N'2005-02-02' AS Date), 0, N'0987654567', N'sh1@gmail.com', N'/profile/default.jpg', CAST(N'2025-08-15' AS Date), NULL, 6, 37, 40)
INSERT [dbo].[Profiles] ([UserId], [Name], [Address], [Dob], [Sex], [Phone], [Email], [Avatar], [CreatedDate], [UpdatedDate], [RoleId], [AccountId], [ParentId]) VALUES (56, N'Nguyen Hoang Long', N'Phú Thọ', CAST(N'2025-08-06' AS Date), 1, N'0989798968', N'rhwrhw', N'/profile/default.jpg', CAST(N'2025-08-15' AS Date), NULL, 6, 38, 40)
SET IDENTITY_INSERT [dbo].[Profiles] OFF
GO
SET IDENTITY_INSERT [dbo].[Question] ON 

INSERT [dbo].[Question] ([Id], [Content], [CreatedDate], [UpdatedDate], [TopicId]) VALUES (1, N'Mệnh đề là gì trong toán học?', CAST(N'2025-06-19' AS Date), CAST(N'2025-06-19' AS Date), 2)
INSERT [dbo].[Question] ([Id], [Content], [CreatedDate], [UpdatedDate], [TopicId]) VALUES (2, N'Tập hợp là gì?', CAST(N'2025-06-19' AS Date), CAST(N'2025-06-19' AS Date), 2)
INSERT [dbo].[Question] ([Id], [Content], [CreatedDate], [UpdatedDate], [TopicId]) VALUES (3, N'Ký hiệu thuộc tập hợp là gì?', CAST(N'2025-06-19' AS Date), CAST(N'2025-06-19' AS Date), 2)
INSERT [dbo].[Question] ([Id], [Content], [CreatedDate], [UpdatedDate], [TopicId]) VALUES (4, N'Tập hợp rỗng là gì?', CAST(N'2025-06-19' AS Date), CAST(N'2025-06-19' AS Date), 2)
INSERT [dbo].[Question] ([Id], [Content], [CreatedDate], [UpdatedDate], [TopicId]) VALUES (5, N'Ký hiệu của tập hợp rỗng là gì?', CAST(N'2025-06-19' AS Date), CAST(N'2025-06-19' AS Date), 2)
INSERT [dbo].[Question] ([Id], [Content], [CreatedDate], [UpdatedDate], [TopicId]) VALUES (6, N'Khi nào hai tập hợp bằng nhau?', CAST(N'2025-06-19' AS Date), CAST(N'2025-06-19' AS Date), 2)
INSERT [dbo].[Question] ([Id], [Content], [CreatedDate], [UpdatedDate], [TopicId]) VALUES (7, N'Tập con là gì?', CAST(N'2025-06-19' AS Date), CAST(N'2025-06-19' AS Date), 2)
INSERT [dbo].[Question] ([Id], [Content], [CreatedDate], [UpdatedDate], [TopicId]) VALUES (8, N'Ký hiệu của tập con là gì?', CAST(N'2025-06-19' AS Date), CAST(N'2025-06-19' AS Date), 2)
INSERT [dbo].[Question] ([Id], [Content], [CreatedDate], [UpdatedDate], [TopicId]) VALUES (9, N'Tập hợp các số tự nhiên là?', CAST(N'2025-06-19' AS Date), CAST(N'2025-06-19' AS Date), 2)
INSERT [dbo].[Question] ([Id], [Content], [CreatedDate], [UpdatedDate], [TopicId]) VALUES (10, N'Ký hiệu của tập số tự nhiên là?', CAST(N'2025-06-19' AS Date), CAST(N'2025-06-19' AS Date), 2)
INSERT [dbo].[Question] ([Id], [Content], [CreatedDate], [UpdatedDate], [TopicId]) VALUES (11, N'Tập hợp các số nguyên là?', CAST(N'2025-06-19' AS Date), CAST(N'2025-06-19' AS Date), 2)
INSERT [dbo].[Question] ([Id], [Content], [CreatedDate], [UpdatedDate], [TopicId]) VALUES (12, N'Ký hiệu của tập số nguyên là?', CAST(N'2025-06-19' AS Date), CAST(N'2025-06-19' AS Date), 2)
INSERT [dbo].[Question] ([Id], [Content], [CreatedDate], [UpdatedDate], [TopicId]) VALUES (13, N'Tập hợp các số hữu tỉ là?', CAST(N'2025-06-19' AS Date), CAST(N'2025-06-19' AS Date), 2)
INSERT [dbo].[Question] ([Id], [Content], [CreatedDate], [UpdatedDate], [TopicId]) VALUES (14, N'Ký hiệu của tập số hữu tỉ là?', CAST(N'2025-06-19' AS Date), CAST(N'2025-06-19' AS Date), 2)
INSERT [dbo].[Question] ([Id], [Content], [CreatedDate], [UpdatedDate], [TopicId]) VALUES (15, N'Tập hợp các số thực là?', CAST(N'2025-06-19' AS Date), CAST(N'2025-06-19' AS Date), 2)
INSERT [dbo].[Question] ([Id], [Content], [CreatedDate], [UpdatedDate], [TopicId]) VALUES (16, N'Ký hiệu của tập số thực là?', CAST(N'2025-06-19' AS Date), CAST(N'2025-06-19' AS Date), 2)
INSERT [dbo].[Question] ([Id], [Content], [CreatedDate], [UpdatedDate], [TopicId]) VALUES (17, N'Giao của hai tập hợp là gì?', CAST(N'2025-06-19' AS Date), CAST(N'2025-06-19' AS Date), 2)
INSERT [dbo].[Question] ([Id], [Content], [CreatedDate], [UpdatedDate], [TopicId]) VALUES (18, N'Ký hiệu giao của hai tập hợp là?', CAST(N'2025-06-19' AS Date), CAST(N'2025-06-19' AS Date), 2)
INSERT [dbo].[Question] ([Id], [Content], [CreatedDate], [UpdatedDate], [TopicId]) VALUES (19, N'Hợp của hai tập hợp là gì?', CAST(N'2025-06-19' AS Date), CAST(N'2025-06-19' AS Date), 2)
INSERT [dbo].[Question] ([Id], [Content], [CreatedDate], [UpdatedDate], [TopicId]) VALUES (20, N'Ký hiệu hợp của hai tập hợp là?', CAST(N'2025-06-19' AS Date), CAST(N'2025-06-19' AS Date), 2)
INSERT [dbo].[Question] ([Id], [Content], [CreatedDate], [UpdatedDate], [TopicId]) VALUES (21, N'Hiệu của hai tập hợp là gì?', CAST(N'2025-06-19' AS Date), CAST(N'2025-06-19' AS Date), 2)
INSERT [dbo].[Question] ([Id], [Content], [CreatedDate], [UpdatedDate], [TopicId]) VALUES (22, N'Ký hiệu hiệu của hai tập hợp là?', CAST(N'2025-06-19' AS Date), CAST(N'2025-06-19' AS Date), 2)
INSERT [dbo].[Question] ([Id], [Content], [CreatedDate], [UpdatedDate], [TopicId]) VALUES (23, N'Mệnh đề đúng là gì?', CAST(N'2025-06-19' AS Date), CAST(N'2025-06-19' AS Date), 2)
INSERT [dbo].[Question] ([Id], [Content], [CreatedDate], [UpdatedDate], [TopicId]) VALUES (24, N'Mệnh đề sai là gì?', CAST(N'2025-06-19' AS Date), CAST(N'2025-06-19' AS Date), 2)
INSERT [dbo].[Question] ([Id], [Content], [CreatedDate], [UpdatedDate], [TopicId]) VALUES (25, N'Phủ định của một mệnh đề là gì?', CAST(N'2025-06-19' AS Date), CAST(N'2025-06-19' AS Date), 2)
INSERT [dbo].[Question] ([Id], [Content], [CreatedDate], [UpdatedDate], [TopicId]) VALUES (26, N'Ký hiệu phủ định của mệnh đề là gì?', CAST(N'2025-06-19' AS Date), CAST(N'2025-06-19' AS Date), 2)
INSERT [dbo].[Question] ([Id], [Content], [CreatedDate], [UpdatedDate], [TopicId]) VALUES (27, N'Mệnh đề kéo theo là gì?', CAST(N'2025-06-19' AS Date), CAST(N'2025-06-19' AS Date), 2)
INSERT [dbo].[Question] ([Id], [Content], [CreatedDate], [UpdatedDate], [TopicId]) VALUES (28, N'Mệnh đề tương đương là gì?', CAST(N'2025-06-19' AS Date), CAST(N'2025-06-19' AS Date), 2)
INSERT [dbo].[Question] ([Id], [Content], [CreatedDate], [UpdatedDate], [TopicId]) VALUES (29, N'Tập xác định của một mệnh đề là gì?', CAST(N'2025-06-19' AS Date), CAST(N'2025-06-19' AS Date), 2)
INSERT [dbo].[Question] ([Id], [Content], [CreatedDate], [UpdatedDate], [TopicId]) VALUES (30, N'Cho tập A = {1,2,3}, tập B = {2,3,4}, A ∩ B là?', CAST(N'2025-06-19' AS Date), CAST(N'2025-06-19' AS Date), 2)
INSERT [dbo].[Question] ([Id], [Content], [CreatedDate], [UpdatedDate], [TopicId]) VALUES (31, N'Bất phương trình là gì?', CAST(N'2025-06-19' AS Date), CAST(N'2025-06-19' AS Date), 4)
INSERT [dbo].[Question] ([Id], [Content], [CreatedDate], [UpdatedDate], [TopicId]) VALUES (32, N'Ký hiệu ">" trong bất phương trình có nghĩa gì?', CAST(N'2025-06-19' AS Date), CAST(N'2025-06-19' AS Date), 4)
INSERT [dbo].[Question] ([Id], [Content], [CreatedDate], [UpdatedDate], [TopicId]) VALUES (33, N'Nghiệm của bất phương trình là gì?', CAST(N'2025-06-19' AS Date), CAST(N'2025-06-19' AS Date), 4)
INSERT [dbo].[Question] ([Id], [Content], [CreatedDate], [UpdatedDate], [TopicId]) VALUES (34, N'Cách biểu diễn nghiệm của bất phương trình bậc nhất trên trục số là gì?', CAST(N'2025-06-19' AS Date), CAST(N'2025-06-19' AS Date), 4)
INSERT [dbo].[Question] ([Id], [Content], [CreatedDate], [UpdatedDate], [TopicId]) VALUES (35, N'Bất phương trình bậc nhất một ẩn có dạng gì?', CAST(N'2025-06-19' AS Date), CAST(N'2025-06-19' AS Date), 4)
INSERT [dbo].[Question] ([Id], [Content], [CreatedDate], [UpdatedDate], [TopicId]) VALUES (36, N'Tính chất của bất phương trình khi nhân hai vế với số dương là gì?', CAST(N'2025-06-19' AS Date), CAST(N'2025-06-19' AS Date), 4)
INSERT [dbo].[Question] ([Id], [Content], [CreatedDate], [UpdatedDate], [TopicId]) VALUES (37, N'Tính chất của bất phương trình khi nhân hai vế với số âm là gì?', CAST(N'2025-06-19' AS Date), CAST(N'2025-06-19' AS Date), 4)
INSERT [dbo].[Question] ([Id], [Content], [CreatedDate], [UpdatedDate], [TopicId]) VALUES (38, N'Ký hiệu "≤" có nghĩa gì trong bất phương trình?', CAST(N'2025-06-19' AS Date), CAST(N'2025-06-19' AS Date), 4)
INSERT [dbo].[Question] ([Id], [Content], [CreatedDate], [UpdatedDate], [TopicId]) VALUES (39, N'Bất phương trình đồng nhất là gì?', CAST(N'2025-06-19' AS Date), CAST(N'2025-06-19' AS Date), 4)
INSERT [dbo].[Question] ([Id], [Content], [CreatedDate], [UpdatedDate], [TopicId]) VALUES (40, N'Bất phương trình vô nghiệm là gì?', CAST(N'2025-06-19' AS Date), CAST(N'2025-06-19' AS Date), 4)
INSERT [dbo].[Question] ([Id], [Content], [CreatedDate], [UpdatedDate], [TopicId]) VALUES (41, N'Bất phương trình đúng với mọi giá trị của ẩn được gọi là gì?', CAST(N'2025-06-19' AS Date), CAST(N'2025-06-19' AS Date), 4)
INSERT [dbo].[Question] ([Id], [Content], [CreatedDate], [UpdatedDate], [TopicId]) VALUES (42, N'Khi cộng cùng một số vào hai vế của bất phương trình thì kết quả như thế nào?', CAST(N'2025-06-19' AS Date), CAST(N'2025-06-19' AS Date), 4)
INSERT [dbo].[Question] ([Id], [Content], [CreatedDate], [UpdatedDate], [TopicId]) VALUES (43, N'Khi trừ cùng một số vào hai vế của bất phương trình thì kết quả như thế nào?', CAST(N'2025-06-19' AS Date), CAST(N'2025-06-19' AS Date), 4)
INSERT [dbo].[Question] ([Id], [Content], [CreatedDate], [UpdatedDate], [TopicId]) VALUES (44, N'Thế nào là bất phương trình tương đương?', CAST(N'2025-06-19' AS Date), CAST(N'2025-06-19' AS Date), 4)
INSERT [dbo].[Question] ([Id], [Content], [CreatedDate], [UpdatedDate], [TopicId]) VALUES (45, N'Muốn giải hệ bất phương trình ta làm thế nào?', CAST(N'2025-06-19' AS Date), CAST(N'2025-06-19' AS Date), 4)
INSERT [dbo].[Question] ([Id], [Content], [CreatedDate], [UpdatedDate], [TopicId]) VALUES (46, N'Tập nghiệm của hệ bất phương trình là gì?', CAST(N'2025-06-19' AS Date), CAST(N'2025-06-19' AS Date), 4)
INSERT [dbo].[Question] ([Id], [Content], [CreatedDate], [UpdatedDate], [TopicId]) VALUES (47, N'Cách biểu diễn nghiệm của hệ bất phương trình trên trục số?', CAST(N'2025-06-19' AS Date), CAST(N'2025-06-19' AS Date), 4)
INSERT [dbo].[Question] ([Id], [Content], [CreatedDate], [UpdatedDate], [TopicId]) VALUES (48, N'Bất phương trình có dạng ax + b > 0, khi nào nghiệm là tập rỗng?', CAST(N'2025-06-19' AS Date), CAST(N'2025-06-19' AS Date), 4)
INSERT [dbo].[Question] ([Id], [Content], [CreatedDate], [UpdatedDate], [TopicId]) VALUES (49, N'Khi nào bất phương trình có vô số nghiệm?', CAST(N'2025-06-19' AS Date), CAST(N'2025-06-19' AS Date), 4)
INSERT [dbo].[Question] ([Id], [Content], [CreatedDate], [UpdatedDate], [TopicId]) VALUES (50, N'Phương pháp giải bất phương trình tích là gì?', CAST(N'2025-06-19' AS Date), CAST(N'2025-06-19' AS Date), 4)
INSERT [dbo].[Question] ([Id], [Content], [CreatedDate], [UpdatedDate], [TopicId]) VALUES (51, N'Bất phương trình bậc hai có dạng gì?', CAST(N'2025-06-19' AS Date), CAST(N'2025-06-19' AS Date), 4)
INSERT [dbo].[Question] ([Id], [Content], [CreatedDate], [UpdatedDate], [TopicId]) VALUES (52, N'Cách tìm khoảng nghiệm của bất phương trình bậc hai?', CAST(N'2025-06-19' AS Date), CAST(N'2025-06-19' AS Date), 4)
INSERT [dbo].[Question] ([Id], [Content], [CreatedDate], [UpdatedDate], [TopicId]) VALUES (53, N'Khi nào hệ bất phương trình không có nghiệm?', CAST(N'2025-06-19' AS Date), CAST(N'2025-06-19' AS Date), 4)
INSERT [dbo].[Question] ([Id], [Content], [CreatedDate], [UpdatedDate], [TopicId]) VALUES (54, N'Nghiệm chung của hai bất phương trình là gì?', CAST(N'2025-06-19' AS Date), CAST(N'2025-06-19' AS Date), 4)
INSERT [dbo].[Question] ([Id], [Content], [CreatedDate], [UpdatedDate], [TopicId]) VALUES (55, N'Bất phương trình chứa dấu "=" thuộc loại nào?', CAST(N'2025-06-19' AS Date), CAST(N'2025-06-19' AS Date), 4)
INSERT [dbo].[Question] ([Id], [Content], [CreatedDate], [UpdatedDate], [TopicId]) VALUES (56, N'Khi chia hai vế bất phương trình cho số âm thì phải làm gì?', CAST(N'2025-06-19' AS Date), CAST(N'2025-06-19' AS Date), 4)
INSERT [dbo].[Question] ([Id], [Content], [CreatedDate], [UpdatedDate], [TopicId]) VALUES (57, N'Phương pháp sử dụng bảng xét dấu trong giải bất phương trình là gì?', CAST(N'2025-06-19' AS Date), CAST(N'2025-06-19' AS Date), 4)
INSERT [dbo].[Question] ([Id], [Content], [CreatedDate], [UpdatedDate], [TopicId]) VALUES (58, N'Ý nghĩa hình học của nghiệm bất phương trình?', CAST(N'2025-06-19' AS Date), CAST(N'2025-06-19' AS Date), 4)
INSERT [dbo].[Question] ([Id], [Content], [CreatedDate], [UpdatedDate], [TopicId]) VALUES (59, N'Ứng dụng thực tế của bất phương trình là gì?', CAST(N'2025-06-19' AS Date), CAST(N'2025-06-19' AS Date), 4)
INSERT [dbo].[Question] ([Id], [Content], [CreatedDate], [UpdatedDate], [TopicId]) VALUES (60, N'Giải hệ bất phương trình có chứa tham số cần chú ý gì?', CAST(N'2025-06-19' AS Date), CAST(N'2025-06-19' AS Date), 4)
INSERT [dbo].[Question] ([Id], [Content], [CreatedDate], [UpdatedDate], [TopicId]) VALUES (61, N'Hệ thức lượng trong tam giác vuông là gì?', CAST(N'2025-06-19' AS Date), CAST(N'2025-06-19' AS Date), 5)
INSERT [dbo].[Question] ([Id], [Content], [CreatedDate], [UpdatedDate], [TopicId]) VALUES (62, N'Công thức tính cạnh huyền trong tam giác vuông?', CAST(N'2025-06-19' AS Date), CAST(N'2025-06-19' AS Date), 5)
INSERT [dbo].[Question] ([Id], [Content], [CreatedDate], [UpdatedDate], [TopicId]) VALUES (63, N'Định lý Pythagoras áp dụng cho tam giác nào?', CAST(N'2025-06-19' AS Date), CAST(N'2025-06-19' AS Date), 5)
INSERT [dbo].[Question] ([Id], [Content], [CreatedDate], [UpdatedDate], [TopicId]) VALUES (64, N'Công thức tính sin của góc trong tam giác vuông?', CAST(N'2025-06-19' AS Date), CAST(N'2025-06-19' AS Date), 5)
INSERT [dbo].[Question] ([Id], [Content], [CreatedDate], [UpdatedDate], [TopicId]) VALUES (65, N'Công thức tính cos của góc trong tam giác vuông?', CAST(N'2025-06-19' AS Date), CAST(N'2025-06-19' AS Date), 5)
INSERT [dbo].[Question] ([Id], [Content], [CreatedDate], [UpdatedDate], [TopicId]) VALUES (66, N'Công thức tính tan của góc trong tam giác vuông?', CAST(N'2025-06-19' AS Date), CAST(N'2025-06-19' AS Date), 5)
INSERT [dbo].[Question] ([Id], [Content], [CreatedDate], [UpdatedDate], [TopicId]) VALUES (67, N'Công thức tính cot của góc trong tam giác vuông?', CAST(N'2025-06-19' AS Date), CAST(N'2025-06-19' AS Date), 5)
INSERT [dbo].[Question] ([Id], [Content], [CreatedDate], [UpdatedDate], [TopicId]) VALUES (68, N'Quan hệ giữa các cạnh trong tam giác đều?', CAST(N'2025-06-19' AS Date), CAST(N'2025-06-19' AS Date), 5)
INSERT [dbo].[Question] ([Id], [Content], [CreatedDate], [UpdatedDate], [TopicId]) VALUES (69, N'Hệ thức lượng trong tam giác bất kỳ là gì?', CAST(N'2025-06-19' AS Date), CAST(N'2025-06-19' AS Date), 5)
INSERT [dbo].[Question] ([Id], [Content], [CreatedDate], [UpdatedDate], [TopicId]) VALUES (70, N'Định lý cos áp dụng trong tam giác nào?', CAST(N'2025-06-19' AS Date), CAST(N'2025-06-19' AS Date), 5)
INSERT [dbo].[Question] ([Id], [Content], [CreatedDate], [UpdatedDate], [TopicId]) VALUES (71, N'Định lý sin áp dụng trong tam giác nào?', CAST(N'2025-06-19' AS Date), CAST(N'2025-06-19' AS Date), 5)
INSERT [dbo].[Question] ([Id], [Content], [CreatedDate], [UpdatedDate], [TopicId]) VALUES (72, N'Công thức tính diện tích tam giác bằng hệ thức lượng?', CAST(N'2025-06-19' AS Date), CAST(N'2025-06-19' AS Date), 5)
INSERT [dbo].[Question] ([Id], [Content], [CreatedDate], [UpdatedDate], [TopicId]) VALUES (73, N'Quan hệ giữa đường cao và các cạnh của tam giác?', CAST(N'2025-06-19' AS Date), CAST(N'2025-06-19' AS Date), 5)
INSERT [dbo].[Question] ([Id], [Content], [CreatedDate], [UpdatedDate], [TopicId]) VALUES (74, N'Công thức tính bán kính đường tròn nội tiếp tam giác?', CAST(N'2025-06-19' AS Date), CAST(N'2025-06-19' AS Date), 5)
INSERT [dbo].[Question] ([Id], [Content], [CreatedDate], [UpdatedDate], [TopicId]) VALUES (75, N'Công thức tính bán kính đường tròn ngoại tiếp tam giác?', CAST(N'2025-06-19' AS Date), CAST(N'2025-06-19' AS Date), 5)
INSERT [dbo].[Question] ([Id], [Content], [CreatedDate], [UpdatedDate], [TopicId]) VALUES (76, N'Hệ thức lượng liên hệ với góc giữa hai cạnh của tam giác?', CAST(N'2025-06-19' AS Date), CAST(N'2025-06-19' AS Date), 5)
INSERT [dbo].[Question] ([Id], [Content], [CreatedDate], [UpdatedDate], [TopicId]) VALUES (77, N'Ứng dụng của hệ thức lượng trong tam giác?', CAST(N'2025-06-19' AS Date), CAST(N'2025-06-19' AS Date), 5)
INSERT [dbo].[Question] ([Id], [Content], [CreatedDate], [UpdatedDate], [TopicId]) VALUES (78, N'Ý nghĩa hình học của định lý sin?', CAST(N'2025-06-19' AS Date), CAST(N'2025-06-19' AS Date), 5)
INSERT [dbo].[Question] ([Id], [Content], [CreatedDate], [UpdatedDate], [TopicId]) VALUES (79, N'Ý nghĩa hình học của định lý cos?', CAST(N'2025-06-19' AS Date), CAST(N'2025-06-19' AS Date), 5)
INSERT [dbo].[Question] ([Id], [Content], [CreatedDate], [UpdatedDate], [TopicId]) VALUES (80, N'Quan hệ giữa bán kính ngoại tiếp và góc trong tam giác?', CAST(N'2025-06-19' AS Date), CAST(N'2025-06-19' AS Date), 5)
INSERT [dbo].[Question] ([Id], [Content], [CreatedDate], [UpdatedDate], [TopicId]) VALUES (81, N'Khi nào định lý sin không áp dụng được?', CAST(N'2025-06-19' AS Date), CAST(N'2025-06-19' AS Date), 5)
INSERT [dbo].[Question] ([Id], [Content], [CreatedDate], [UpdatedDate], [TopicId]) VALUES (82, N'Khi nào định lý cos không áp dụng được?', CAST(N'2025-06-19' AS Date), CAST(N'2025-06-19' AS Date), 5)
INSERT [dbo].[Question] ([Id], [Content], [CreatedDate], [UpdatedDate], [TopicId]) VALUES (83, N'Trong tam giác vuông, cos 90° bằng bao nhiêu?', CAST(N'2025-06-19' AS Date), CAST(N'2025-06-19' AS Date), 5)
INSERT [dbo].[Question] ([Id], [Content], [CreatedDate], [UpdatedDate], [TopicId]) VALUES (84, N'Trong tam giác vuông, sin 0° bằng bao nhiêu?', CAST(N'2025-06-19' AS Date), CAST(N'2025-06-19' AS Date), 5)
INSERT [dbo].[Question] ([Id], [Content], [CreatedDate], [UpdatedDate], [TopicId]) VALUES (85, N'Quan hệ giữa góc và cạnh đối diện trong tam giác?', CAST(N'2025-06-19' AS Date), CAST(N'2025-06-19' AS Date), 5)
INSERT [dbo].[Question] ([Id], [Content], [CreatedDate], [UpdatedDate], [TopicId]) VALUES (86, N'Vai trò của hệ thức lượng trong giải bài toán thực tế?', CAST(N'2025-06-19' AS Date), CAST(N'2025-06-19' AS Date), 5)
INSERT [dbo].[Question] ([Id], [Content], [CreatedDate], [UpdatedDate], [TopicId]) VALUES (87, N'Hệ thức lượng giúp tính cạnh chưa biết như thế nào?', CAST(N'2025-06-19' AS Date), CAST(N'2025-06-19' AS Date), 5)
INSERT [dbo].[Question] ([Id], [Content], [CreatedDate], [UpdatedDate], [TopicId]) VALUES (88, N'Khi biết hai góc và một cạnh, hệ thức lượng nào dùng?', CAST(N'2025-06-19' AS Date), CAST(N'2025-06-19' AS Date), 5)
INSERT [dbo].[Question] ([Id], [Content], [CreatedDate], [UpdatedDate], [TopicId]) VALUES (89, N'Khi biết ba cạnh, hệ thức lượng nào dùng?', CAST(N'2025-06-19' AS Date), CAST(N'2025-06-19' AS Date), 5)
INSERT [dbo].[Question] ([Id], [Content], [CreatedDate], [UpdatedDate], [TopicId]) VALUES (90, N'Công thức nào giúp chuyển đổi giữa sin và cos?', CAST(N'2025-06-19' AS Date), CAST(N'2025-06-19' AS Date), 5)
INSERT [dbo].[Question] ([Id], [Content], [CreatedDate], [UpdatedDate], [TopicId]) VALUES (91, N'Vectơ là gì?', CAST(N'2025-06-19' AS Date), CAST(N'2025-06-19' AS Date), 6)
INSERT [dbo].[Question] ([Id], [Content], [CreatedDate], [UpdatedDate], [TopicId]) VALUES (92, N'Ký hiệu vectơ như thế nào?', CAST(N'2025-06-19' AS Date), CAST(N'2025-06-19' AS Date), 6)
INSERT [dbo].[Question] ([Id], [Content], [CreatedDate], [UpdatedDate], [TopicId]) VALUES (93, N'Vectơ có những thành phần nào?', CAST(N'2025-06-19' AS Date), CAST(N'2025-06-19' AS Date), 6)
INSERT [dbo].[Question] ([Id], [Content], [CreatedDate], [UpdatedDate], [TopicId]) VALUES (94, N'Khi nào hai vectơ bằng nhau?', CAST(N'2025-06-19' AS Date), CAST(N'2025-06-19' AS Date), 6)
INSERT [dbo].[Question] ([Id], [Content], [CreatedDate], [UpdatedDate], [TopicId]) VALUES (95, N'Phép cộng hai vectơ là gì?', CAST(N'2025-06-19' AS Date), CAST(N'2025-06-19' AS Date), 6)
INSERT [dbo].[Question] ([Id], [Content], [CreatedDate], [UpdatedDate], [TopicId]) VALUES (96, N'Phép trừ hai vectơ là gì?', CAST(N'2025-06-19' AS Date), CAST(N'2025-06-19' AS Date), 6)
INSERT [dbo].[Question] ([Id], [Content], [CreatedDate], [UpdatedDate], [TopicId]) VALUES (97, N'Quy tắc hình bình hành dùng để làm gì?', CAST(N'2025-06-19' AS Date), CAST(N'2025-06-19' AS Date), 6)
INSERT [dbo].[Question] ([Id], [Content], [CreatedDate], [UpdatedDate], [TopicId]) VALUES (98, N'Phép nhân vectơ với một số là gì?', CAST(N'2025-06-19' AS Date), CAST(N'2025-06-19' AS Date), 6)
INSERT [dbo].[Question] ([Id], [Content], [CreatedDate], [UpdatedDate], [TopicId]) VALUES (99, N'Khi nhân vectơ với số âm thì điều gì xảy ra?', CAST(N'2025-06-19' AS Date), CAST(N'2025-06-19' AS Date), 6)
GO
INSERT [dbo].[Question] ([Id], [Content], [CreatedDate], [UpdatedDate], [TopicId]) VALUES (100, N'Điều kiện hai vectơ cùng phương?', CAST(N'2025-06-19' AS Date), CAST(N'2025-06-19' AS Date), 6)
INSERT [dbo].[Question] ([Id], [Content], [CreatedDate], [UpdatedDate], [TopicId]) VALUES (101, N'Điều kiện hai vectơ vuông góc?', CAST(N'2025-06-19' AS Date), CAST(N'2025-06-19' AS Date), 6)
INSERT [dbo].[Question] ([Id], [Content], [CreatedDate], [UpdatedDate], [TopicId]) VALUES (102, N'Biểu thức tọa độ của vectơ?', CAST(N'2025-06-19' AS Date), CAST(N'2025-06-19' AS Date), 6)
INSERT [dbo].[Question] ([Id], [Content], [CreatedDate], [UpdatedDate], [TopicId]) VALUES (103, N'Công thức tính độ dài vectơ?', CAST(N'2025-06-19' AS Date), CAST(N'2025-06-19' AS Date), 6)
INSERT [dbo].[Question] ([Id], [Content], [CreatedDate], [UpdatedDate], [TopicId]) VALUES (104, N'Vectơ không là gì?', CAST(N'2025-06-19' AS Date), CAST(N'2025-06-19' AS Date), 6)
INSERT [dbo].[Question] ([Id], [Content], [CreatedDate], [UpdatedDate], [TopicId]) VALUES (105, N'Ứng dụng của vectơ trong thực tế?', CAST(N'2025-06-19' AS Date), CAST(N'2025-06-19' AS Date), 6)
INSERT [dbo].[Question] ([Id], [Content], [CreatedDate], [UpdatedDate], [TopicId]) VALUES (106, N'Vectơ có hướng là gì?', CAST(N'2025-06-19' AS Date), CAST(N'2025-06-19' AS Date), 6)
INSERT [dbo].[Question] ([Id], [Content], [CreatedDate], [UpdatedDate], [TopicId]) VALUES (107, N'Phương của vectơ là gì?', CAST(N'2025-06-19' AS Date), CAST(N'2025-06-19' AS Date), 6)
INSERT [dbo].[Question] ([Id], [Content], [CreatedDate], [UpdatedDate], [TopicId]) VALUES (108, N'Giá của vectơ là gì?', CAST(N'2025-06-19' AS Date), CAST(N'2025-06-19' AS Date), 6)
INSERT [dbo].[Question] ([Id], [Content], [CreatedDate], [UpdatedDate], [TopicId]) VALUES (109, N'Quan hệ giữa hai vectơ khi đồng hướng?', CAST(N'2025-06-19' AS Date), CAST(N'2025-06-19' AS Date), 6)
INSERT [dbo].[Question] ([Id], [Content], [CreatedDate], [UpdatedDate], [TopicId]) VALUES (110, N'Biểu diễn vectơ trong mặt phẳng tọa độ?', CAST(N'2025-06-19' AS Date), CAST(N'2025-06-19' AS Date), 6)
INSERT [dbo].[Question] ([Id], [Content], [CreatedDate], [UpdatedDate], [TopicId]) VALUES (111, N'Cách cộng các vectơ đồng quy?', CAST(N'2025-06-19' AS Date), CAST(N'2025-06-19' AS Date), 6)
INSERT [dbo].[Question] ([Id], [Content], [CreatedDate], [UpdatedDate], [TopicId]) VALUES (112, N'Cách biểu diễn vectơ bằng toạ độ?', CAST(N'2025-06-19' AS Date), CAST(N'2025-06-19' AS Date), 6)
INSERT [dbo].[Question] ([Id], [Content], [CreatedDate], [UpdatedDate], [TopicId]) VALUES (113, N'Tổng các vectơ trên cùng phương?', CAST(N'2025-06-19' AS Date), CAST(N'2025-06-19' AS Date), 6)
INSERT [dbo].[Question] ([Id], [Content], [CreatedDate], [UpdatedDate], [TopicId]) VALUES (114, N'Tích vô hướng của hai vectơ là gì?', CAST(N'2025-06-19' AS Date), CAST(N'2025-06-19' AS Date), 6)
INSERT [dbo].[Question] ([Id], [Content], [CreatedDate], [UpdatedDate], [TopicId]) VALUES (115, N'Công thức tính tích vô hướng?', CAST(N'2025-06-19' AS Date), CAST(N'2025-06-19' AS Date), 6)
INSERT [dbo].[Question] ([Id], [Content], [CreatedDate], [UpdatedDate], [TopicId]) VALUES (116, N'Khi tích vô hướng bằng 0 thì hai vectơ thế nào?', CAST(N'2025-06-19' AS Date), CAST(N'2025-06-19' AS Date), 6)
INSERT [dbo].[Question] ([Id], [Content], [CreatedDate], [UpdatedDate], [TopicId]) VALUES (117, N'Ý nghĩa hình học của tích vô hướng?', CAST(N'2025-06-19' AS Date), CAST(N'2025-06-19' AS Date), 6)
INSERT [dbo].[Question] ([Id], [Content], [CreatedDate], [UpdatedDate], [TopicId]) VALUES (118, N'Ứng dụng tích vô hướng trong tam giác?', CAST(N'2025-06-19' AS Date), CAST(N'2025-06-19' AS Date), 6)
INSERT [dbo].[Question] ([Id], [Content], [CreatedDate], [UpdatedDate], [TopicId]) VALUES (119, N'Quan hệ vectơ với phương trình đường thẳng?', CAST(N'2025-06-19' AS Date), CAST(N'2025-06-19' AS Date), 6)
INSERT [dbo].[Question] ([Id], [Content], [CreatedDate], [UpdatedDate], [TopicId]) VALUES (120, N'Vectơ pháp tuyến là gì?', CAST(N'2025-06-19' AS Date), CAST(N'2025-06-19' AS Date), 6)
INSERT [dbo].[Question] ([Id], [Content], [CreatedDate], [UpdatedDate], [TopicId]) VALUES (121, N'Hàm số là gì?', CAST(N'2025-06-19' AS Date), CAST(N'2025-06-19' AS Date), 7)
INSERT [dbo].[Question] ([Id], [Content], [CreatedDate], [UpdatedDate], [TopicId]) VALUES (122, N'Tập xác định của hàm số là gì?', CAST(N'2025-06-19' AS Date), CAST(N'2025-06-19' AS Date), 7)
INSERT [dbo].[Question] ([Id], [Content], [CreatedDate], [UpdatedDate], [TopicId]) VALUES (123, N'Tập giá trị của hàm số là gì?', CAST(N'2025-06-19' AS Date), CAST(N'2025-06-19' AS Date), 7)
INSERT [dbo].[Question] ([Id], [Content], [CreatedDate], [UpdatedDate], [TopicId]) VALUES (124, N'Đồ thị của hàm số là gì?', CAST(N'2025-06-19' AS Date), CAST(N'2025-06-19' AS Date), 7)
INSERT [dbo].[Question] ([Id], [Content], [CreatedDate], [UpdatedDate], [TopicId]) VALUES (125, N'Tính đồng biến của hàm số là gì?', CAST(N'2025-06-19' AS Date), CAST(N'2025-06-19' AS Date), 7)
INSERT [dbo].[Question] ([Id], [Content], [CreatedDate], [UpdatedDate], [TopicId]) VALUES (126, N'Tính nghịch biến của hàm số là gì?', CAST(N'2025-06-19' AS Date), CAST(N'2025-06-19' AS Date), 7)
INSERT [dbo].[Question] ([Id], [Content], [CreatedDate], [UpdatedDate], [TopicId]) VALUES (127, N'Điều kiện để một hàm số là hàm số bậc nhất?', CAST(N'2025-06-19' AS Date), CAST(N'2025-06-19' AS Date), 7)
INSERT [dbo].[Question] ([Id], [Content], [CreatedDate], [UpdatedDate], [TopicId]) VALUES (128, N'Đồ thị của hàm số bậc nhất có dạng gì?', CAST(N'2025-06-19' AS Date), CAST(N'2025-06-19' AS Date), 7)
INSERT [dbo].[Question] ([Id], [Content], [CreatedDate], [UpdatedDate], [TopicId]) VALUES (129, N'Đồ thị của hàm số bậc hai có dạng gì?', CAST(N'2025-06-19' AS Date), CAST(N'2025-06-19' AS Date), 7)
INSERT [dbo].[Question] ([Id], [Content], [CreatedDate], [UpdatedDate], [TopicId]) VALUES (130, N'Cách xác định đỉnh của parabol?', CAST(N'2025-06-19' AS Date), CAST(N'2025-06-19' AS Date), 7)
INSERT [dbo].[Question] ([Id], [Content], [CreatedDate], [UpdatedDate], [TopicId]) VALUES (131, N'Cách vẽ đồ thị hàm số bậc nhất?', CAST(N'2025-06-19' AS Date), CAST(N'2025-06-19' AS Date), 7)
INSERT [dbo].[Question] ([Id], [Content], [CreatedDate], [UpdatedDate], [TopicId]) VALUES (132, N'Ứng dụng của hàm số trong thực tế?', CAST(N'2025-06-19' AS Date), CAST(N'2025-06-19' AS Date), 7)
INSERT [dbo].[Question] ([Id], [Content], [CreatedDate], [UpdatedDate], [TopicId]) VALUES (133, N'Thế nào là điểm cực trị của hàm số?', CAST(N'2025-06-19' AS Date), CAST(N'2025-06-19' AS Date), 7)
INSERT [dbo].[Question] ([Id], [Content], [CreatedDate], [UpdatedDate], [TopicId]) VALUES (134, N'Cách tìm cực trị của hàm số bậc ba?', CAST(N'2025-06-19' AS Date), CAST(N'2025-06-19' AS Date), 7)
INSERT [dbo].[Question] ([Id], [Content], [CreatedDate], [UpdatedDate], [TopicId]) VALUES (135, N'Đồ thị hàm số bậc ba có mấy điểm uốn?', CAST(N'2025-06-19' AS Date), CAST(N'2025-06-19' AS Date), 7)
INSERT [dbo].[Question] ([Id], [Content], [CreatedDate], [UpdatedDate], [TopicId]) VALUES (136, N'Cách sử dụng đạo hàm để khảo sát hàm số?', CAST(N'2025-06-19' AS Date), CAST(N'2025-06-19' AS Date), 7)
INSERT [dbo].[Question] ([Id], [Content], [CreatedDate], [UpdatedDate], [TopicId]) VALUES (137, N'Khi nào đồ thị hàm số có tiệm cận ngang?', CAST(N'2025-06-19' AS Date), CAST(N'2025-06-19' AS Date), 7)
INSERT [dbo].[Question] ([Id], [Content], [CreatedDate], [UpdatedDate], [TopicId]) VALUES (138, N'Tiệm cận đứng của đồ thị hàm số là gì?', CAST(N'2025-06-19' AS Date), CAST(N'2025-06-19' AS Date), 7)
INSERT [dbo].[Question] ([Id], [Content], [CreatedDate], [UpdatedDate], [TopicId]) VALUES (139, N'Tính chất đối xứng của đồ thị hàm số chẵn?', CAST(N'2025-06-19' AS Date), CAST(N'2025-06-19' AS Date), 7)
INSERT [dbo].[Question] ([Id], [Content], [CreatedDate], [UpdatedDate], [TopicId]) VALUES (140, N'Hàm số lẻ có đồ thị đối xứng qua đâu?', CAST(N'2025-06-19' AS Date), CAST(N'2025-06-19' AS Date), 7)
INSERT [dbo].[Question] ([Id], [Content], [CreatedDate], [UpdatedDate], [TopicId]) VALUES (141, N'Hệ trục tọa độ Oxy là gì?', CAST(N'2025-06-19' AS Date), CAST(N'2025-06-19' AS Date), 8)
INSERT [dbo].[Question] ([Id], [Content], [CreatedDate], [UpdatedDate], [TopicId]) VALUES (142, N'Tọa độ của điểm trong mặt phẳng là gì?', CAST(N'2025-06-19' AS Date), CAST(N'2025-06-19' AS Date), 8)
INSERT [dbo].[Question] ([Id], [Content], [CreatedDate], [UpdatedDate], [TopicId]) VALUES (143, N'Cách xác định tọa độ điểm A(x, y)?', CAST(N'2025-06-19' AS Date), CAST(N'2025-06-19' AS Date), 8)
INSERT [dbo].[Question] ([Id], [Content], [CreatedDate], [UpdatedDate], [TopicId]) VALUES (144, N'Công thức tính khoảng cách giữa hai điểm A(x1, y1), B(x2, y2)?', CAST(N'2025-06-19' AS Date), CAST(N'2025-06-19' AS Date), 8)
INSERT [dbo].[Question] ([Id], [Content], [CreatedDate], [UpdatedDate], [TopicId]) VALUES (145, N'Công thức trung điểm đoạn thẳng AB?', CAST(N'2025-06-19' AS Date), CAST(N'2025-06-19' AS Date), 8)
INSERT [dbo].[Question] ([Id], [Content], [CreatedDate], [UpdatedDate], [TopicId]) VALUES (146, N'Công thức trọng tâm của tam giác ABC?', CAST(N'2025-06-19' AS Date), CAST(N'2025-06-19' AS Date), 8)
INSERT [dbo].[Question] ([Id], [Content], [CreatedDate], [UpdatedDate], [TopicId]) VALUES (147, N'Công thức diện tích tam giác biết tọa độ 3 đỉnh?', CAST(N'2025-06-19' AS Date), CAST(N'2025-06-19' AS Date), 8)
INSERT [dbo].[Question] ([Id], [Content], [CreatedDate], [UpdatedDate], [TopicId]) VALUES (148, N'Phương trình đường thẳng đi qua 2 điểm?', CAST(N'2025-06-19' AS Date), CAST(N'2025-06-19' AS Date), 8)
INSERT [dbo].[Question] ([Id], [Content], [CreatedDate], [UpdatedDate], [TopicId]) VALUES (149, N'Cách xác định phương trình đường tròn tâm I(a, b), bán kính R?', CAST(N'2025-06-19' AS Date), CAST(N'2025-06-19' AS Date), 8)
INSERT [dbo].[Question] ([Id], [Content], [CreatedDate], [UpdatedDate], [TopicId]) VALUES (150, N'Điều kiện để hai đường thẳng song song?', CAST(N'2025-06-19' AS Date), CAST(N'2025-06-19' AS Date), 8)
INSERT [dbo].[Question] ([Id], [Content], [CreatedDate], [UpdatedDate], [TopicId]) VALUES (151, N'Điều kiện để hai đường thẳng vuông góc?', CAST(N'2025-06-19' AS Date), CAST(N'2025-06-19' AS Date), 8)
INSERT [dbo].[Question] ([Id], [Content], [CreatedDate], [UpdatedDate], [TopicId]) VALUES (152, N'Góc giữa hai đường thẳng được tính như thế nào?', CAST(N'2025-06-19' AS Date), CAST(N'2025-06-19' AS Date), 8)
INSERT [dbo].[Question] ([Id], [Content], [CreatedDate], [UpdatedDate], [TopicId]) VALUES (153, N'Điều kiện điểm M thuộc đường tròn?', CAST(N'2025-06-19' AS Date), CAST(N'2025-06-19' AS Date), 8)
INSERT [dbo].[Question] ([Id], [Content], [CreatedDate], [UpdatedDate], [TopicId]) VALUES (154, N'Công thức vector chỉ phương của đường thẳng?', CAST(N'2025-06-19' AS Date), CAST(N'2025-06-19' AS Date), 8)
INSERT [dbo].[Question] ([Id], [Content], [CreatedDate], [UpdatedDate], [TopicId]) VALUES (155, N'Công thức tính hoành độ giao điểm của đường thẳng với trục Ox?', CAST(N'2025-06-19' AS Date), CAST(N'2025-06-19' AS Date), 8)
INSERT [dbo].[Question] ([Id], [Content], [CreatedDate], [UpdatedDate], [TopicId]) VALUES (156, N'Công thức tính tung độ giao điểm của đường thẳng với trục Oy?', CAST(N'2025-06-19' AS Date), CAST(N'2025-06-19' AS Date), 8)
INSERT [dbo].[Question] ([Id], [Content], [CreatedDate], [UpdatedDate], [TopicId]) VALUES (157, N'Công thức tính khoảng cách từ điểm đến đường thẳng?', CAST(N'2025-06-19' AS Date), CAST(N'2025-06-19' AS Date), 8)
INSERT [dbo].[Question] ([Id], [Content], [CreatedDate], [UpdatedDate], [TopicId]) VALUES (158, N'Ý nghĩa hình học của tích vô hướng giữa hai vector?', CAST(N'2025-06-19' AS Date), CAST(N'2025-06-19' AS Date), 8)
INSERT [dbo].[Question] ([Id], [Content], [CreatedDate], [UpdatedDate], [TopicId]) VALUES (159, N'Cách xác định phương trình tiếp tuyến của đường tròn tại một điểm?', CAST(N'2025-06-19' AS Date), CAST(N'2025-06-19' AS Date), 8)
INSERT [dbo].[Question] ([Id], [Content], [CreatedDate], [UpdatedDate], [TopicId]) VALUES (160, N'Tọa độ trọng tâm của tam giác đều ABC?', CAST(N'2025-06-19' AS Date), CAST(N'2025-06-19' AS Date), 8)
INSERT [dbo].[Question] ([Id], [Content], [CreatedDate], [UpdatedDate], [TopicId]) VALUES (161, N'Hàm số là gì?', CAST(N'2025-06-19' AS Date), CAST(N'2025-06-19' AS Date), 9)
INSERT [dbo].[Question] ([Id], [Content], [CreatedDate], [UpdatedDate], [TopicId]) VALUES (162, N'Hàm số đồng biến khi nào?', CAST(N'2025-06-19' AS Date), CAST(N'2025-06-19' AS Date), 9)
INSERT [dbo].[Question] ([Id], [Content], [CreatedDate], [UpdatedDate], [TopicId]) VALUES (163, N'Hàm số nghịch biến khi nào?', CAST(N'2025-06-19' AS Date), CAST(N'2025-06-19' AS Date), 9)
INSERT [dbo].[Question] ([Id], [Content], [CreatedDate], [UpdatedDate], [TopicId]) VALUES (164, N'Tập xác định của hàm số là gì?', CAST(N'2025-06-19' AS Date), CAST(N'2025-06-19' AS Date), 9)
INSERT [dbo].[Question] ([Id], [Content], [CreatedDate], [UpdatedDate], [TopicId]) VALUES (165, N'Đồ thị của hàm số y = ax + b là đường gì?', CAST(N'2025-06-19' AS Date), CAST(N'2025-06-19' AS Date), 9)
INSERT [dbo].[Question] ([Id], [Content], [CreatedDate], [UpdatedDate], [TopicId]) VALUES (166, N'Khi a > 0, đồ thị hàm bậc nhất có tính chất gì?', CAST(N'2025-06-19' AS Date), CAST(N'2025-06-19' AS Date), 9)
INSERT [dbo].[Question] ([Id], [Content], [CreatedDate], [UpdatedDate], [TopicId]) VALUES (167, N'Điều kiện có nghiệm của phương trình sinx = m là gì?', CAST(N'2025-06-19' AS Date), CAST(N'2025-06-19' AS Date), 9)
INSERT [dbo].[Question] ([Id], [Content], [CreatedDate], [UpdatedDate], [TopicId]) VALUES (168, N'Điều kiện có nghiệm của phương trình cosx = m là gì?', CAST(N'2025-06-19' AS Date), CAST(N'2025-06-19' AS Date), 9)
INSERT [dbo].[Question] ([Id], [Content], [CreatedDate], [UpdatedDate], [TopicId]) VALUES (169, N'Nghiệm của phương trình sinx = 0 là gì?', CAST(N'2025-06-19' AS Date), CAST(N'2025-06-19' AS Date), 9)
INSERT [dbo].[Question] ([Id], [Content], [CreatedDate], [UpdatedDate], [TopicId]) VALUES (170, N'Nghiệm của phương trình cosx = 0 là gì?', CAST(N'2025-06-19' AS Date), CAST(N'2025-06-19' AS Date), 9)
INSERT [dbo].[Question] ([Id], [Content], [CreatedDate], [UpdatedDate], [TopicId]) VALUES (171, N'Phương trình lượng giác cơ bản gồm những gì?', CAST(N'2025-06-19' AS Date), CAST(N'2025-06-19' AS Date), 9)
INSERT [dbo].[Question] ([Id], [Content], [CreatedDate], [UpdatedDate], [TopicId]) VALUES (172, N'Hàm số sinx có giá trị lớn nhất là bao nhiêu?', CAST(N'2025-06-19' AS Date), CAST(N'2025-06-19' AS Date), 9)
INSERT [dbo].[Question] ([Id], [Content], [CreatedDate], [UpdatedDate], [TopicId]) VALUES (173, N'Hàm số cosx có giá trị nhỏ nhất là bao nhiêu?', CAST(N'2025-06-19' AS Date), CAST(N'2025-06-19' AS Date), 9)
INSERT [dbo].[Question] ([Id], [Content], [CreatedDate], [UpdatedDate], [TopicId]) VALUES (174, N'Phương trình tanx = 0 có nghiệm là gì?', CAST(N'2025-06-19' AS Date), CAST(N'2025-06-19' AS Date), 9)
INSERT [dbo].[Question] ([Id], [Content], [CreatedDate], [UpdatedDate], [TopicId]) VALUES (175, N'Kỳ hạn (chu kỳ) của hàm sinx là bao nhiêu?', CAST(N'2025-06-19' AS Date), CAST(N'2025-06-19' AS Date), 9)
INSERT [dbo].[Question] ([Id], [Content], [CreatedDate], [UpdatedDate], [TopicId]) VALUES (176, N'Chu kỳ của hàm cosx là bao nhiêu?', CAST(N'2025-06-19' AS Date), CAST(N'2025-06-19' AS Date), 9)
INSERT [dbo].[Question] ([Id], [Content], [CreatedDate], [UpdatedDate], [TopicId]) VALUES (177, N'Tập nghiệm của sinx = 1 là gì?', CAST(N'2025-06-19' AS Date), CAST(N'2025-06-19' AS Date), 9)
INSERT [dbo].[Question] ([Id], [Content], [CreatedDate], [UpdatedDate], [TopicId]) VALUES (178, N'Tập nghiệm của cosx = 1 là gì?', CAST(N'2025-06-19' AS Date), CAST(N'2025-06-19' AS Date), 9)
INSERT [dbo].[Question] ([Id], [Content], [CreatedDate], [UpdatedDate], [TopicId]) VALUES (179, N'Tập nghiệm của tanx = 1 là gì?', CAST(N'2025-06-19' AS Date), CAST(N'2025-06-19' AS Date), 9)
INSERT [dbo].[Question] ([Id], [Content], [CreatedDate], [UpdatedDate], [TopicId]) VALUES (180, N'Ứng dụng thực tế của phương trình lượng giác là gì?', CAST(N'2025-06-19' AS Date), CAST(N'2025-06-19' AS Date), 9)
INSERT [dbo].[Question] ([Id], [Content], [CreatedDate], [UpdatedDate], [TopicId]) VALUES (181, N'Tổ hợp là gì?', CAST(N'2025-06-19' AS Date), CAST(N'2025-06-19' AS Date), 12)
INSERT [dbo].[Question] ([Id], [Content], [CreatedDate], [UpdatedDate], [TopicId]) VALUES (182, N'Công thức tính số tổ hợp chập k của n phần tử là gì?', CAST(N'2025-06-19' AS Date), CAST(N'2025-06-19' AS Date), 12)
INSERT [dbo].[Question] ([Id], [Content], [CreatedDate], [UpdatedDate], [TopicId]) VALUES (183, N'Số tổ hợp chập 0 của n phần tử bằng bao nhiêu?', CAST(N'2025-06-19' AS Date), CAST(N'2025-06-19' AS Date), 12)
INSERT [dbo].[Question] ([Id], [Content], [CreatedDate], [UpdatedDate], [TopicId]) VALUES (184, N'Số tổ hợp chập n của n phần tử bằng bao nhiêu?', CAST(N'2025-06-19' AS Date), CAST(N'2025-06-19' AS Date), 12)
INSERT [dbo].[Question] ([Id], [Content], [CreatedDate], [UpdatedDate], [TopicId]) VALUES (185, N'Số tổ hợp chập 1 của n phần tử bằng bao nhiêu?', CAST(N'2025-06-19' AS Date), CAST(N'2025-06-19' AS Date), 12)
INSERT [dbo].[Question] ([Id], [Content], [CreatedDate], [UpdatedDate], [TopicId]) VALUES (186, N'Xác suất là gì?', CAST(N'2025-06-19' AS Date), CAST(N'2025-06-19' AS Date), 12)
INSERT [dbo].[Question] ([Id], [Content], [CreatedDate], [UpdatedDate], [TopicId]) VALUES (187, N'Xác suất của biến cố chắc chắn bằng bao nhiêu?', CAST(N'2025-06-19' AS Date), CAST(N'2025-06-19' AS Date), 12)
INSERT [dbo].[Question] ([Id], [Content], [CreatedDate], [UpdatedDate], [TopicId]) VALUES (188, N'Xác suất của biến cố không thể xảy ra bằng bao nhiêu?', CAST(N'2025-06-19' AS Date), CAST(N'2025-06-19' AS Date), 12)
INSERT [dbo].[Question] ([Id], [Content], [CreatedDate], [UpdatedDate], [TopicId]) VALUES (189, N'Không gian mẫu là gì?', CAST(N'2025-06-19' AS Date), CAST(N'2025-06-19' AS Date), 12)
INSERT [dbo].[Question] ([Id], [Content], [CreatedDate], [UpdatedDate], [TopicId]) VALUES (190, N'Biến cố là gì?', CAST(N'2025-06-19' AS Date), CAST(N'2025-06-19' AS Date), 12)
INSERT [dbo].[Question] ([Id], [Content], [CreatedDate], [UpdatedDate], [TopicId]) VALUES (191, N'Công thức cộng xác suất áp dụng khi nào?', CAST(N'2025-06-19' AS Date), CAST(N'2025-06-19' AS Date), 12)
INSERT [dbo].[Question] ([Id], [Content], [CreatedDate], [UpdatedDate], [TopicId]) VALUES (192, N'Công thức nhân xác suất áp dụng khi nào?', CAST(N'2025-06-19' AS Date), CAST(N'2025-06-19' AS Date), 12)
INSERT [dbo].[Question] ([Id], [Content], [CreatedDate], [UpdatedDate], [TopicId]) VALUES (193, N'Tổng tất cả xác suất của các biến cố cơ bản bằng bao nhiêu?', CAST(N'2025-06-19' AS Date), CAST(N'2025-06-19' AS Date), 12)
INSERT [dbo].[Question] ([Id], [Content], [CreatedDate], [UpdatedDate], [TopicId]) VALUES (194, N'Xác suất của một biến cố luôn nằm trong khoảng nào?', CAST(N'2025-06-19' AS Date), CAST(N'2025-06-19' AS Date), 12)
INSERT [dbo].[Question] ([Id], [Content], [CreatedDate], [UpdatedDate], [TopicId]) VALUES (195, N'Biến cố đối của một biến cố A là gì?', CAST(N'2025-06-19' AS Date), CAST(N'2025-06-19' AS Date), 12)
INSERT [dbo].[Question] ([Id], [Content], [CreatedDate], [UpdatedDate], [TopicId]) VALUES (196, N'Xác suất có điều kiện là gì?', CAST(N'2025-06-19' AS Date), CAST(N'2025-06-19' AS Date), 12)
INSERT [dbo].[Question] ([Id], [Content], [CreatedDate], [UpdatedDate], [TopicId]) VALUES (197, N'Biến cố độc lập là gì?', CAST(N'2025-06-19' AS Date), CAST(N'2025-06-19' AS Date), 12)
INSERT [dbo].[Question] ([Id], [Content], [CreatedDate], [UpdatedDate], [TopicId]) VALUES (198, N'Phép thử là gì?', CAST(N'2025-06-19' AS Date), CAST(N'2025-06-19' AS Date), 12)
INSERT [dbo].[Question] ([Id], [Content], [CreatedDate], [UpdatedDate], [TopicId]) VALUES (199, N'Phân phối nhị thức là gì?', CAST(N'2025-06-19' AS Date), CAST(N'2025-06-19' AS Date), 12)
GO
INSERT [dbo].[Question] ([Id], [Content], [CreatedDate], [UpdatedDate], [TopicId]) VALUES (200, N'Ứng dụng thực tế của tổ hợp xác suất là gì?', CAST(N'2025-06-19' AS Date), CAST(N'2025-06-19' AS Date), 12)
INSERT [dbo].[Question] ([Id], [Content], [CreatedDate], [UpdatedDate], [TopicId]) VALUES (201, N'Cấp số cộng là gì?', CAST(N'2025-06-19' AS Date), CAST(N'2025-06-19' AS Date), 14)
INSERT [dbo].[Question] ([Id], [Content], [CreatedDate], [UpdatedDate], [TopicId]) VALUES (202, N'Cấp số nhân là gì?', CAST(N'2025-06-19' AS Date), CAST(N'2025-06-19' AS Date), 14)
INSERT [dbo].[Question] ([Id], [Content], [CreatedDate], [UpdatedDate], [TopicId]) VALUES (203, N'Công thức tính số hạng tổng quát của cấp số cộng?', CAST(N'2025-06-19' AS Date), CAST(N'2025-06-19' AS Date), 14)
INSERT [dbo].[Question] ([Id], [Content], [CreatedDate], [UpdatedDate], [TopicId]) VALUES (204, N'Công thức tính số hạng tổng quát của cấp số nhân?', CAST(N'2025-06-19' AS Date), CAST(N'2025-06-19' AS Date), 14)
INSERT [dbo].[Question] ([Id], [Content], [CreatedDate], [UpdatedDate], [TopicId]) VALUES (205, N'Công sai trong cấp số cộng là gì?', CAST(N'2025-06-19' AS Date), CAST(N'2025-06-19' AS Date), 14)
INSERT [dbo].[Question] ([Id], [Content], [CreatedDate], [UpdatedDate], [TopicId]) VALUES (206, N'Công bội trong cấp số nhân là gì?', CAST(N'2025-06-19' AS Date), CAST(N'2025-06-19' AS Date), 14)
INSERT [dbo].[Question] ([Id], [Content], [CreatedDate], [UpdatedDate], [TopicId]) VALUES (207, N'Tổng n số hạng đầu của cấp số cộng tính như thế nào?', CAST(N'2025-06-19' AS Date), CAST(N'2025-06-19' AS Date), 14)
INSERT [dbo].[Question] ([Id], [Content], [CreatedDate], [UpdatedDate], [TopicId]) VALUES (208, N'Tổng n số hạng đầu của cấp số nhân tính như thế nào?', CAST(N'2025-06-19' AS Date), CAST(N'2025-06-19' AS Date), 14)
INSERT [dbo].[Question] ([Id], [Content], [CreatedDate], [UpdatedDate], [TopicId]) VALUES (209, N'Điều kiện để một dãy số là cấp số cộng?', CAST(N'2025-06-19' AS Date), CAST(N'2025-06-19' AS Date), 14)
INSERT [dbo].[Question] ([Id], [Content], [CreatedDate], [UpdatedDate], [TopicId]) VALUES (210, N'Điều kiện để một dãy số là cấp số nhân?', CAST(N'2025-06-19' AS Date), CAST(N'2025-06-19' AS Date), 14)
INSERT [dbo].[Question] ([Id], [Content], [CreatedDate], [UpdatedDate], [TopicId]) VALUES (211, N'Khi nào cấp số cộng có tổng dương?', CAST(N'2025-06-19' AS Date), CAST(N'2025-06-19' AS Date), 14)
INSERT [dbo].[Question] ([Id], [Content], [CreatedDate], [UpdatedDate], [TopicId]) VALUES (212, N'Khi nào cấp số nhân có tổng âm?', CAST(N'2025-06-19' AS Date), CAST(N'2025-06-19' AS Date), 14)
INSERT [dbo].[Question] ([Id], [Content], [CreatedDate], [UpdatedDate], [TopicId]) VALUES (213, N'Số hạng thứ n của cấp số cộng phụ thuộc vào những yếu tố nào?', CAST(N'2025-06-19' AS Date), CAST(N'2025-06-19' AS Date), 14)
INSERT [dbo].[Question] ([Id], [Content], [CreatedDate], [UpdatedDate], [TopicId]) VALUES (214, N'Số hạng thứ n của cấp số nhân phụ thuộc vào những yếu tố nào?', CAST(N'2025-06-19' AS Date), CAST(N'2025-06-19' AS Date), 14)
INSERT [dbo].[Question] ([Id], [Content], [CreatedDate], [UpdatedDate], [TopicId]) VALUES (215, N'Ứng dụng thực tế của cấp số cộng là gì?', CAST(N'2025-06-19' AS Date), CAST(N'2025-06-19' AS Date), 14)
INSERT [dbo].[Question] ([Id], [Content], [CreatedDate], [UpdatedDate], [TopicId]) VALUES (216, N'Ứng dụng thực tế của cấp số nhân là gì?', CAST(N'2025-06-19' AS Date), CAST(N'2025-06-19' AS Date), 14)
INSERT [dbo].[Question] ([Id], [Content], [CreatedDate], [UpdatedDate], [TopicId]) VALUES (217, N'Khi công bội bằng 1, cấp số nhân có tính chất gì?', CAST(N'2025-06-19' AS Date), CAST(N'2025-06-19' AS Date), 14)
INSERT [dbo].[Question] ([Id], [Content], [CreatedDate], [UpdatedDate], [TopicId]) VALUES (218, N'Khi công sai bằng 0, cấp số cộng có tính chất gì?', CAST(N'2025-06-19' AS Date), CAST(N'2025-06-19' AS Date), 14)
INSERT [dbo].[Question] ([Id], [Content], [CreatedDate], [UpdatedDate], [TopicId]) VALUES (219, N'Cấp số nhân có thể có số hạng âm không?', CAST(N'2025-06-19' AS Date), CAST(N'2025-06-19' AS Date), 14)
INSERT [dbo].[Question] ([Id], [Content], [CreatedDate], [UpdatedDate], [TopicId]) VALUES (220, N'Cấp số cộng có thể có số hạng âm không?', CAST(N'2025-06-19' AS Date), CAST(N'2025-06-19' AS Date), 14)
INSERT [dbo].[Question] ([Id], [Content], [CreatedDate], [UpdatedDate], [TopicId]) VALUES (221, N'Giới hạn của hàm số là gì?', CAST(N'2025-06-19' AS Date), CAST(N'2025-06-19' AS Date), 15)
INSERT [dbo].[Question] ([Id], [Content], [CreatedDate], [UpdatedDate], [TopicId]) VALUES (222, N'Ký hiệu giới hạn của f(x) khi x tiến tới a?', CAST(N'2025-06-19' AS Date), CAST(N'2025-06-19' AS Date), 15)
INSERT [dbo].[Question] ([Id], [Content], [CreatedDate], [UpdatedDate], [TopicId]) VALUES (223, N'Điều kiện để giới hạn hữu hạn tồn tại?', CAST(N'2025-06-19' AS Date), CAST(N'2025-06-19' AS Date), 15)
INSERT [dbo].[Question] ([Id], [Content], [CreatedDate], [UpdatedDate], [TopicId]) VALUES (224, N'Giới hạn một bên là gì?', CAST(N'2025-06-19' AS Date), CAST(N'2025-06-19' AS Date), 15)
INSERT [dbo].[Question] ([Id], [Content], [CreatedDate], [UpdatedDate], [TopicId]) VALUES (225, N'Khi nào giới hạn tại điểm không tồn tại?', CAST(N'2025-06-19' AS Date), CAST(N'2025-06-19' AS Date), 15)
INSERT [dbo].[Question] ([Id], [Content], [CreatedDate], [UpdatedDate], [TopicId]) VALUES (226, N'Giới hạn vô cực là gì?', CAST(N'2025-06-19' AS Date), CAST(N'2025-06-19' AS Date), 15)
INSERT [dbo].[Question] ([Id], [Content], [CreatedDate], [UpdatedDate], [TopicId]) VALUES (227, N'Khi nào lim f(x) = 0 khi x tiến tới vô cực?', CAST(N'2025-06-19' AS Date), CAST(N'2025-06-19' AS Date), 15)
INSERT [dbo].[Question] ([Id], [Content], [CreatedDate], [UpdatedDate], [TopicId]) VALUES (228, N'Ký hiệu lim f(x) = ∞ nghĩa là gì?', CAST(N'2025-06-19' AS Date), CAST(N'2025-06-19' AS Date), 15)
INSERT [dbo].[Question] ([Id], [Content], [CreatedDate], [UpdatedDate], [TopicId]) VALUES (229, N'Tính chất cộng giới hạn?', CAST(N'2025-06-19' AS Date), CAST(N'2025-06-19' AS Date), 15)
INSERT [dbo].[Question] ([Id], [Content], [CreatedDate], [UpdatedDate], [TopicId]) VALUES (230, N'Tính chất nhân giới hạn?', CAST(N'2025-06-19' AS Date), CAST(N'2025-06-19' AS Date), 15)
INSERT [dbo].[Question] ([Id], [Content], [CreatedDate], [UpdatedDate], [TopicId]) VALUES (231, N'Giới hạn của hằng số là?', CAST(N'2025-06-19' AS Date), CAST(N'2025-06-19' AS Date), 15)
INSERT [dbo].[Question] ([Id], [Content], [CreatedDate], [UpdatedDate], [TopicId]) VALUES (232, N'Giới hạn của đa thức là?', CAST(N'2025-06-19' AS Date), CAST(N'2025-06-19' AS Date), 15)
INSERT [dbo].[Question] ([Id], [Content], [CreatedDate], [UpdatedDate], [TopicId]) VALUES (233, N'Giới hạn của phân thức là?', CAST(N'2025-06-19' AS Date), CAST(N'2025-06-19' AS Date), 15)
INSERT [dbo].[Question] ([Id], [Content], [CreatedDate], [UpdatedDate], [TopicId]) VALUES (234, N'Khi nào dùng quy tắc L’Hospital?', CAST(N'2025-06-19' AS Date), CAST(N'2025-06-19' AS Date), 15)
INSERT [dbo].[Question] ([Id], [Content], [CreatedDate], [UpdatedDate], [TopicId]) VALUES (235, N'Thế nào là dạng vô định?', CAST(N'2025-06-19' AS Date), CAST(N'2025-06-19' AS Date), 15)
INSERT [dbo].[Question] ([Id], [Content], [CreatedDate], [UpdatedDate], [TopicId]) VALUES (236, N'Các dạng vô định cơ bản là gì?', CAST(N'2025-06-19' AS Date), CAST(N'2025-06-19' AS Date), 15)
INSERT [dbo].[Question] ([Id], [Content], [CreatedDate], [UpdatedDate], [TopicId]) VALUES (237, N'Ứng dụng của giới hạn trong đạo hàm?', CAST(N'2025-06-19' AS Date), CAST(N'2025-06-19' AS Date), 15)
INSERT [dbo].[Question] ([Id], [Content], [CreatedDate], [UpdatedDate], [TopicId]) VALUES (238, N'Ứng dụng của giới hạn trong tích phân?', CAST(N'2025-06-19' AS Date), CAST(N'2025-06-19' AS Date), 15)
INSERT [dbo].[Question] ([Id], [Content], [CreatedDate], [UpdatedDate], [TopicId]) VALUES (239, N'Ý nghĩa hình học của giới hạn?', CAST(N'2025-06-19' AS Date), CAST(N'2025-06-19' AS Date), 15)
INSERT [dbo].[Question] ([Id], [Content], [CreatedDate], [UpdatedDate], [TopicId]) VALUES (240, N'Ứng dụng thực tế của giới hạn?', CAST(N'2025-06-19' AS Date), CAST(N'2025-06-19' AS Date), 15)
INSERT [dbo].[Question] ([Id], [Content], [CreatedDate], [UpdatedDate], [TopicId]) VALUES (241, N'Đạo hàm là gì?', CAST(N'2025-06-19' AS Date), CAST(N'2025-06-19' AS Date), 16)
INSERT [dbo].[Question] ([Id], [Content], [CreatedDate], [UpdatedDate], [TopicId]) VALUES (242, N'Ký hiệu của đạo hàm?', CAST(N'2025-06-19' AS Date), CAST(N'2025-06-19' AS Date), 16)
INSERT [dbo].[Question] ([Id], [Content], [CreatedDate], [UpdatedDate], [TopicId]) VALUES (243, N'Đạo hàm của hàm hằng là?', CAST(N'2025-06-19' AS Date), CAST(N'2025-06-19' AS Date), 16)
INSERT [dbo].[Question] ([Id], [Content], [CreatedDate], [UpdatedDate], [TopicId]) VALUES (244, N'Đạo hàm của hàm số bậc nhất?', CAST(N'2025-06-19' AS Date), CAST(N'2025-06-19' AS Date), 16)
INSERT [dbo].[Question] ([Id], [Content], [CreatedDate], [UpdatedDate], [TopicId]) VALUES (245, N'Đạo hàm của hàm số bậc hai?', CAST(N'2025-06-19' AS Date), CAST(N'2025-06-19' AS Date), 16)
INSERT [dbo].[Question] ([Id], [Content], [CreatedDate], [UpdatedDate], [TopicId]) VALUES (246, N'Định nghĩa đạo hàm tại 1 điểm?', CAST(N'2025-06-19' AS Date), CAST(N'2025-06-19' AS Date), 16)
INSERT [dbo].[Question] ([Id], [Content], [CreatedDate], [UpdatedDate], [TopicId]) VALUES (247, N'Quy tắc đạo hàm của tổng?', CAST(N'2025-06-19' AS Date), CAST(N'2025-06-19' AS Date), 16)
INSERT [dbo].[Question] ([Id], [Content], [CreatedDate], [UpdatedDate], [TopicId]) VALUES (248, N'Quy tắc đạo hàm của tích?', CAST(N'2025-06-19' AS Date), CAST(N'2025-06-19' AS Date), 16)
INSERT [dbo].[Question] ([Id], [Content], [CreatedDate], [UpdatedDate], [TopicId]) VALUES (249, N'Quy tắc đạo hàm của thương?', CAST(N'2025-06-19' AS Date), CAST(N'2025-06-19' AS Date), 16)
INSERT [dbo].[Question] ([Id], [Content], [CreatedDate], [UpdatedDate], [TopicId]) VALUES (250, N'Đạo hàm của hàm hợp?', CAST(N'2025-06-19' AS Date), CAST(N'2025-06-19' AS Date), 16)
INSERT [dbo].[Question] ([Id], [Content], [CreatedDate], [UpdatedDate], [TopicId]) VALUES (251, N'Đạo hàm của sin x?', CAST(N'2025-06-19' AS Date), CAST(N'2025-06-19' AS Date), 16)
INSERT [dbo].[Question] ([Id], [Content], [CreatedDate], [UpdatedDate], [TopicId]) VALUES (252, N'Đạo hàm của cos x?', CAST(N'2025-06-19' AS Date), CAST(N'2025-06-19' AS Date), 16)
INSERT [dbo].[Question] ([Id], [Content], [CreatedDate], [UpdatedDate], [TopicId]) VALUES (253, N'Đạo hàm của tan x?', CAST(N'2025-06-19' AS Date), CAST(N'2025-06-19' AS Date), 16)
INSERT [dbo].[Question] ([Id], [Content], [CreatedDate], [UpdatedDate], [TopicId]) VALUES (254, N'Đạo hàm của e^x?', CAST(N'2025-06-19' AS Date), CAST(N'2025-06-19' AS Date), 16)
INSERT [dbo].[Question] ([Id], [Content], [CreatedDate], [UpdatedDate], [TopicId]) VALUES (255, N'Đạo hàm của ln x?', CAST(N'2025-06-19' AS Date), CAST(N'2025-06-19' AS Date), 16)
INSERT [dbo].[Question] ([Id], [Content], [CreatedDate], [UpdatedDate], [TopicId]) VALUES (256, N'Tính chất liên tục của hàm số và đạo hàm?', CAST(N'2025-06-19' AS Date), CAST(N'2025-06-19' AS Date), 16)
INSERT [dbo].[Question] ([Id], [Content], [CreatedDate], [UpdatedDate], [TopicId]) VALUES (257, N'Điểm cực trị là gì?', CAST(N'2025-06-19' AS Date), CAST(N'2025-06-19' AS Date), 16)
INSERT [dbo].[Question] ([Id], [Content], [CreatedDate], [UpdatedDate], [TopicId]) VALUES (258, N'Ứng dụng của đạo hàm trong tìm cực trị?', CAST(N'2025-06-19' AS Date), CAST(N'2025-06-19' AS Date), 16)
INSERT [dbo].[Question] ([Id], [Content], [CreatedDate], [UpdatedDate], [TopicId]) VALUES (259, N'Ứng dụng đạo hàm để xét tính đơn điệu?', CAST(N'2025-06-19' AS Date), CAST(N'2025-06-19' AS Date), 16)
INSERT [dbo].[Question] ([Id], [Content], [CreatedDate], [UpdatedDate], [TopicId]) VALUES (260, N'Ứng dụng đạo hàm trong bài toán thực tế?', CAST(N'2025-06-19' AS Date), CAST(N'2025-06-19' AS Date), 16)
INSERT [dbo].[Question] ([Id], [Content], [CreatedDate], [UpdatedDate], [TopicId]) VALUES (261, N'Đồng dạng của tam giác là gì?', CAST(N'2025-06-19' AS Date), CAST(N'2025-06-19' AS Date), 18)
INSERT [dbo].[Question] ([Id], [Content], [CreatedDate], [UpdatedDate], [TopicId]) VALUES (262, N'Khi nào hai tam giác đồng dạng?', CAST(N'2025-06-19' AS Date), CAST(N'2025-06-19' AS Date), 18)
INSERT [dbo].[Question] ([Id], [Content], [CreatedDate], [UpdatedDate], [TopicId]) VALUES (263, N'Tỷ số đồng dạng là gì?', CAST(N'2025-06-19' AS Date), CAST(N'2025-06-19' AS Date), 18)
INSERT [dbo].[Question] ([Id], [Content], [CreatedDate], [UpdatedDate], [TopicId]) VALUES (264, N'Các trường hợp đồng dạng của tam giác?', CAST(N'2025-06-19' AS Date), CAST(N'2025-06-19' AS Date), 18)
INSERT [dbo].[Question] ([Id], [Content], [CreatedDate], [UpdatedDate], [TopicId]) VALUES (265, N'Ứng dụng của đồng dạng tam giác?', CAST(N'2025-06-19' AS Date), CAST(N'2025-06-19' AS Date), 18)
INSERT [dbo].[Question] ([Id], [Content], [CreatedDate], [UpdatedDate], [TopicId]) VALUES (266, N'Góc đồng dạng là gì?', CAST(N'2025-06-19' AS Date), CAST(N'2025-06-19' AS Date), 18)
INSERT [dbo].[Question] ([Id], [Content], [CreatedDate], [UpdatedDate], [TopicId]) VALUES (267, N'Quan hệ giữa các cạnh của tam giác đồng dạng?', CAST(N'2025-06-19' AS Date), CAST(N'2025-06-19' AS Date), 18)
INSERT [dbo].[Question] ([Id], [Content], [CreatedDate], [UpdatedDate], [TopicId]) VALUES (268, N'Đồng dạng trong hình học không gian?', CAST(N'2025-06-19' AS Date), CAST(N'2025-06-19' AS Date), 18)
INSERT [dbo].[Question] ([Id], [Content], [CreatedDate], [UpdatedDate], [TopicId]) VALUES (269, N'Khi nào tam giác vuông đồng dạng?', CAST(N'2025-06-19' AS Date), CAST(N'2025-06-19' AS Date), 18)
INSERT [dbo].[Question] ([Id], [Content], [CreatedDate], [UpdatedDate], [TopicId]) VALUES (270, N'Ứng dụng đồng dạng để tính chiều cao?', CAST(N'2025-06-19' AS Date), CAST(N'2025-06-19' AS Date), 18)
INSERT [dbo].[Question] ([Id], [Content], [CreatedDate], [UpdatedDate], [TopicId]) VALUES (271, N'Đồng dạng và tỉ lệ diện tích?', CAST(N'2025-06-19' AS Date), CAST(N'2025-06-19' AS Date), 18)
INSERT [dbo].[Question] ([Id], [Content], [CreatedDate], [UpdatedDate], [TopicId]) VALUES (272, N'Vai trò của đồng dạng trong vẽ kỹ thuật?', CAST(N'2025-06-19' AS Date), CAST(N'2025-06-19' AS Date), 18)
INSERT [dbo].[Question] ([Id], [Content], [CreatedDate], [UpdatedDate], [TopicId]) VALUES (273, N'Phép đồng dạng là gì?', CAST(N'2025-06-19' AS Date), CAST(N'2025-06-19' AS Date), 18)
INSERT [dbo].[Question] ([Id], [Content], [CreatedDate], [UpdatedDate], [TopicId]) VALUES (274, N'Tham số của phép đồng dạng?', CAST(N'2025-06-19' AS Date), CAST(N'2025-06-19' AS Date), 18)
INSERT [dbo].[Question] ([Id], [Content], [CreatedDate], [UpdatedDate], [TopicId]) VALUES (275, N'Ứng dụng đồng dạng trong bản đồ?', CAST(N'2025-06-19' AS Date), CAST(N'2025-06-19' AS Date), 18)
INSERT [dbo].[Question] ([Id], [Content], [CreatedDate], [UpdatedDate], [TopicId]) VALUES (276, N'Khi nào hai hình chữ nhật đồng dạng?', CAST(N'2025-06-19' AS Date), CAST(N'2025-06-19' AS Date), 18)
INSERT [dbo].[Question] ([Id], [Content], [CreatedDate], [UpdatedDate], [TopicId]) VALUES (277, N'Phép đồng dạng bảo toàn yếu tố nào?', CAST(N'2025-06-19' AS Date), CAST(N'2025-06-19' AS Date), 18)
INSERT [dbo].[Question] ([Id], [Content], [CreatedDate], [UpdatedDate], [TopicId]) VALUES (278, N'Phép đồng dạng làm thay đổi yếu tố nào?', CAST(N'2025-06-19' AS Date), CAST(N'2025-06-19' AS Date), 18)
INSERT [dbo].[Question] ([Id], [Content], [CreatedDate], [UpdatedDate], [TopicId]) VALUES (279, N'Liên hệ giữa đồng dạng và đối xứng?', CAST(N'2025-06-19' AS Date), CAST(N'2025-06-19' AS Date), 18)
INSERT [dbo].[Question] ([Id], [Content], [CreatedDate], [UpdatedDate], [TopicId]) VALUES (280, N'Vai trò đồng dạng trong thực tế?', CAST(N'2025-06-19' AS Date), CAST(N'2025-06-19' AS Date), 18)
INSERT [dbo].[Question] ([Id], [Content], [CreatedDate], [UpdatedDate], [TopicId]) VALUES (281, N'Phương trình tham số của đường thẳng là gì?', CAST(N'2025-06-19' AS Date), CAST(N'2025-06-19' AS Date), 19)
INSERT [dbo].[Question] ([Id], [Content], [CreatedDate], [UpdatedDate], [TopicId]) VALUES (282, N'Phương trình chính tắc của đường thẳng là gì?', CAST(N'2025-06-19' AS Date), CAST(N'2025-06-19' AS Date), 19)
INSERT [dbo].[Question] ([Id], [Content], [CreatedDate], [UpdatedDate], [TopicId]) VALUES (283, N'Điều kiện để 2 đường thẳng chéo nhau?', CAST(N'2025-06-19' AS Date), CAST(N'2025-06-19' AS Date), 19)
INSERT [dbo].[Question] ([Id], [Content], [CreatedDate], [UpdatedDate], [TopicId]) VALUES (284, N'Cách xác định khoảng cách từ 1 điểm đến đường thẳng?', CAST(N'2025-06-19' AS Date), CAST(N'2025-06-19' AS Date), 19)
INSERT [dbo].[Question] ([Id], [Content], [CreatedDate], [UpdatedDate], [TopicId]) VALUES (285, N'Phương trình mặt phẳng là gì?', CAST(N'2025-06-19' AS Date), CAST(N'2025-06-19' AS Date), 19)
INSERT [dbo].[Question] ([Id], [Content], [CreatedDate], [UpdatedDate], [TopicId]) VALUES (286, N'Tọa độ pháp tuyến mặt phẳng là gì?', CAST(N'2025-06-19' AS Date), CAST(N'2025-06-19' AS Date), 19)
INSERT [dbo].[Question] ([Id], [Content], [CreatedDate], [UpdatedDate], [TopicId]) VALUES (287, N'Khi nào 2 mặt phẳng song song?', CAST(N'2025-06-19' AS Date), CAST(N'2025-06-19' AS Date), 19)
INSERT [dbo].[Question] ([Id], [Content], [CreatedDate], [UpdatedDate], [TopicId]) VALUES (288, N'Điều kiện vuông góc giữa đường thẳng và mặt phẳng?', CAST(N'2025-06-19' AS Date), CAST(N'2025-06-19' AS Date), 19)
INSERT [dbo].[Question] ([Id], [Content], [CreatedDate], [UpdatedDate], [TopicId]) VALUES (289, N'Điều kiện song song giữa đường thẳng và mặt phẳng?', CAST(N'2025-06-19' AS Date), CAST(N'2025-06-19' AS Date), 19)
INSERT [dbo].[Question] ([Id], [Content], [CreatedDate], [UpdatedDate], [TopicId]) VALUES (290, N'Cách tính khoảng cách giữa 2 mặt phẳng song song?', CAST(N'2025-06-19' AS Date), CAST(N'2025-06-19' AS Date), 19)
INSERT [dbo].[Question] ([Id], [Content], [CreatedDate], [UpdatedDate], [TopicId]) VALUES (291, N'Tọa độ giao điểm của đường thẳng và mặt phẳng?', CAST(N'2025-06-19' AS Date), CAST(N'2025-06-19' AS Date), 19)
INSERT [dbo].[Question] ([Id], [Content], [CreatedDate], [UpdatedDate], [TopicId]) VALUES (292, N'Khi nào 2 mặt phẳng vuông góc?', CAST(N'2025-06-19' AS Date), CAST(N'2025-06-19' AS Date), 19)
INSERT [dbo].[Question] ([Id], [Content], [CreatedDate], [UpdatedDate], [TopicId]) VALUES (293, N'Điều kiện để đường thẳng nằm trong mặt phẳng?', CAST(N'2025-06-19' AS Date), CAST(N'2025-06-19' AS Date), 19)
INSERT [dbo].[Question] ([Id], [Content], [CreatedDate], [UpdatedDate], [TopicId]) VALUES (294, N'Cách xác định góc giữa 2 đường thẳng chéo nhau?', CAST(N'2025-06-19' AS Date), CAST(N'2025-06-19' AS Date), 19)
INSERT [dbo].[Question] ([Id], [Content], [CreatedDate], [UpdatedDate], [TopicId]) VALUES (295, N'Công thức góc giữa mặt phẳng và đường thẳng?', CAST(N'2025-06-19' AS Date), CAST(N'2025-06-19' AS Date), 19)
INSERT [dbo].[Question] ([Id], [Content], [CreatedDate], [UpdatedDate], [TopicId]) VALUES (296, N'Công thức khoảng cách từ điểm đến mặt phẳng?', CAST(N'2025-06-19' AS Date), CAST(N'2025-06-19' AS Date), 19)
INSERT [dbo].[Question] ([Id], [Content], [CreatedDate], [UpdatedDate], [TopicId]) VALUES (297, N'Ứng dụng của đường thẳng và mặt phẳng trong thực tế?', CAST(N'2025-06-19' AS Date), CAST(N'2025-06-19' AS Date), 19)
INSERT [dbo].[Question] ([Id], [Content], [CreatedDate], [UpdatedDate], [TopicId]) VALUES (298, N'Điều kiện 3 mặt phẳng cắt nhau theo giao tuyến?', CAST(N'2025-06-19' AS Date), CAST(N'2025-06-19' AS Date), 19)
INSERT [dbo].[Question] ([Id], [Content], [CreatedDate], [UpdatedDate], [TopicId]) VALUES (299, N'Cách xác định giao tuyến của 2 mặt phẳng?', CAST(N'2025-06-19' AS Date), CAST(N'2025-06-19' AS Date), 19)
GO
INSERT [dbo].[Question] ([Id], [Content], [CreatedDate], [UpdatedDate], [TopicId]) VALUES (300, N'Vai trò của hệ trục tọa độ trong không gian?', CAST(N'2025-06-19' AS Date), CAST(N'2025-06-19' AS Date), 19)
INSERT [dbo].[Question] ([Id], [Content], [CreatedDate], [UpdatedDate], [TopicId]) VALUES (301, N'Vector trong không gian là gì?', CAST(N'2025-06-19' AS Date), CAST(N'2025-06-19' AS Date), 20)
INSERT [dbo].[Question] ([Id], [Content], [CreatedDate], [UpdatedDate], [TopicId]) VALUES (302, N'Các thành phần của vector?', CAST(N'2025-06-19' AS Date), CAST(N'2025-06-19' AS Date), 20)
INSERT [dbo].[Question] ([Id], [Content], [CreatedDate], [UpdatedDate], [TopicId]) VALUES (303, N'Phép cộng vector như thế nào?', CAST(N'2025-06-19' AS Date), CAST(N'2025-06-19' AS Date), 20)
INSERT [dbo].[Question] ([Id], [Content], [CreatedDate], [UpdatedDate], [TopicId]) VALUES (304, N'Phép nhân vector với số thực?', CAST(N'2025-06-19' AS Date), CAST(N'2025-06-19' AS Date), 20)
INSERT [dbo].[Question] ([Id], [Content], [CreatedDate], [UpdatedDate], [TopicId]) VALUES (305, N'Điều kiện hai vector song song?', CAST(N'2025-06-19' AS Date), CAST(N'2025-06-19' AS Date), 20)
INSERT [dbo].[Question] ([Id], [Content], [CreatedDate], [UpdatedDate], [TopicId]) VALUES (306, N'Điều kiện hai vector vuông góc?', CAST(N'2025-06-19' AS Date), CAST(N'2025-06-19' AS Date), 20)
INSERT [dbo].[Question] ([Id], [Content], [CreatedDate], [UpdatedDate], [TopicId]) VALUES (307, N'Ý nghĩa tích vô hướng của 2 vector?', CAST(N'2025-06-19' AS Date), CAST(N'2025-06-19' AS Date), 20)
INSERT [dbo].[Question] ([Id], [Content], [CreatedDate], [UpdatedDate], [TopicId]) VALUES (308, N'Ý nghĩa tích có hướng?', CAST(N'2025-06-19' AS Date), CAST(N'2025-06-19' AS Date), 20)
INSERT [dbo].[Question] ([Id], [Content], [CreatedDate], [UpdatedDate], [TopicId]) VALUES (309, N'Ứng dụng của tích có hướng?', CAST(N'2025-06-19' AS Date), CAST(N'2025-06-19' AS Date), 20)
INSERT [dbo].[Question] ([Id], [Content], [CreatedDate], [UpdatedDate], [TopicId]) VALUES (310, N'Cách biểu diễn vector trong không gian?', CAST(N'2025-06-19' AS Date), CAST(N'2025-06-19' AS Date), 20)
INSERT [dbo].[Question] ([Id], [Content], [CreatedDate], [UpdatedDate], [TopicId]) VALUES (311, N'Quan hệ giữa vector và mặt phẳng?', CAST(N'2025-06-19' AS Date), CAST(N'2025-06-19' AS Date), 20)
INSERT [dbo].[Question] ([Id], [Content], [CreatedDate], [UpdatedDate], [TopicId]) VALUES (312, N'Phép chiếu vector lên 1 phương?', CAST(N'2025-06-19' AS Date), CAST(N'2025-06-19' AS Date), 20)
INSERT [dbo].[Question] ([Id], [Content], [CreatedDate], [UpdatedDate], [TopicId]) VALUES (313, N'Độ dài vector là gì?', CAST(N'2025-06-19' AS Date), CAST(N'2025-06-19' AS Date), 20)
INSERT [dbo].[Question] ([Id], [Content], [CreatedDate], [UpdatedDate], [TopicId]) VALUES (314, N'Điều kiện 3 vector đồng phẳng?', CAST(N'2025-06-19' AS Date), CAST(N'2025-06-19' AS Date), 20)
INSERT [dbo].[Question] ([Id], [Content], [CreatedDate], [UpdatedDate], [TopicId]) VALUES (315, N'Tích vô hướng bằng 0 nghĩa là?', CAST(N'2025-06-19' AS Date), CAST(N'2025-06-19' AS Date), 20)
INSERT [dbo].[Question] ([Id], [Content], [CreatedDate], [UpdatedDate], [TopicId]) VALUES (316, N'Phép đổi hệ trục tọa độ với vector?', CAST(N'2025-06-19' AS Date), CAST(N'2025-06-19' AS Date), 20)
INSERT [dbo].[Question] ([Id], [Content], [CreatedDate], [UpdatedDate], [TopicId]) VALUES (317, N'Ứng dụng vector trong vật lý?', CAST(N'2025-06-19' AS Date), CAST(N'2025-06-19' AS Date), 20)
INSERT [dbo].[Question] ([Id], [Content], [CreatedDate], [UpdatedDate], [TopicId]) VALUES (318, N'Ứng dụng vector trong đồ họa 3D?', CAST(N'2025-06-19' AS Date), CAST(N'2025-06-19' AS Date), 20)
INSERT [dbo].[Question] ([Id], [Content], [CreatedDate], [UpdatedDate], [TopicId]) VALUES (319, N'Vai trò vector trong hình học không gian?', CAST(N'2025-06-19' AS Date), CAST(N'2025-06-19' AS Date), 20)
INSERT [dbo].[Question] ([Id], [Content], [CreatedDate], [UpdatedDate], [TopicId]) VALUES (320, N'Cách tính góc giữa hai vector?', CAST(N'2025-06-19' AS Date), CAST(N'2025-06-19' AS Date), 20)
INSERT [dbo].[Question] ([Id], [Content], [CreatedDate], [UpdatedDate], [TopicId]) VALUES (321, N'Điều kiện cần để hàm số có cực trị là gì?', CAST(N'2025-06-19' AS Date), CAST(N'2025-06-19' AS Date), 21)
INSERT [dbo].[Question] ([Id], [Content], [CreatedDate], [UpdatedDate], [TopicId]) VALUES (322, N'Điểm cực đại là gì?', CAST(N'2025-06-19' AS Date), CAST(N'2025-06-19' AS Date), 21)
INSERT [dbo].[Question] ([Id], [Content], [CreatedDate], [UpdatedDate], [TopicId]) VALUES (323, N'Điểm cực tiểu là gì?', CAST(N'2025-06-19' AS Date), CAST(N'2025-06-19' AS Date), 21)
INSERT [dbo].[Question] ([Id], [Content], [CreatedDate], [UpdatedDate], [TopicId]) VALUES (324, N'Điều kiện đủ để có cực trị?', CAST(N'2025-06-19' AS Date), CAST(N'2025-06-19' AS Date), 21)
INSERT [dbo].[Question] ([Id], [Content], [CreatedDate], [UpdatedDate], [TopicId]) VALUES (325, N'Ý nghĩa của đạo hàm bậc 2 trong xét cực trị?', CAST(N'2025-06-19' AS Date), CAST(N'2025-06-19' AS Date), 21)
INSERT [dbo].[Question] ([Id], [Content], [CreatedDate], [UpdatedDate], [TopicId]) VALUES (326, N'Thế nào là điểm uốn?', CAST(N'2025-06-19' AS Date), CAST(N'2025-06-19' AS Date), 21)
INSERT [dbo].[Question] ([Id], [Content], [CreatedDate], [UpdatedDate], [TopicId]) VALUES (327, N'Hàm số bậc 3 có thể có tối đa bao nhiêu cực trị?', CAST(N'2025-06-19' AS Date), CAST(N'2025-06-19' AS Date), 21)
INSERT [dbo].[Question] ([Id], [Content], [CreatedDate], [UpdatedDate], [TopicId]) VALUES (328, N'Cách xét dấu đạo hàm để tìm cực trị?', CAST(N'2025-06-19' AS Date), CAST(N'2025-06-19' AS Date), 21)
INSERT [dbo].[Question] ([Id], [Content], [CreatedDate], [UpdatedDate], [TopicId]) VALUES (329, N'Cực trị của hàm số ứng dụng trong bài toán nào?', CAST(N'2025-06-19' AS Date), CAST(N'2025-06-19' AS Date), 21)
INSERT [dbo].[Question] ([Id], [Content], [CreatedDate], [UpdatedDate], [TopicId]) VALUES (330, N'Ý nghĩa hình học của cực trị?', CAST(N'2025-06-19' AS Date), CAST(N'2025-06-19' AS Date), 21)
INSERT [dbo].[Question] ([Id], [Content], [CreatedDate], [UpdatedDate], [TopicId]) VALUES (331, N'Tìm cực trị dùng bảng biến thiên?', CAST(N'2025-06-19' AS Date), CAST(N'2025-06-19' AS Date), 21)
INSERT [dbo].[Question] ([Id], [Content], [CreatedDate], [UpdatedDate], [TopicId]) VALUES (332, N'Cách nhận biết cực trị qua đồ thị?', CAST(N'2025-06-19' AS Date), CAST(N'2025-06-19' AS Date), 21)
INSERT [dbo].[Question] ([Id], [Content], [CreatedDate], [UpdatedDate], [TopicId]) VALUES (333, N'Trong thực tế, cực trị thể hiện gì?', CAST(N'2025-06-19' AS Date), CAST(N'2025-06-19' AS Date), 21)
INSERT [dbo].[Question] ([Id], [Content], [CreatedDate], [UpdatedDate], [TopicId]) VALUES (334, N'Cách giải bài toán tìm giá trị lớn nhất/nhỏ nhất?', CAST(N'2025-06-19' AS Date), CAST(N'2025-06-19' AS Date), 21)
INSERT [dbo].[Question] ([Id], [Content], [CreatedDate], [UpdatedDate], [TopicId]) VALUES (335, N'Liên hệ giữa cực trị và đạo hàm?', CAST(N'2025-06-19' AS Date), CAST(N'2025-06-19' AS Date), 21)
INSERT [dbo].[Question] ([Id], [Content], [CreatedDate], [UpdatedDate], [TopicId]) VALUES (336, N'Ứng dụng cực trị trong vật lý?', CAST(N'2025-06-19' AS Date), CAST(N'2025-06-19' AS Date), 21)
INSERT [dbo].[Question] ([Id], [Content], [CreatedDate], [UpdatedDate], [TopicId]) VALUES (337, N'Cách sử dụng đạo hàm cấp 2?', CAST(N'2025-06-19' AS Date), CAST(N'2025-06-19' AS Date), 21)
INSERT [dbo].[Question] ([Id], [Content], [CreatedDate], [UpdatedDate], [TopicId]) VALUES (338, N'Hàm có cực trị tại x=a nếu điều kiện nào thỏa?', CAST(N'2025-06-19' AS Date), CAST(N'2025-06-19' AS Date), 21)
INSERT [dbo].[Question] ([Id], [Content], [CreatedDate], [UpdatedDate], [TopicId]) VALUES (339, N'Số nghiệm của phương trình f''(x)=0 nói gì?', CAST(N'2025-06-19' AS Date), CAST(N'2025-06-19' AS Date), 21)
INSERT [dbo].[Question] ([Id], [Content], [CreatedDate], [UpdatedDate], [TopicId]) VALUES (340, N'Điều kiện để điểm x0 là điểm cực tiểu?', CAST(N'2025-06-19' AS Date), CAST(N'2025-06-19' AS Date), 21)
INSERT [dbo].[Question] ([Id], [Content], [CreatedDate], [UpdatedDate], [TopicId]) VALUES (341, N'Điều kiện cần để hàm số có cực trị là gì?', CAST(N'2025-06-19' AS Date), CAST(N'2025-06-19' AS Date), 21)
INSERT [dbo].[Question] ([Id], [Content], [CreatedDate], [UpdatedDate], [TopicId]) VALUES (342, N'Điểm cực đại là gì?', CAST(N'2025-06-19' AS Date), CAST(N'2025-06-19' AS Date), 21)
INSERT [dbo].[Question] ([Id], [Content], [CreatedDate], [UpdatedDate], [TopicId]) VALUES (343, N'Điểm cực tiểu là gì?', CAST(N'2025-06-19' AS Date), CAST(N'2025-06-19' AS Date), 21)
INSERT [dbo].[Question] ([Id], [Content], [CreatedDate], [UpdatedDate], [TopicId]) VALUES (344, N'Điều kiện đủ để có cực trị?', CAST(N'2025-06-19' AS Date), CAST(N'2025-06-19' AS Date), 21)
INSERT [dbo].[Question] ([Id], [Content], [CreatedDate], [UpdatedDate], [TopicId]) VALUES (345, N'Ý nghĩa của đạo hàm bậc 2 trong xét cực trị?', CAST(N'2025-06-19' AS Date), CAST(N'2025-06-19' AS Date), 21)
INSERT [dbo].[Question] ([Id], [Content], [CreatedDate], [UpdatedDate], [TopicId]) VALUES (346, N'Thế nào là điểm uốn?', CAST(N'2025-06-19' AS Date), CAST(N'2025-06-19' AS Date), 21)
INSERT [dbo].[Question] ([Id], [Content], [CreatedDate], [UpdatedDate], [TopicId]) VALUES (347, N'Hàm số bậc 3 có thể có tối đa bao nhiêu cực trị?', CAST(N'2025-06-19' AS Date), CAST(N'2025-06-19' AS Date), 21)
INSERT [dbo].[Question] ([Id], [Content], [CreatedDate], [UpdatedDate], [TopicId]) VALUES (348, N'Cách xét dấu đạo hàm để tìm cực trị?', CAST(N'2025-06-19' AS Date), CAST(N'2025-06-19' AS Date), 21)
INSERT [dbo].[Question] ([Id], [Content], [CreatedDate], [UpdatedDate], [TopicId]) VALUES (349, N'Cực trị của hàm số ứng dụng trong bài toán nào?', CAST(N'2025-06-19' AS Date), CAST(N'2025-06-19' AS Date), 21)
INSERT [dbo].[Question] ([Id], [Content], [CreatedDate], [UpdatedDate], [TopicId]) VALUES (350, N'Ý nghĩa hình học của cực trị?', CAST(N'2025-06-19' AS Date), CAST(N'2025-06-19' AS Date), 21)
INSERT [dbo].[Question] ([Id], [Content], [CreatedDate], [UpdatedDate], [TopicId]) VALUES (351, N'Tìm cực trị dùng bảng biến thiên?', CAST(N'2025-06-19' AS Date), CAST(N'2025-06-19' AS Date), 21)
INSERT [dbo].[Question] ([Id], [Content], [CreatedDate], [UpdatedDate], [TopicId]) VALUES (352, N'Cách nhận biết cực trị qua đồ thị?', CAST(N'2025-06-19' AS Date), CAST(N'2025-06-19' AS Date), 21)
INSERT [dbo].[Question] ([Id], [Content], [CreatedDate], [UpdatedDate], [TopicId]) VALUES (353, N'Trong thực tế, cực trị thể hiện gì?', CAST(N'2025-06-19' AS Date), CAST(N'2025-06-19' AS Date), 21)
INSERT [dbo].[Question] ([Id], [Content], [CreatedDate], [UpdatedDate], [TopicId]) VALUES (354, N'Cách giải bài toán tìm giá trị lớn nhất/nhỏ nhất?', CAST(N'2025-06-19' AS Date), CAST(N'2025-06-19' AS Date), 21)
INSERT [dbo].[Question] ([Id], [Content], [CreatedDate], [UpdatedDate], [TopicId]) VALUES (355, N'Liên hệ giữa cực trị và đạo hàm?', CAST(N'2025-06-19' AS Date), CAST(N'2025-06-19' AS Date), 21)
INSERT [dbo].[Question] ([Id], [Content], [CreatedDate], [UpdatedDate], [TopicId]) VALUES (356, N'Ứng dụng cực trị trong vật lý?', CAST(N'2025-06-19' AS Date), CAST(N'2025-06-19' AS Date), 21)
INSERT [dbo].[Question] ([Id], [Content], [CreatedDate], [UpdatedDate], [TopicId]) VALUES (357, N'Cách sử dụng đạo hàm cấp 2?', CAST(N'2025-06-19' AS Date), CAST(N'2025-06-19' AS Date), 21)
INSERT [dbo].[Question] ([Id], [Content], [CreatedDate], [UpdatedDate], [TopicId]) VALUES (358, N'Hàm có cực trị tại x=a nếu điều kiện nào thỏa?', CAST(N'2025-06-19' AS Date), CAST(N'2025-06-19' AS Date), 21)
INSERT [dbo].[Question] ([Id], [Content], [CreatedDate], [UpdatedDate], [TopicId]) VALUES (359, N'Số nghiệm của phương trình f''(x)=0 nói gì?', CAST(N'2025-06-19' AS Date), CAST(N'2025-06-19' AS Date), 21)
INSERT [dbo].[Question] ([Id], [Content], [CreatedDate], [UpdatedDate], [TopicId]) VALUES (360, N'Điều kiện để điểm x0 là điểm cực tiểu?', CAST(N'2025-06-19' AS Date), CAST(N'2025-06-19' AS Date), 21)
INSERT [dbo].[Question] ([Id], [Content], [CreatedDate], [UpdatedDate], [TopicId]) VALUES (361, N'Vecto trong không gian là gì?', CAST(N'2025-06-19' AS Date), CAST(N'2025-06-19' AS Date), 22)
INSERT [dbo].[Question] ([Id], [Content], [CreatedDate], [UpdatedDate], [TopicId]) VALUES (362, N'Hệ trục tọa độ không gian gồm mấy trục?', CAST(N'2025-06-19' AS Date), CAST(N'2025-06-19' AS Date), 22)
INSERT [dbo].[Question] ([Id], [Content], [CreatedDate], [UpdatedDate], [TopicId]) VALUES (363, N'Công thức tính độ dài của vecto trong không gian?', CAST(N'2025-06-19' AS Date), CAST(N'2025-06-19' AS Date), 22)
INSERT [dbo].[Question] ([Id], [Content], [CreatedDate], [UpdatedDate], [TopicId]) VALUES (364, N'Tọa độ vecto được biểu diễn như thế nào?', CAST(N'2025-06-19' AS Date), CAST(N'2025-06-19' AS Date), 22)
INSERT [dbo].[Question] ([Id], [Content], [CreatedDate], [UpdatedDate], [TopicId]) VALUES (365, N'Khi nào hai vecto trong không gian vuông góc?', CAST(N'2025-06-19' AS Date), CAST(N'2025-06-19' AS Date), 22)
INSERT [dbo].[Question] ([Id], [Content], [CreatedDate], [UpdatedDate], [TopicId]) VALUES (366, N'Khi nào hai vecto trong không gian song song?', CAST(N'2025-06-19' AS Date), CAST(N'2025-06-19' AS Date), 22)
INSERT [dbo].[Question] ([Id], [Content], [CreatedDate], [UpdatedDate], [TopicId]) VALUES (367, N'Vecto không có độ dài gọi là gì?', CAST(N'2025-06-19' AS Date), CAST(N'2025-06-19' AS Date), 22)
INSERT [dbo].[Question] ([Id], [Content], [CreatedDate], [UpdatedDate], [TopicId]) VALUES (368, N'Cách cộng hai vecto trong không gian?', CAST(N'2025-06-19' AS Date), CAST(N'2025-06-19' AS Date), 22)
INSERT [dbo].[Question] ([Id], [Content], [CreatedDate], [UpdatedDate], [TopicId]) VALUES (369, N'Cách nhân vecto với số?', CAST(N'2025-06-19' AS Date), CAST(N'2025-06-19' AS Date), 22)
INSERT [dbo].[Question] ([Id], [Content], [CreatedDate], [UpdatedDate], [TopicId]) VALUES (370, N'Ứng dụng của vecto trong không gian?', CAST(N'2025-06-19' AS Date), CAST(N'2025-06-19' AS Date), 22)
INSERT [dbo].[Question] ([Id], [Content], [CreatedDate], [UpdatedDate], [TopicId]) VALUES (371, N'Điều kiện ba điểm thẳng hàng dùng vecto là gì?', CAST(N'2025-06-19' AS Date), CAST(N'2025-06-19' AS Date), 22)
INSERT [dbo].[Question] ([Id], [Content], [CreatedDate], [UpdatedDate], [TopicId]) VALUES (372, N'Công thức tích vô hướng hai vecto?', CAST(N'2025-06-19' AS Date), CAST(N'2025-06-19' AS Date), 22)
INSERT [dbo].[Question] ([Id], [Content], [CreatedDate], [UpdatedDate], [TopicId]) VALUES (373, N'Công thức tích có hướng của hai vecto?', CAST(N'2025-06-19' AS Date), CAST(N'2025-06-19' AS Date), 22)
INSERT [dbo].[Question] ([Id], [Content], [CreatedDate], [UpdatedDate], [TopicId]) VALUES (374, N'Quan hệ giữa tích vô hướng và góc?', CAST(N'2025-06-19' AS Date), CAST(N'2025-06-19' AS Date), 22)
INSERT [dbo].[Question] ([Id], [Content], [CreatedDate], [UpdatedDate], [TopicId]) VALUES (375, N'Điều kiện để vecto là vecto đơn vị?', CAST(N'2025-06-19' AS Date), CAST(N'2025-06-19' AS Date), 22)
INSERT [dbo].[Question] ([Id], [Content], [CreatedDate], [UpdatedDate], [TopicId]) VALUES (376, N'Phép tịnh tiến liên quan gì đến vecto?', CAST(N'2025-06-19' AS Date), CAST(N'2025-06-19' AS Date), 22)
INSERT [dbo].[Question] ([Id], [Content], [CreatedDate], [UpdatedDate], [TopicId]) VALUES (377, N'Cách xác định phương trình mặt phẳng từ vecto pháp tuyến?', CAST(N'2025-06-19' AS Date), CAST(N'2025-06-19' AS Date), 22)
INSERT [dbo].[Question] ([Id], [Content], [CreatedDate], [UpdatedDate], [TopicId]) VALUES (378, N'Ứng dụng vecto trong hình học không gian?', CAST(N'2025-06-19' AS Date), CAST(N'2025-06-19' AS Date), 22)
INSERT [dbo].[Question] ([Id], [Content], [CreatedDate], [UpdatedDate], [TopicId]) VALUES (379, N'Tọa độ trung điểm đoạn thẳng trong không gian?', CAST(N'2025-06-19' AS Date), CAST(N'2025-06-19' AS Date), 22)
INSERT [dbo].[Question] ([Id], [Content], [CreatedDate], [UpdatedDate], [TopicId]) VALUES (380, N'Vecto pháp tuyến mặt phẳng là gì?', CAST(N'2025-06-19' AS Date), CAST(N'2025-06-19' AS Date), 22)
INSERT [dbo].[Question] ([Id], [Content], [CreatedDate], [UpdatedDate], [TopicId]) VALUES (381, N'Nguyên hàm là gì?', CAST(N'2025-06-19' AS Date), CAST(N'2025-06-19' AS Date), 23)
INSERT [dbo].[Question] ([Id], [Content], [CreatedDate], [UpdatedDate], [TopicId]) VALUES (382, N'Tích phân là gì?', CAST(N'2025-06-19' AS Date), CAST(N'2025-06-19' AS Date), 23)
INSERT [dbo].[Question] ([Id], [Content], [CreatedDate], [UpdatedDate], [TopicId]) VALUES (383, N'Nguyên hàm của hàm số liên tục có gì đặc biệt?', CAST(N'2025-06-19' AS Date), CAST(N'2025-06-19' AS Date), 23)
INSERT [dbo].[Question] ([Id], [Content], [CreatedDate], [UpdatedDate], [TopicId]) VALUES (384, N'Tích phân xác định có ý nghĩa gì?', CAST(N'2025-06-19' AS Date), CAST(N'2025-06-19' AS Date), 23)
INSERT [dbo].[Question] ([Id], [Content], [CreatedDate], [UpdatedDate], [TopicId]) VALUES (385, N'Nguyên hàm của hằng số c là gì?', CAST(N'2025-06-19' AS Date), CAST(N'2025-06-19' AS Date), 23)
INSERT [dbo].[Question] ([Id], [Content], [CreatedDate], [UpdatedDate], [TopicId]) VALUES (386, N'Tích phân dùng để tính gì?', CAST(N'2025-06-19' AS Date), CAST(N'2025-06-19' AS Date), 23)
INSERT [dbo].[Question] ([Id], [Content], [CreatedDate], [UpdatedDate], [TopicId]) VALUES (387, N'Công thức tính nguyên hàm của x^n là gì?', CAST(N'2025-06-19' AS Date), CAST(N'2025-06-19' AS Date), 23)
INSERT [dbo].[Question] ([Id], [Content], [CreatedDate], [UpdatedDate], [TopicId]) VALUES (388, N'Ý nghĩa hình học của tích phân?', CAST(N'2025-06-19' AS Date), CAST(N'2025-06-19' AS Date), 23)
INSERT [dbo].[Question] ([Id], [Content], [CreatedDate], [UpdatedDate], [TopicId]) VALUES (389, N'Tích phân là diện tích hình gì?', CAST(N'2025-06-19' AS Date), CAST(N'2025-06-19' AS Date), 23)
INSERT [dbo].[Question] ([Id], [Content], [CreatedDate], [UpdatedDate], [TopicId]) VALUES (390, N'Công thức cơ bản tính tích phân?', CAST(N'2025-06-19' AS Date), CAST(N'2025-06-19' AS Date), 23)
INSERT [dbo].[Question] ([Id], [Content], [CreatedDate], [UpdatedDate], [TopicId]) VALUES (391, N'Điều kiện có tích phân xác định?', CAST(N'2025-06-19' AS Date), CAST(N'2025-06-19' AS Date), 23)
INSERT [dbo].[Question] ([Id], [Content], [CreatedDate], [UpdatedDate], [TopicId]) VALUES (392, N'Công thức đổi biến trong tích phân?', CAST(N'2025-06-19' AS Date), CAST(N'2025-06-19' AS Date), 23)
INSERT [dbo].[Question] ([Id], [Content], [CreatedDate], [UpdatedDate], [TopicId]) VALUES (393, N'Ứng dụng của tích phân trong thực tế?', CAST(N'2025-06-19' AS Date), CAST(N'2025-06-19' AS Date), 23)
INSERT [dbo].[Question] ([Id], [Content], [CreatedDate], [UpdatedDate], [TopicId]) VALUES (394, N'Nguyên hàm bất định là gì?', CAST(N'2025-06-19' AS Date), CAST(N'2025-06-19' AS Date), 23)
INSERT [dbo].[Question] ([Id], [Content], [CreatedDate], [UpdatedDate], [TopicId]) VALUES (395, N'Khi nào dùng tích phân từng phần?', CAST(N'2025-06-19' AS Date), CAST(N'2025-06-19' AS Date), 23)
INSERT [dbo].[Question] ([Id], [Content], [CreatedDate], [UpdatedDate], [TopicId]) VALUES (396, N'Nguyên hàm là nghịch đảo của phép gì?', CAST(N'2025-06-19' AS Date), CAST(N'2025-06-19' AS Date), 23)
INSERT [dbo].[Question] ([Id], [Content], [CreatedDate], [UpdatedDate], [TopicId]) VALUES (397, N'Tích phân biểu diễn gì trên trục tọa độ?', CAST(N'2025-06-19' AS Date), CAST(N'2025-06-19' AS Date), 23)
INSERT [dbo].[Question] ([Id], [Content], [CreatedDate], [UpdatedDate], [TopicId]) VALUES (398, N'Tích phân của đạo hàm cho ta gì?', CAST(N'2025-06-19' AS Date), CAST(N'2025-06-19' AS Date), 23)
INSERT [dbo].[Question] ([Id], [Content], [CreatedDate], [UpdatedDate], [TopicId]) VALUES (399, N'Khi nào nguyên hàm không tồn tại?', CAST(N'2025-06-19' AS Date), CAST(N'2025-06-19' AS Date), 23)
GO
INSERT [dbo].[Question] ([Id], [Content], [CreatedDate], [UpdatedDate], [TopicId]) VALUES (400, N'Công thức tích phân của e^x là gì?', CAST(N'2025-06-19' AS Date), CAST(N'2025-06-19' AS Date), 23)
INSERT [dbo].[Question] ([Id], [Content], [CreatedDate], [UpdatedDate], [TopicId]) VALUES (401, N'Tọa độ không gian là gì?', CAST(N'2025-06-19' AS Date), CAST(N'2025-06-19' AS Date), 24)
INSERT [dbo].[Question] ([Id], [Content], [CreatedDate], [UpdatedDate], [TopicId]) VALUES (402, N'Tọa độ điểm trong không gian biểu diễn như thế nào?', CAST(N'2025-06-19' AS Date), CAST(N'2025-06-19' AS Date), 24)
INSERT [dbo].[Question] ([Id], [Content], [CreatedDate], [UpdatedDate], [TopicId]) VALUES (403, N'Hệ trục tọa độ trong không gian gồm bao nhiêu trục?', CAST(N'2025-06-19' AS Date), CAST(N'2025-06-19' AS Date), 24)
INSERT [dbo].[Question] ([Id], [Content], [CreatedDate], [UpdatedDate], [TopicId]) VALUES (404, N'Tọa độ trung điểm đoạn thẳng trong không gian?', CAST(N'2025-06-19' AS Date), CAST(N'2025-06-19' AS Date), 24)
INSERT [dbo].[Question] ([Id], [Content], [CreatedDate], [UpdatedDate], [TopicId]) VALUES (405, N'Công thức tính khoảng cách giữa hai điểm trong không gian?', CAST(N'2025-06-19' AS Date), CAST(N'2025-06-19' AS Date), 24)
INSERT [dbo].[Question] ([Id], [Content], [CreatedDate], [UpdatedDate], [TopicId]) VALUES (406, N'Mặt phẳng có phương trình tổng quát dạng gì?', CAST(N'2025-06-19' AS Date), CAST(N'2025-06-19' AS Date), 24)
INSERT [dbo].[Question] ([Id], [Content], [CreatedDate], [UpdatedDate], [TopicId]) VALUES (407, N'Điều kiện ba điểm thẳng hàng trong không gian là gì?', CAST(N'2025-06-19' AS Date), CAST(N'2025-06-19' AS Date), 24)
INSERT [dbo].[Question] ([Id], [Content], [CreatedDate], [UpdatedDate], [TopicId]) VALUES (408, N'Vecto pháp tuyến của mặt phẳng có vai trò gì?', CAST(N'2025-06-19' AS Date), CAST(N'2025-06-19' AS Date), 24)
INSERT [dbo].[Question] ([Id], [Content], [CreatedDate], [UpdatedDate], [TopicId]) VALUES (409, N'Khoảng cách từ một điểm đến một mặt phẳng được tính như thế nào?', CAST(N'2025-06-19' AS Date), CAST(N'2025-06-19' AS Date), 24)
INSERT [dbo].[Question] ([Id], [Content], [CreatedDate], [UpdatedDate], [TopicId]) VALUES (410, N'Công thức tính thể tích khối chóp trong không gian?', CAST(N'2025-06-19' AS Date), CAST(N'2025-06-19' AS Date), 24)
INSERT [dbo].[Question] ([Id], [Content], [CreatedDate], [UpdatedDate], [TopicId]) VALUES (411, N'Công thức tích vô hướng hai vecto trong không gian?', CAST(N'2025-06-19' AS Date), CAST(N'2025-06-19' AS Date), 24)
INSERT [dbo].[Question] ([Id], [Content], [CreatedDate], [UpdatedDate], [TopicId]) VALUES (412, N'Khi nào hai vecto trong không gian vuông góc?', CAST(N'2025-06-19' AS Date), CAST(N'2025-06-19' AS Date), 24)
INSERT [dbo].[Question] ([Id], [Content], [CreatedDate], [UpdatedDate], [TopicId]) VALUES (413, N'Vecto pháp tuyến của mặt phẳng có dạng nào?', CAST(N'2025-06-19' AS Date), CAST(N'2025-06-19' AS Date), 24)
INSERT [dbo].[Question] ([Id], [Content], [CreatedDate], [UpdatedDate], [TopicId]) VALUES (414, N'Công thức tính góc giữa hai mặt phẳng?', CAST(N'2025-06-19' AS Date), CAST(N'2025-06-19' AS Date), 24)
INSERT [dbo].[Question] ([Id], [Content], [CreatedDate], [UpdatedDate], [TopicId]) VALUES (415, N'Công thức tính diện tích tam giác trong không gian?', CAST(N'2025-06-19' AS Date), CAST(N'2025-06-19' AS Date), 24)
INSERT [dbo].[Question] ([Id], [Content], [CreatedDate], [UpdatedDate], [TopicId]) VALUES (416, N'Công thức tính thể tích hình lăng trụ?', CAST(N'2025-06-19' AS Date), CAST(N'2025-06-19' AS Date), 24)
INSERT [dbo].[Question] ([Id], [Content], [CreatedDate], [UpdatedDate], [TopicId]) VALUES (417, N'Điều kiện ba mặt phẳng cắt nhau tại một điểm?', CAST(N'2025-06-19' AS Date), CAST(N'2025-06-19' AS Date), 24)
INSERT [dbo].[Question] ([Id], [Content], [CreatedDate], [UpdatedDate], [TopicId]) VALUES (418, N'Công thức chuyển hệ tọa độ không gian?', CAST(N'2025-06-19' AS Date), CAST(N'2025-06-19' AS Date), 24)
INSERT [dbo].[Question] ([Id], [Content], [CreatedDate], [UpdatedDate], [TopicId]) VALUES (419, N'Tọa độ giao tuyến của hai mặt phẳng?', CAST(N'2025-06-19' AS Date), CAST(N'2025-06-19' AS Date), 24)
INSERT [dbo].[Question] ([Id], [Content], [CreatedDate], [UpdatedDate], [TopicId]) VALUES (420, N'Ứng dụng của tọa độ không gian?', CAST(N'2025-06-19' AS Date), CAST(N'2025-06-19' AS Date), 24)
INSERT [dbo].[Question] ([Id], [Content], [CreatedDate], [UpdatedDate], [TopicId]) VALUES (421, N'Dao động cơ là gì?', CAST(N'2025-06-19' AS Date), CAST(N'2025-06-19' AS Date), 40)
INSERT [dbo].[Question] ([Id], [Content], [CreatedDate], [UpdatedDate], [TopicId]) VALUES (422, N'Chu kỳ dao động là gì?', CAST(N'2025-06-19' AS Date), CAST(N'2025-06-19' AS Date), 40)
INSERT [dbo].[Question] ([Id], [Content], [CreatedDate], [UpdatedDate], [TopicId]) VALUES (423, N'Tần số dao động có đơn vị là gì?', CAST(N'2025-06-19' AS Date), CAST(N'2025-06-19' AS Date), 40)
INSERT [dbo].[Question] ([Id], [Content], [CreatedDate], [UpdatedDate], [TopicId]) VALUES (424, N'Độ lớn biên độ trong dao động điều hòa là gì?', CAST(N'2025-06-19' AS Date), CAST(N'2025-06-19' AS Date), 40)
INSERT [dbo].[Question] ([Id], [Content], [CreatedDate], [UpdatedDate], [TopicId]) VALUES (425, N'Pha ban đầu của dao động là gì?', CAST(N'2025-06-19' AS Date), CAST(N'2025-06-19' AS Date), 40)
INSERT [dbo].[Question] ([Id], [Content], [CreatedDate], [UpdatedDate], [TopicId]) VALUES (426, N'Công thức vận tốc trong dao động điều hòa?', CAST(N'2025-06-19' AS Date), CAST(N'2025-06-19' AS Date), 40)
INSERT [dbo].[Question] ([Id], [Content], [CreatedDate], [UpdatedDate], [TopicId]) VALUES (427, N'Công thức gia tốc trong dao động điều hòa?', CAST(N'2025-06-19' AS Date), CAST(N'2025-06-19' AS Date), 40)
INSERT [dbo].[Question] ([Id], [Content], [CreatedDate], [UpdatedDate], [TopicId]) VALUES (428, N'Năng lượng dao động điều hòa gồm những gì?', CAST(N'2025-06-19' AS Date), CAST(N'2025-06-19' AS Date), 40)
INSERT [dbo].[Question] ([Id], [Content], [CreatedDate], [UpdatedDate], [TopicId]) VALUES (429, N'Điều kiện để xảy ra cộng hưởng dao động?', CAST(N'2025-06-19' AS Date), CAST(N'2025-06-19' AS Date), 40)
INSERT [dbo].[Question] ([Id], [Content], [CreatedDate], [UpdatedDate], [TopicId]) VALUES (430, N'Đồ thị dao động điều hòa có dạng gì?', CAST(N'2025-06-19' AS Date), CAST(N'2025-06-19' AS Date), 40)
INSERT [dbo].[Question] ([Id], [Content], [CreatedDate], [UpdatedDate], [TopicId]) VALUES (431, N'Dao động tắt dần là gì?', CAST(N'2025-06-19' AS Date), CAST(N'2025-06-19' AS Date), 40)
INSERT [dbo].[Question] ([Id], [Content], [CreatedDate], [UpdatedDate], [TopicId]) VALUES (432, N'Nguyên nhân của dao động tắt dần là gì?', CAST(N'2025-06-19' AS Date), CAST(N'2025-06-19' AS Date), 40)
INSERT [dbo].[Question] ([Id], [Content], [CreatedDate], [UpdatedDate], [TopicId]) VALUES (433, N'Ứng dụng của dao động cơ trong thực tế?', CAST(N'2025-06-19' AS Date), CAST(N'2025-06-19' AS Date), 40)
INSERT [dbo].[Question] ([Id], [Content], [CreatedDate], [UpdatedDate], [TopicId]) VALUES (434, N'Công thức tính năng lượng toàn phần?', CAST(N'2025-06-19' AS Date), CAST(N'2025-06-19' AS Date), 40)
INSERT [dbo].[Question] ([Id], [Content], [CreatedDate], [UpdatedDate], [TopicId]) VALUES (435, N'Tốc độ truyền dao động phụ thuộc vào gì?', CAST(N'2025-06-19' AS Date), CAST(N'2025-06-19' AS Date), 40)
INSERT [dbo].[Question] ([Id], [Content], [CreatedDate], [UpdatedDate], [TopicId]) VALUES (436, N'Khi nào xảy ra dao động cưỡng bức?', CAST(N'2025-06-19' AS Date), CAST(N'2025-06-19' AS Date), 40)
INSERT [dbo].[Question] ([Id], [Content], [CreatedDate], [UpdatedDate], [TopicId]) VALUES (437, N'Pha dao động có ảnh hưởng gì?', CAST(N'2025-06-19' AS Date), CAST(N'2025-06-19' AS Date), 40)
INSERT [dbo].[Question] ([Id], [Content], [CreatedDate], [UpdatedDate], [TopicId]) VALUES (438, N'Biên độ dao động phụ thuộc vào gì?', CAST(N'2025-06-19' AS Date), CAST(N'2025-06-19' AS Date), 40)
INSERT [dbo].[Question] ([Id], [Content], [CreatedDate], [UpdatedDate], [TopicId]) VALUES (439, N'Tần số dao động cưỡng bức phụ thuộc vào gì?', CAST(N'2025-06-19' AS Date), CAST(N'2025-06-19' AS Date), 40)
INSERT [dbo].[Question] ([Id], [Content], [CreatedDate], [UpdatedDate], [TopicId]) VALUES (440, N'Cộng hưởng là hiện tượng gì?', CAST(N'2025-06-19' AS Date), CAST(N'2025-06-19' AS Date), 40)
INSERT [dbo].[Question] ([Id], [Content], [CreatedDate], [UpdatedDate], [TopicId]) VALUES (441, N'Sóng cơ là gì?', CAST(N'2025-06-19' AS Date), CAST(N'2025-06-19' AS Date), 41)
INSERT [dbo].[Question] ([Id], [Content], [CreatedDate], [UpdatedDate], [TopicId]) VALUES (442, N'Sóng dọc là gì?', CAST(N'2025-06-19' AS Date), CAST(N'2025-06-19' AS Date), 41)
INSERT [dbo].[Question] ([Id], [Content], [CreatedDate], [UpdatedDate], [TopicId]) VALUES (443, N'Sóng ngang là gì?', CAST(N'2025-06-19' AS Date), CAST(N'2025-06-19' AS Date), 41)
INSERT [dbo].[Question] ([Id], [Content], [CreatedDate], [UpdatedDate], [TopicId]) VALUES (444, N'Tần số sóng có đơn vị là gì?', CAST(N'2025-06-19' AS Date), CAST(N'2025-06-19' AS Date), 41)
INSERT [dbo].[Question] ([Id], [Content], [CreatedDate], [UpdatedDate], [TopicId]) VALUES (445, N'Bước sóng là gì?', CAST(N'2025-06-19' AS Date), CAST(N'2025-06-19' AS Date), 41)
INSERT [dbo].[Question] ([Id], [Content], [CreatedDate], [UpdatedDate], [TopicId]) VALUES (446, N'Công thức tính vận tốc sóng cơ?', CAST(N'2025-06-19' AS Date), CAST(N'2025-06-19' AS Date), 41)
INSERT [dbo].[Question] ([Id], [Content], [CreatedDate], [UpdatedDate], [TopicId]) VALUES (447, N'Sóng phản xạ có tính chất gì?', CAST(N'2025-06-19' AS Date), CAST(N'2025-06-19' AS Date), 41)
INSERT [dbo].[Question] ([Id], [Content], [CreatedDate], [UpdatedDate], [TopicId]) VALUES (448, N'Hiện tượng giao thoa sóng xảy ra khi nào?', CAST(N'2025-06-19' AS Date), CAST(N'2025-06-19' AS Date), 41)
INSERT [dbo].[Question] ([Id], [Content], [CreatedDate], [UpdatedDate], [TopicId]) VALUES (449, N'Điều kiện để có cực đại giao thoa?', CAST(N'2025-06-19' AS Date), CAST(N'2025-06-19' AS Date), 41)
INSERT [dbo].[Question] ([Id], [Content], [CreatedDate], [UpdatedDate], [TopicId]) VALUES (450, N'Điều kiện để có cực tiểu giao thoa?', CAST(N'2025-06-19' AS Date), CAST(N'2025-06-19' AS Date), 41)
INSERT [dbo].[Question] ([Id], [Content], [CreatedDate], [UpdatedDate], [TopicId]) VALUES (451, N'Hiện tượng sóng dừng là gì?', CAST(N'2025-06-19' AS Date), CAST(N'2025-06-19' AS Date), 41)
INSERT [dbo].[Question] ([Id], [Content], [CreatedDate], [UpdatedDate], [TopicId]) VALUES (452, N'Nút sóng là gì?', CAST(N'2025-06-19' AS Date), CAST(N'2025-06-19' AS Date), 41)
INSERT [dbo].[Question] ([Id], [Content], [CreatedDate], [UpdatedDate], [TopicId]) VALUES (453, N'Bụng sóng là gì?', CAST(N'2025-06-19' AS Date), CAST(N'2025-06-19' AS Date), 41)
INSERT [dbo].[Question] ([Id], [Content], [CreatedDate], [UpdatedDate], [TopicId]) VALUES (454, N'Ứng dụng của sóng cơ trong đời sống?', CAST(N'2025-06-19' AS Date), CAST(N'2025-06-19' AS Date), 41)
INSERT [dbo].[Question] ([Id], [Content], [CreatedDate], [UpdatedDate], [TopicId]) VALUES (455, N'Công thức liên hệ giữa vận tốc, bước sóng, tần số?', CAST(N'2025-06-19' AS Date), CAST(N'2025-06-19' AS Date), 41)
INSERT [dbo].[Question] ([Id], [Content], [CreatedDate], [UpdatedDate], [TopicId]) VALUES (456, N'Phản xạ sóng tại đầu cố định có đặc điểm gì?', CAST(N'2025-06-19' AS Date), CAST(N'2025-06-19' AS Date), 41)
INSERT [dbo].[Question] ([Id], [Content], [CreatedDate], [UpdatedDate], [TopicId]) VALUES (457, N'Phản xạ sóng tại đầu tự do có đặc điểm gì?', CAST(N'2025-06-19' AS Date), CAST(N'2025-06-19' AS Date), 41)
INSERT [dbo].[Question] ([Id], [Content], [CreatedDate], [UpdatedDate], [TopicId]) VALUES (458, N'Biên độ sóng khi giao thoa?', CAST(N'2025-06-19' AS Date), CAST(N'2025-06-19' AS Date), 41)
INSERT [dbo].[Question] ([Id], [Content], [CreatedDate], [UpdatedDate], [TopicId]) VALUES (459, N'Năng lượng sóng phụ thuộc vào gì?', CAST(N'2025-06-19' AS Date), CAST(N'2025-06-19' AS Date), 41)
INSERT [dbo].[Question] ([Id], [Content], [CreatedDate], [UpdatedDate], [TopicId]) VALUES (460, N'Tính chất truyền sóng cơ?', CAST(N'2025-06-19' AS Date), CAST(N'2025-06-19' AS Date), 41)
INSERT [dbo].[Question] ([Id], [Content], [CreatedDate], [UpdatedDate], [TopicId]) VALUES (461, N'Điện xoay chiều là gì?', CAST(N'2025-06-19' AS Date), CAST(N'2025-06-19' AS Date), 42)
INSERT [dbo].[Question] ([Id], [Content], [CreatedDate], [UpdatedDate], [TopicId]) VALUES (462, N'Công thức biểu diễn dòng điện xoay chiều?', CAST(N'2025-06-19' AS Date), CAST(N'2025-06-19' AS Date), 42)
INSERT [dbo].[Question] ([Id], [Content], [CreatedDate], [UpdatedDate], [TopicId]) VALUES (463, N'Chu kỳ điện xoay chiều là gì?', CAST(N'2025-06-19' AS Date), CAST(N'2025-06-19' AS Date), 42)
INSERT [dbo].[Question] ([Id], [Content], [CreatedDate], [UpdatedDate], [TopicId]) VALUES (464, N'Tần số điện xoay chiều có đơn vị là gì?', CAST(N'2025-06-19' AS Date), CAST(N'2025-06-19' AS Date), 42)
INSERT [dbo].[Question] ([Id], [Content], [CreatedDate], [UpdatedDate], [TopicId]) VALUES (465, N'Biểu thức điện áp xoay chiều?', CAST(N'2025-06-19' AS Date), CAST(N'2025-06-19' AS Date), 42)
INSERT [dbo].[Question] ([Id], [Content], [CreatedDate], [UpdatedDate], [TopicId]) VALUES (466, N'Giá trị hiệu dụng của điện áp xoay chiều là gì?', CAST(N'2025-06-19' AS Date), CAST(N'2025-06-19' AS Date), 42)
INSERT [dbo].[Question] ([Id], [Content], [CreatedDate], [UpdatedDate], [TopicId]) VALUES (467, N'Pha của dòng điện xoay chiều là gì?', CAST(N'2025-06-19' AS Date), CAST(N'2025-06-19' AS Date), 42)
INSERT [dbo].[Question] ([Id], [Content], [CreatedDate], [UpdatedDate], [TopicId]) VALUES (468, N'Khái niệm cảm kháng là gì?', CAST(N'2025-06-19' AS Date), CAST(N'2025-06-19' AS Date), 42)
INSERT [dbo].[Question] ([Id], [Content], [CreatedDate], [UpdatedDate], [TopicId]) VALUES (469, N'Khái niệm dung kháng là gì?', CAST(N'2025-06-19' AS Date), CAST(N'2025-06-19' AS Date), 42)
INSERT [dbo].[Question] ([Id], [Content], [CreatedDate], [UpdatedDate], [TopicId]) VALUES (470, N'Hiện tượng cộng hưởng điện xảy ra khi nào?', CAST(N'2025-06-19' AS Date), CAST(N'2025-06-19' AS Date), 42)
INSERT [dbo].[Question] ([Id], [Content], [CreatedDate], [UpdatedDate], [TopicId]) VALUES (471, N'Công suất của mạch điện xoay chiều được tính như thế nào?', CAST(N'2025-06-19' AS Date), CAST(N'2025-06-19' AS Date), 42)
INSERT [dbo].[Question] ([Id], [Content], [CreatedDate], [UpdatedDate], [TopicId]) VALUES (472, N'Hệ số công suất là gì?', CAST(N'2025-06-19' AS Date), CAST(N'2025-06-19' AS Date), 42)
INSERT [dbo].[Question] ([Id], [Content], [CreatedDate], [UpdatedDate], [TopicId]) VALUES (473, N'Ý nghĩa của hệ số công suất?', CAST(N'2025-06-19' AS Date), CAST(N'2025-06-19' AS Date), 42)
INSERT [dbo].[Question] ([Id], [Content], [CreatedDate], [UpdatedDate], [TopicId]) VALUES (474, N'Trong mạch RLC, điều kiện cộng hưởng là gì?', CAST(N'2025-06-19' AS Date), CAST(N'2025-06-19' AS Date), 42)
INSERT [dbo].[Question] ([Id], [Content], [CreatedDate], [UpdatedDate], [TopicId]) VALUES (475, N'Ứng dụng của điện xoay chiều?', CAST(N'2025-06-19' AS Date), CAST(N'2025-06-19' AS Date), 42)
INSERT [dbo].[Question] ([Id], [Content], [CreatedDate], [UpdatedDate], [TopicId]) VALUES (476, N'Độ lệch pha giữa điện áp và dòng điện khi nào bằng 0?', CAST(N'2025-06-19' AS Date), CAST(N'2025-06-19' AS Date), 42)
INSERT [dbo].[Question] ([Id], [Content], [CreatedDate], [UpdatedDate], [TopicId]) VALUES (477, N'Công suất hao phí do cảm kháng là gì?', CAST(N'2025-06-19' AS Date), CAST(N'2025-06-19' AS Date), 42)
INSERT [dbo].[Question] ([Id], [Content], [CreatedDate], [UpdatedDate], [TopicId]) VALUES (478, N'Thế nào là mạch cộng hưởng?', CAST(N'2025-06-19' AS Date), CAST(N'2025-06-19' AS Date), 42)
INSERT [dbo].[Question] ([Id], [Content], [CreatedDate], [UpdatedDate], [TopicId]) VALUES (479, N'Điều kiện xảy ra cộng hưởng trong mạch LC?', CAST(N'2025-06-19' AS Date), CAST(N'2025-06-19' AS Date), 42)
INSERT [dbo].[Question] ([Id], [Content], [CreatedDate], [UpdatedDate], [TopicId]) VALUES (480, N'Khái niệm hệ số phẩm chất của mạch cộng hưởng?', CAST(N'2025-06-19' AS Date), CAST(N'2025-06-19' AS Date), 42)
INSERT [dbo].[Question] ([Id], [Content], [CreatedDate], [UpdatedDate], [TopicId]) VALUES (481, N'Dao động điện từ là gì?', CAST(N'2025-06-19' AS Date), CAST(N'2025-06-19' AS Date), 43)
INSERT [dbo].[Question] ([Id], [Content], [CreatedDate], [UpdatedDate], [TopicId]) VALUES (482, N'Mạch dao động LC gồm những thành phần nào?', CAST(N'2025-06-19' AS Date), CAST(N'2025-06-19' AS Date), 43)
INSERT [dbo].[Question] ([Id], [Content], [CreatedDate], [UpdatedDate], [TopicId]) VALUES (483, N'Trạng thái điện trường và từ trường trong mạch dao động LC thay đổi như thế nào?', CAST(N'2025-06-19' AS Date), CAST(N'2025-06-19' AS Date), 43)
INSERT [dbo].[Question] ([Id], [Content], [CreatedDate], [UpdatedDate], [TopicId]) VALUES (484, N'Năng lượng dao động điện từ bảo toàn trong điều kiện nào?', CAST(N'2025-06-19' AS Date), CAST(N'2025-06-19' AS Date), 43)
INSERT [dbo].[Question] ([Id], [Content], [CreatedDate], [UpdatedDate], [TopicId]) VALUES (485, N'Công thức tần số dao động riêng của mạch LC?', CAST(N'2025-06-19' AS Date), CAST(N'2025-06-19' AS Date), 43)
INSERT [dbo].[Question] ([Id], [Content], [CreatedDate], [UpdatedDate], [TopicId]) VALUES (486, N'Ứng dụng của dao động điện từ?', CAST(N'2025-06-19' AS Date), CAST(N'2025-06-19' AS Date), 43)
INSERT [dbo].[Question] ([Id], [Content], [CreatedDate], [UpdatedDate], [TopicId]) VALUES (487, N'Sóng điện từ là gì?', CAST(N'2025-06-19' AS Date), CAST(N'2025-06-19' AS Date), 43)
INSERT [dbo].[Question] ([Id], [Content], [CreatedDate], [UpdatedDate], [TopicId]) VALUES (488, N'Sóng điện từ có vận tốc bằng bao nhiêu trong chân không?', CAST(N'2025-06-19' AS Date), CAST(N'2025-06-19' AS Date), 43)
INSERT [dbo].[Question] ([Id], [Content], [CreatedDate], [UpdatedDate], [TopicId]) VALUES (489, N'Phân cực của sóng điện từ là gì?', CAST(N'2025-06-19' AS Date), CAST(N'2025-06-19' AS Date), 43)
INSERT [dbo].[Question] ([Id], [Content], [CreatedDate], [UpdatedDate], [TopicId]) VALUES (490, N'Sóng điện từ truyền được trong môi trường nào?', CAST(N'2025-06-19' AS Date), CAST(N'2025-06-19' AS Date), 43)
INSERT [dbo].[Question] ([Id], [Content], [CreatedDate], [UpdatedDate], [TopicId]) VALUES (491, N'Đặc điểm của sóng vô tuyến?', CAST(N'2025-06-19' AS Date), CAST(N'2025-06-19' AS Date), 43)
INSERT [dbo].[Question] ([Id], [Content], [CreatedDate], [UpdatedDate], [TopicId]) VALUES (492, N'Sóng cực ngắn có ứng dụng gì?', CAST(N'2025-06-19' AS Date), CAST(N'2025-06-19' AS Date), 43)
INSERT [dbo].[Question] ([Id], [Content], [CreatedDate], [UpdatedDate], [TopicId]) VALUES (493, N'Sóng điện từ truyền trong không gian như thế nào?', CAST(N'2025-06-19' AS Date), CAST(N'2025-06-19' AS Date), 43)
INSERT [dbo].[Question] ([Id], [Content], [CreatedDate], [UpdatedDate], [TopicId]) VALUES (494, N'Nguồn phát sóng điện từ là gì?', CAST(N'2025-06-19' AS Date), CAST(N'2025-06-19' AS Date), 43)
INSERT [dbo].[Question] ([Id], [Content], [CreatedDate], [UpdatedDate], [TopicId]) VALUES (495, N'Sóng điện từ có mang năng lượng không?', CAST(N'2025-06-19' AS Date), CAST(N'2025-06-19' AS Date), 43)
INSERT [dbo].[Question] ([Id], [Content], [CreatedDate], [UpdatedDate], [TopicId]) VALUES (496, N'Ứng dụng của sóng điện từ trong đời sống?', CAST(N'2025-06-19' AS Date), CAST(N'2025-06-19' AS Date), 43)
INSERT [dbo].[Question] ([Id], [Content], [CreatedDate], [UpdatedDate], [TopicId]) VALUES (497, N'Điều kiện để tạo dao động điện từ duy trì?', CAST(N'2025-06-19' AS Date), CAST(N'2025-06-19' AS Date), 43)
INSERT [dbo].[Question] ([Id], [Content], [CreatedDate], [UpdatedDate], [TopicId]) VALUES (498, N'Quy luật lan truyền của sóng điện từ?', CAST(N'2025-06-19' AS Date), CAST(N'2025-06-19' AS Date), 43)
INSERT [dbo].[Question] ([Id], [Content], [CreatedDate], [UpdatedDate], [TopicId]) VALUES (499, N'Đặc điểm của sóng mang?', CAST(N'2025-06-19' AS Date), CAST(N'2025-06-19' AS Date), 43)
GO
INSERT [dbo].[Question] ([Id], [Content], [CreatedDate], [UpdatedDate], [TopicId]) VALUES (500, N'Bước sóng của sóng điện từ tính theo công thức nào?', CAST(N'2025-06-19' AS Date), CAST(N'2025-06-19' AS Date), 43)
INSERT [dbo].[Question] ([Id], [Content], [CreatedDate], [UpdatedDate], [TopicId]) VALUES (501, N'Hiện tượng quang điện là gì?', CAST(N'2025-06-19' AS Date), CAST(N'2025-06-19' AS Date), 44)
INSERT [dbo].[Question] ([Id], [Content], [CreatedDate], [UpdatedDate], [TopicId]) VALUES (502, N'Phôtôn là gì?', CAST(N'2025-06-19' AS Date), CAST(N'2025-06-19' AS Date), 44)
INSERT [dbo].[Question] ([Id], [Content], [CreatedDate], [UpdatedDate], [TopicId]) VALUES (503, N'Năng lượng của một phôtôn được tính như thế nào?', CAST(N'2025-06-19' AS Date), CAST(N'2025-06-19' AS Date), 44)
INSERT [dbo].[Question] ([Id], [Content], [CreatedDate], [UpdatedDate], [TopicId]) VALUES (504, N'Công thoát là gì?', CAST(N'2025-06-19' AS Date), CAST(N'2025-06-19' AS Date), 44)
INSERT [dbo].[Question] ([Id], [Content], [CreatedDate], [UpdatedDate], [TopicId]) VALUES (505, N'Điều kiện xảy ra hiện tượng quang điện?', CAST(N'2025-06-19' AS Date), CAST(N'2025-06-19' AS Date), 44)
INSERT [dbo].[Question] ([Id], [Content], [CreatedDate], [UpdatedDate], [TopicId]) VALUES (506, N'Năng lượng phôtôn phụ thuộc vào yếu tố nào?', CAST(N'2025-06-19' AS Date), CAST(N'2025-06-19' AS Date), 44)
INSERT [dbo].[Question] ([Id], [Content], [CreatedDate], [UpdatedDate], [TopicId]) VALUES (507, N'Ý nghĩa của hiện tượng quang điện?', CAST(N'2025-06-19' AS Date), CAST(N'2025-06-19' AS Date), 44)
INSERT [dbo].[Question] ([Id], [Content], [CreatedDate], [UpdatedDate], [TopicId]) VALUES (508, N'Mẫu nguyên tử Bohr giải thích hiện tượng gì?', CAST(N'2025-06-19' AS Date), CAST(N'2025-06-19' AS Date), 44)
INSERT [dbo].[Question] ([Id], [Content], [CreatedDate], [UpdatedDate], [TopicId]) VALUES (509, N'Bước sóng giới hạn của hiện tượng quang điện là gì?', CAST(N'2025-06-19' AS Date), CAST(N'2025-06-19' AS Date), 44)
INSERT [dbo].[Question] ([Id], [Content], [CreatedDate], [UpdatedDate], [TopicId]) VALUES (510, N'Hiện tượng quang điện ngoài xảy ra với vật liệu nào?', CAST(N'2025-06-19' AS Date), CAST(N'2025-06-19' AS Date), 44)
INSERT [dbo].[Question] ([Id], [Content], [CreatedDate], [UpdatedDate], [TopicId]) VALUES (511, N'Ứng dụng của hiện tượng quang điện?', CAST(N'2025-06-19' AS Date), CAST(N'2025-06-19' AS Date), 44)
INSERT [dbo].[Question] ([Id], [Content], [CreatedDate], [UpdatedDate], [TopicId]) VALUES (512, N'Tia tử ngoại có thể gây ra hiện tượng quang điện không?', CAST(N'2025-06-19' AS Date), CAST(N'2025-06-19' AS Date), 44)
INSERT [dbo].[Question] ([Id], [Content], [CreatedDate], [UpdatedDate], [TopicId]) VALUES (513, N'Hiệu ứng Compton là gì?', CAST(N'2025-06-19' AS Date), CAST(N'2025-06-19' AS Date), 44)
INSERT [dbo].[Question] ([Id], [Content], [CreatedDate], [UpdatedDate], [TopicId]) VALUES (514, N'Phôtôn có khối lượng không?', CAST(N'2025-06-19' AS Date), CAST(N'2025-06-19' AS Date), 44)
INSERT [dbo].[Question] ([Id], [Content], [CreatedDate], [UpdatedDate], [TopicId]) VALUES (515, N'Ánh sáng là gì theo thuyết lượng tử?', CAST(N'2025-06-19' AS Date), CAST(N'2025-06-19' AS Date), 44)
INSERT [dbo].[Question] ([Id], [Content], [CreatedDate], [UpdatedDate], [TopicId]) VALUES (516, N'Năng lượng của phôtôn tỉ lệ với?', CAST(N'2025-06-19' AS Date), CAST(N'2025-06-19' AS Date), 44)
INSERT [dbo].[Question] ([Id], [Content], [CreatedDate], [UpdatedDate], [TopicId]) VALUES (517, N'Điều kiện để electron bứt ra khỏi kim loại?', CAST(N'2025-06-19' AS Date), CAST(N'2025-06-19' AS Date), 44)
INSERT [dbo].[Question] ([Id], [Content], [CreatedDate], [UpdatedDate], [TopicId]) VALUES (518, N'Ý nghĩa lượng tử hóa năng lượng?', CAST(N'2025-06-19' AS Date), CAST(N'2025-06-19' AS Date), 44)
INSERT [dbo].[Question] ([Id], [Content], [CreatedDate], [UpdatedDate], [TopicId]) VALUES (519, N'Chiếu ánh sáng mạnh hơn vào tấm kim loại, kết quả?', CAST(N'2025-06-19' AS Date), CAST(N'2025-06-19' AS Date), 44)
INSERT [dbo].[Question] ([Id], [Content], [CreatedDate], [UpdatedDate], [TopicId]) VALUES (520, N'Giới hạn quang điện phụ thuộc vào?', CAST(N'2025-06-19' AS Date), CAST(N'2025-06-19' AS Date), 44)
INSERT [dbo].[Question] ([Id], [Content], [CreatedDate], [UpdatedDate], [TopicId]) VALUES (521, N'Hiện tượng giao thoa ánh sáng là gì?', CAST(N'2025-06-19' AS Date), CAST(N'2025-06-19' AS Date), 45)
INSERT [dbo].[Question] ([Id], [Content], [CreatedDate], [UpdatedDate], [TopicId]) VALUES (522, N'Điều kiện để có giao thoa ánh sáng?', CAST(N'2025-06-19' AS Date), CAST(N'2025-06-19' AS Date), 45)
INSERT [dbo].[Question] ([Id], [Content], [CreatedDate], [UpdatedDate], [TopicId]) VALUES (523, N'Nguồn ánh sáng đơn sắc là gì?', CAST(N'2025-06-19' AS Date), CAST(N'2025-06-19' AS Date), 45)
INSERT [dbo].[Question] ([Id], [Content], [CreatedDate], [UpdatedDate], [TopicId]) VALUES (524, N'Hiện tượng nhiễu xạ ánh sáng là gì?', CAST(N'2025-06-19' AS Date), CAST(N'2025-06-19' AS Date), 45)
INSERT [dbo].[Question] ([Id], [Content], [CreatedDate], [UpdatedDate], [TopicId]) VALUES (525, N'Bước sóng ánh sáng nhìn thấy có giá trị khoảng bao nhiêu?', CAST(N'2025-06-19' AS Date), CAST(N'2025-06-19' AS Date), 45)
INSERT [dbo].[Question] ([Id], [Content], [CreatedDate], [UpdatedDate], [TopicId]) VALUES (526, N'Thuyết sóng ánh sáng giải thích hiện tượng gì?', CAST(N'2025-06-19' AS Date), CAST(N'2025-06-19' AS Date), 45)
INSERT [dbo].[Question] ([Id], [Content], [CreatedDate], [UpdatedDate], [TopicId]) VALUES (527, N'Giao thoa ánh sáng chứng tỏ bản chất gì của ánh sáng?', CAST(N'2025-06-19' AS Date), CAST(N'2025-06-19' AS Date), 45)
INSERT [dbo].[Question] ([Id], [Content], [CreatedDate], [UpdatedDate], [TopicId]) VALUES (528, N'Nhiễu xạ ánh sáng xảy ra khi nào?', CAST(N'2025-06-19' AS Date), CAST(N'2025-06-19' AS Date), 45)
INSERT [dbo].[Question] ([Id], [Content], [CreatedDate], [UpdatedDate], [TopicId]) VALUES (529, N'Ứng dụng của hiện tượng nhiễu xạ ánh sáng?', CAST(N'2025-06-19' AS Date), CAST(N'2025-06-19' AS Date), 45)
INSERT [dbo].[Question] ([Id], [Content], [CreatedDate], [UpdatedDate], [TopicId]) VALUES (530, N'Ứng dụng của giao thoa ánh sáng?', CAST(N'2025-06-19' AS Date), CAST(N'2025-06-19' AS Date), 45)
INSERT [dbo].[Question] ([Id], [Content], [CreatedDate], [UpdatedDate], [TopicId]) VALUES (531, N'Bước sóng của tia đỏ lớn hơn hay nhỏ hơn tia tím?', CAST(N'2025-06-19' AS Date), CAST(N'2025-06-19' AS Date), 45)
INSERT [dbo].[Question] ([Id], [Content], [CreatedDate], [UpdatedDate], [TopicId]) VALUES (532, N'Nguồn sáng kết hợp là gì?', CAST(N'2025-06-19' AS Date), CAST(N'2025-06-19' AS Date), 45)
INSERT [dbo].[Question] ([Id], [Content], [CreatedDate], [UpdatedDate], [TopicId]) VALUES (533, N'Thiết bị nào dùng để đo bước sóng ánh sáng?', CAST(N'2025-06-19' AS Date), CAST(N'2025-06-19' AS Date), 45)
INSERT [dbo].[Question] ([Id], [Content], [CreatedDate], [UpdatedDate], [TopicId]) VALUES (534, N'Ứng dụng của giao thoa ánh sáng trong công nghệ?', CAST(N'2025-06-19' AS Date), CAST(N'2025-06-19' AS Date), 45)
INSERT [dbo].[Question] ([Id], [Content], [CreatedDate], [UpdatedDate], [TopicId]) VALUES (535, N'Hiện tượng quang học nào không phụ thuộc vào bước sóng?', CAST(N'2025-06-19' AS Date), CAST(N'2025-06-19' AS Date), 45)
INSERT [dbo].[Question] ([Id], [Content], [CreatedDate], [UpdatedDate], [TopicId]) VALUES (536, N'Hiện tượng tán sắc ánh sáng là gì?', CAST(N'2025-06-19' AS Date), CAST(N'2025-06-19' AS Date), 45)
INSERT [dbo].[Question] ([Id], [Content], [CreatedDate], [UpdatedDate], [TopicId]) VALUES (537, N'Thuyết lượng tử ánh sáng giải thích hiện tượng gì?', CAST(N'2025-06-19' AS Date), CAST(N'2025-06-19' AS Date), 45)
INSERT [dbo].[Question] ([Id], [Content], [CreatedDate], [UpdatedDate], [TopicId]) VALUES (538, N'Tán sắc ánh sáng xảy ra khi nào?', CAST(N'2025-06-19' AS Date), CAST(N'2025-06-19' AS Date), 45)
INSERT [dbo].[Question] ([Id], [Content], [CreatedDate], [UpdatedDate], [TopicId]) VALUES (539, N'Tiêu chuẩn Rayleigh liên quan đến hiện tượng nào?', CAST(N'2025-06-19' AS Date), CAST(N'2025-06-19' AS Date), 45)
INSERT [dbo].[Question] ([Id], [Content], [CreatedDate], [UpdatedDate], [TopicId]) VALUES (540, N'Hiện tượng giao thoa ánh sáng được dùng trong phép đo nào?', CAST(N'2025-06-19' AS Date), CAST(N'2025-06-19' AS Date), 45)
INSERT [dbo].[Question] ([Id], [Content], [CreatedDate], [UpdatedDate], [TopicId]) VALUES (541, N'Hạt nhân nguyên tử gồm những hạt nào?', CAST(N'2025-06-19' AS Date), CAST(N'2025-06-19' AS Date), 46)
INSERT [dbo].[Question] ([Id], [Content], [CreatedDate], [UpdatedDate], [TopicId]) VALUES (542, N'Nguyên tố đồng vị là gì?', CAST(N'2025-06-19' AS Date), CAST(N'2025-06-19' AS Date), 46)
INSERT [dbo].[Question] ([Id], [Content], [CreatedDate], [UpdatedDate], [TopicId]) VALUES (543, N'Khối lượng hạt nhân tính theo đơn vị nào?', CAST(N'2025-06-19' AS Date), CAST(N'2025-06-19' AS Date), 46)
INSERT [dbo].[Question] ([Id], [Content], [CreatedDate], [UpdatedDate], [TopicId]) VALUES (544, N'Năng lượng liên kết hạt nhân là gì?', CAST(N'2025-06-19' AS Date), CAST(N'2025-06-19' AS Date), 46)
INSERT [dbo].[Question] ([Id], [Content], [CreatedDate], [UpdatedDate], [TopicId]) VALUES (545, N'Năng lượng liên kết riêng là gì?', CAST(N'2025-06-19' AS Date), CAST(N'2025-06-19' AS Date), 46)
INSERT [dbo].[Question] ([Id], [Content], [CreatedDate], [UpdatedDate], [TopicId]) VALUES (546, N'Hiện tượng phóng xạ là gì?', CAST(N'2025-06-19' AS Date), CAST(N'2025-06-19' AS Date), 46)
INSERT [dbo].[Question] ([Id], [Content], [CreatedDate], [UpdatedDate], [TopicId]) VALUES (547, N'Chu kỳ bán rã là gì?', CAST(N'2025-06-19' AS Date), CAST(N'2025-06-19' AS Date), 46)
INSERT [dbo].[Question] ([Id], [Content], [CreatedDate], [UpdatedDate], [TopicId]) VALUES (548, N'Ứng dụng của hiện tượng phóng xạ?', CAST(N'2025-06-19' AS Date), CAST(N'2025-06-19' AS Date), 46)
INSERT [dbo].[Question] ([Id], [Content], [CreatedDate], [UpdatedDate], [TopicId]) VALUES (549, N'Phản ứng hạt nhân là gì?', CAST(N'2025-06-19' AS Date), CAST(N'2025-06-19' AS Date), 46)
INSERT [dbo].[Question] ([Id], [Content], [CreatedDate], [UpdatedDate], [TopicId]) VALUES (550, N'Điều kiện xảy ra phản ứng nhiệt hạch?', CAST(N'2025-06-19' AS Date), CAST(N'2025-06-19' AS Date), 46)
INSERT [dbo].[Question] ([Id], [Content], [CreatedDate], [UpdatedDate], [TopicId]) VALUES (551, N'Hiện tượng phân hạch là gì?', CAST(N'2025-06-19' AS Date), CAST(N'2025-06-19' AS Date), 46)
INSERT [dbo].[Question] ([Id], [Content], [CreatedDate], [UpdatedDate], [TopicId]) VALUES (552, N'Ứng dụng của phản ứng phân hạch?', CAST(N'2025-06-19' AS Date), CAST(N'2025-06-19' AS Date), 46)
INSERT [dbo].[Question] ([Id], [Content], [CreatedDate], [UpdatedDate], [TopicId]) VALUES (553, N'Ứng dụng của phản ứng nhiệt hạch?', CAST(N'2025-06-19' AS Date), CAST(N'2025-06-19' AS Date), 46)
INSERT [dbo].[Question] ([Id], [Content], [CreatedDate], [UpdatedDate], [TopicId]) VALUES (554, N'Chất phóng xạ tự nhiên là gì?', CAST(N'2025-06-19' AS Date), CAST(N'2025-06-19' AS Date), 46)
INSERT [dbo].[Question] ([Id], [Content], [CreatedDate], [UpdatedDate], [TopicId]) VALUES (555, N'Ứng dụng của đồng vị phóng xạ trong y học?', CAST(N'2025-06-19' AS Date), CAST(N'2025-06-19' AS Date), 46)
INSERT [dbo].[Question] ([Id], [Content], [CreatedDate], [UpdatedDate], [TopicId]) VALUES (556, N'Lò phản ứng hạt nhân là gì?', CAST(N'2025-06-19' AS Date), CAST(N'2025-06-19' AS Date), 46)
INSERT [dbo].[Question] ([Id], [Content], [CreatedDate], [UpdatedDate], [TopicId]) VALUES (557, N'Phản ứng dây chuyền là gì?', CAST(N'2025-06-19' AS Date), CAST(N'2025-06-19' AS Date), 46)
INSERT [dbo].[Question] ([Id], [Content], [CreatedDate], [UpdatedDate], [TopicId]) VALUES (558, N'Cách kiểm soát phản ứng dây chuyền?', CAST(N'2025-06-19' AS Date), CAST(N'2025-06-19' AS Date), 46)
INSERT [dbo].[Question] ([Id], [Content], [CreatedDate], [UpdatedDate], [TopicId]) VALUES (559, N'Điều kiện để duy trì phản ứng dây chuyền?', CAST(N'2025-06-19' AS Date), CAST(N'2025-06-19' AS Date), 46)
INSERT [dbo].[Question] ([Id], [Content], [CreatedDate], [UpdatedDate], [TopicId]) VALUES (560, N'Năng lượng tỏa ra từ phản ứng hạt nhân tính như thế nào?', CAST(N'2025-06-19' AS Date), CAST(N'2025-06-19' AS Date), 46)
SET IDENTITY_INSERT [dbo].[Question] OFF
GO
SET IDENTITY_INSERT [dbo].[Quizz] ON 

INSERT [dbo].[Quizz] ([Id], [Title], [Description], [QuestionCount], [TimeLimit], [CreateAt], [ModuleId], [RequiredScore], [Status]) VALUES (1, N'Quizz 1', N'Mệnh đề và tập hợp ', 5, 10, CAST(N'2024-04-13T12:12:12.000' AS DateTime), 19, 80, 0)
INSERT [dbo].[Quizz] ([Id], [Title], [Description], [QuestionCount], [TimeLimit], [CreateAt], [ModuleId], [RequiredScore], [Status]) VALUES (2, N'Quizz 2', N'Bất phương trình và hệ bất phương trình bậc nhất hai ẩn ', 5, 10, CAST(N'2024-05-09T12:12:16.000' AS DateTime), 17, 80, 1)
INSERT [dbo].[Quizz] ([Id], [Title], [Description], [QuestionCount], [TimeLimit], [CreateAt], [ModuleId], [RequiredScore], [Status]) VALUES (3, N'Quizz 3', N'Hệ thức lượng trong tam giác', 5, 10, CAST(N'2024-06-01T11:02:23.000' AS DateTime), 18, 80, 1)
INSERT [dbo].[Quizz] ([Id], [Title], [Description], [QuestionCount], [TimeLimit], [CreateAt], [ModuleId], [RequiredScore], [Status]) VALUES (4, N'Quizz 4', N'Vecto', 5, 10, CAST(N'2024-06-02T23:12:01.000' AS DateTime), 16, 80, 1)
INSERT [dbo].[Quizz] ([Id], [Title], [Description], [QuestionCount], [TimeLimit], [CreateAt], [ModuleId], [RequiredScore], [Status]) VALUES (5, N'Quizz 5', N'Hàm số, đồ thị và ứng dụng', 5, 10, CAST(N'2024-01-05T22:22:14.000' AS DateTime), 60, 80, 1)
INSERT [dbo].[Quizz] ([Id], [Title], [Description], [QuestionCount], [TimeLimit], [CreateAt], [ModuleId], [RequiredScore], [Status]) VALUES (6, N'Quizz 6', N'Phương pháp tọa độ trong mặt phẳng ', 5, 10, CAST(N'2024-02-01T21:34:54.000' AS DateTime), 6, 80, 1)
INSERT [dbo].[Quizz] ([Id], [Title], [Description], [QuestionCount], [TimeLimit], [CreateAt], [ModuleId], [RequiredScore], [Status]) VALUES (8, N'Quizz 7', N'Đại số tổ hợp', 5, 10, CAST(N'2024-02-03T10:23:43.000' AS DateTime), 7, 80, 1)
INSERT [dbo].[Quizz] ([Id], [Title], [Description], [QuestionCount], [TimeLimit], [CreateAt], [ModuleId], [RequiredScore], [Status]) VALUES (10, N'Quizz 8', N'Tính xác suất theo định nghĩa cổ điển ', 5, 10, CAST(N'2024-03-10T13:12:43.000' AS DateTime), 8, 80, 1)
INSERT [dbo].[Quizz] ([Id], [Title], [Description], [QuestionCount], [TimeLimit], [CreateAt], [ModuleId], [RequiredScore], [Status]) VALUES (11, N'Quizz 9', N'Dao động cơ', 5, 10, CAST(N'2024-01-15T15:23:12.000' AS DateTime), 9, 80, 1)
INSERT [dbo].[Quizz] ([Id], [Title], [Description], [QuestionCount], [TimeLimit], [CreateAt], [ModuleId], [RequiredScore], [Status]) VALUES (14, N'Quizz 10', N'Sóng cơ', 5, 10, CAST(N'2024-01-14T15:43:23.000' AS DateTime), 10, 80, 1)
INSERT [dbo].[Quizz] ([Id], [Title], [Description], [QuestionCount], [TimeLimit], [CreateAt], [ModuleId], [RequiredScore], [Status]) VALUES (15, N'Quizz 11', N'Điện xoay chiều', 5, 10, CAST(N'2024-01-14T15:43:23.000' AS DateTime), 11, 80, 1)
INSERT [dbo].[Quizz] ([Id], [Title], [Description], [QuestionCount], [TimeLimit], [CreateAt], [ModuleId], [RequiredScore], [Status]) VALUES (16, N'Quizz 12', N'Dao động và sóng điện tử ', 5, 10, CAST(N'2024-01-14T15:43:23.000' AS DateTime), 12, 80, 1)
INSERT [dbo].[Quizz] ([Id], [Title], [Description], [QuestionCount], [TimeLimit], [CreateAt], [ModuleId], [RequiredScore], [Status]) VALUES (17, N'Quizz13', N'Sóng ánh sáng ', 5, 10, CAST(N'2024-12-12T12:12:12.000' AS DateTime), 13, 80, 1)
INSERT [dbo].[Quizz] ([Id], [Title], [Description], [QuestionCount], [TimeLimit], [CreateAt], [ModuleId], [RequiredScore], [Status]) VALUES (18, N'Quizz 14', N'Lượng tử ánh sáng', 5, 10, CAST(N'2024-12-23T23:23:23.000' AS DateTime), 14, 80, 1)
INSERT [dbo].[Quizz] ([Id], [Title], [Description], [QuestionCount], [TimeLimit], [CreateAt], [ModuleId], [RequiredScore], [Status]) VALUES (19, N'Quizz 15', N'Vật lí hạt nhân', 5, 10, CAST(N'2024-01-14T15:43:23.000' AS DateTime), 15, 80, 1)
INSERT [dbo].[Quizz] ([Id], [Title], [Description], [QuestionCount], [TimeLimit], [CreateAt], [ModuleId], [RequiredScore], [Status]) VALUES (20, N'string2', N'string1', 10, 10, CAST(N'2025-07-12T06:41:39.970' AS DateTime), 1, 70, 1)
INSERT [dbo].[Quizz] ([Id], [Title], [Description], [QuestionCount], [TimeLimit], [CreateAt], [ModuleId], [RequiredScore], [Status]) VALUES (21, N'Quizz 1', N'Quizz1', 10, 10, CAST(N'2025-07-21T21:03:40.477' AS DateTime), 69, 79, 0)
SET IDENTITY_INSERT [dbo].[Quizz] OFF
GO
SET IDENTITY_INSERT [dbo].[QuizzTopic] ON 

INSERT [dbo].[QuizzTopic] ([Id], [QuizzId], [TopicId]) VALUES (1, 1, 2)
INSERT [dbo].[QuizzTopic] ([Id], [QuizzId], [TopicId]) VALUES (2, 2, 4)
INSERT [dbo].[QuizzTopic] ([Id], [QuizzId], [TopicId]) VALUES (3, 3, 5)
INSERT [dbo].[QuizzTopic] ([Id], [QuizzId], [TopicId]) VALUES (4, 4, 6)
INSERT [dbo].[QuizzTopic] ([Id], [QuizzId], [TopicId]) VALUES (5, 5, 7)
INSERT [dbo].[QuizzTopic] ([Id], [QuizzId], [TopicId]) VALUES (6, 6, 8)
INSERT [dbo].[QuizzTopic] ([Id], [QuizzId], [TopicId]) VALUES (7, 8, 9)
INSERT [dbo].[QuizzTopic] ([Id], [QuizzId], [TopicId]) VALUES (8, 10, 10)
INSERT [dbo].[QuizzTopic] ([Id], [QuizzId], [TopicId]) VALUES (9, 11, 40)
INSERT [dbo].[QuizzTopic] ([Id], [QuizzId], [TopicId]) VALUES (10, 14, 41)
INSERT [dbo].[QuizzTopic] ([Id], [QuizzId], [TopicId]) VALUES (11, 15, 42)
INSERT [dbo].[QuizzTopic] ([Id], [QuizzId], [TopicId]) VALUES (12, 16, 43)
INSERT [dbo].[QuizzTopic] ([Id], [QuizzId], [TopicId]) VALUES (13, 17, 44)
INSERT [dbo].[QuizzTopic] ([Id], [QuizzId], [TopicId]) VALUES (14, 18, 45)
INSERT [dbo].[QuizzTopic] ([Id], [QuizzId], [TopicId]) VALUES (15, 19, 46)
INSERT [dbo].[QuizzTopic] ([Id], [QuizzId], [TopicId]) VALUES (28, 21, 2)
INSERT [dbo].[QuizzTopic] ([Id], [QuizzId], [TopicId]) VALUES (29, 20, 2)
INSERT [dbo].[QuizzTopic] ([Id], [QuizzId], [TopicId]) VALUES (30, 20, 4)
INSERT [dbo].[QuizzTopic] ([Id], [QuizzId], [TopicId]) VALUES (31, 20, 5)
INSERT [dbo].[QuizzTopic] ([Id], [QuizzId], [TopicId]) VALUES (32, 20, 6)
INSERT [dbo].[QuizzTopic] ([Id], [QuizzId], [TopicId]) VALUES (33, 20, 7)
SET IDENTITY_INSERT [dbo].[QuizzTopic] OFF
GO
SET IDENTITY_INSERT [dbo].[Report] ON 

INSERT [dbo].[Report] ([Id], [Title], [UserId], [ReceiverId], [InstructorId], [ContentDetail], [StatusId], [CreatedDate], [LastStatusUpdated], [IsDeleted]) VALUES (1, N'4ygw5rhg', 37, 31, NULL, N'ewrhewrhj', 1, CAST(N'2025-08-14T21:01:41.413' AS DateTime), NULL, 0)
INSERT [dbo].[Report] ([Id], [Title], [UserId], [ReceiverId], [InstructorId], [ContentDetail], [StatusId], [CreatedDate], [LastStatusUpdated], [IsDeleted]) VALUES (2, N'ưgrh', 37, 53, NULL, N'rhwrhwh', 1, CAST(N'2025-08-14T21:02:30.160' AS DateTime), NULL, 0)
INSERT [dbo].[Report] ([Id], [Title], [UserId], [ReceiverId], [InstructorId], [ContentDetail], [StatusId], [CreatedDate], [LastStatusUpdated], [IsDeleted]) VALUES (3, N'etheth', 37, 53, NULL, N'ửhehwehwehj', 1, CAST(N'2025-08-14T21:07:19.880' AS DateTime), NULL, 0)
INSERT [dbo].[Report] ([Id], [Title], [UserId], [ReceiverId], [InstructorId], [ContentDetail], [StatusId], [CreatedDate], [LastStatusUpdated], [IsDeleted]) VALUES (4, N'etheth', 37, 53, NULL, N'ửhehwehwehj', 1, CAST(N'2025-08-14T21:07:44.540' AS DateTime), NULL, 0)
INSERT [dbo].[Report] ([Id], [Title], [UserId], [ReceiverId], [InstructorId], [ContentDetail], [StatusId], [CreatedDate], [LastStatusUpdated], [IsDeleted]) VALUES (5, N'r5hewrh', 37, 53, NULL, N'ửhwrh', 1, CAST(N'2025-08-14T21:14:26.817' AS DateTime), NULL, 0)
INSERT [dbo].[Report] ([Id], [Title], [UserId], [ReceiverId], [InstructorId], [ContentDetail], [StatusId], [CreatedDate], [LastStatusUpdated], [IsDeleted]) VALUES (6, N'qegwqeg', 37, 53, NULL, N'ehtjryj', 1, CAST(N'2025-08-14T21:16:04.353' AS DateTime), NULL, 0)
INSERT [dbo].[Report] ([Id], [Title], [UserId], [ReceiverId], [InstructorId], [ContentDetail], [StatusId], [CreatedDate], [LastStatusUpdated], [IsDeleted]) VALUES (7, N'ưhrhw', 37, 53, 36, N'rhwrhwrh', 3, CAST(N'2025-08-14T21:22:55.403' AS DateTime), CAST(N'2025-08-14T21:24:14.127' AS DateTime), 0)
SET IDENTITY_INSERT [dbo].[Report] OFF
GO
SET IDENTITY_INSERT [dbo].[ReportFile] ON 

INSERT [dbo].[ReportFile] ([Id], [ReportId], [FilePath], [UploadedAt]) VALUES (1, 1, N'/UploadFile/Report_1/0eb7e7e0-f8a7-42de-9e32-a1d30b1f6b8d.docx', CAST(N'2025-08-14T21:01:41.647' AS DateTime))
INSERT [dbo].[ReportFile] ([Id], [ReportId], [FilePath], [UploadedAt]) VALUES (2, 2, N'/UploadFile/Report_2/7b5738bc-0948-41f7-aebb-02dabced4fdd.pdf', CAST(N'2025-08-14T21:02:30.173' AS DateTime))
INSERT [dbo].[ReportFile] ([Id], [ReportId], [FilePath], [UploadedAt]) VALUES (3, 3, N'/UploadFile/Report_3/c8fd38b0-8e0a-41be-a289-14ef9e86145c.docx', CAST(N'2025-08-14T21:07:19.917' AS DateTime))
INSERT [dbo].[ReportFile] ([Id], [ReportId], [FilePath], [UploadedAt]) VALUES (4, 4, N'/UploadFile/Report_4/aaf8e839-e40f-4c52-a5d8-774e2f16bbb5.pdf', CAST(N'2025-08-14T21:07:44.567' AS DateTime))
INSERT [dbo].[ReportFile] ([Id], [ReportId], [FilePath], [UploadedAt]) VALUES (5, 5, N'/UploadFile/Report_5/662ae004-7686-42a2-9281-bf69a476727b.pdf', CAST(N'2025-08-14T21:14:27.003' AS DateTime))
INSERT [dbo].[ReportFile] ([Id], [ReportId], [FilePath], [UploadedAt]) VALUES (6, 6, N'/UploadFile/Report_6/4a62b971-7d60-4f84-b8b9-6cbfe6dd056d.pdf', CAST(N'2025-08-14T21:16:04.380' AS DateTime))
INSERT [dbo].[ReportFile] ([Id], [ReportId], [FilePath], [UploadedAt]) VALUES (7, 7, N'/UploadFile/Report_7/8b594d58-35f6-4128-a2fc-3afd25d832ec.pdf', CAST(N'2025-08-14T21:22:55.420' AS DateTime))
SET IDENTITY_INSERT [dbo].[ReportFile] OFF
GO
INSERT [dbo].[ReportStatus] ([Id], [Name]) VALUES (1, N'summit')
INSERT [dbo].[ReportStatus] ([Id], [Name]) VALUES (2, N'reject')
INSERT [dbo].[ReportStatus] ([Id], [Name]) VALUES (3, N'approve')
INSERT [dbo].[ReportStatus] ([Id], [Name]) VALUES (4, N'process')
INSERT [dbo].[ReportStatus] ([Id], [Name]) VALUES (5, N'created')
INSERT [dbo].[ReportStatus] ([Id], [Name]) VALUES (6, N'reviewing')
INSERT [dbo].[ReportStatus] ([Id], [Name]) VALUES (7, N'done')
INSERT [dbo].[ReportStatus] ([Id], [Name]) VALUES (8, N'published')
GO
SET IDENTITY_INSERT [dbo].[Role] ON 

INSERT [dbo].[Role] ([Id], [Name]) VALUES (1, N'Admin')
INSERT [dbo].[Role] ([Id], [Name]) VALUES (2, N'Manager')
INSERT [dbo].[Role] ([Id], [Name]) VALUES (3, N'Marketer')
INSERT [dbo].[Role] ([Id], [Name]) VALUES (4, N'Finance Manager')
INSERT [dbo].[Role] ([Id], [Name]) VALUES (5, N'Instructor')
INSERT [dbo].[Role] ([Id], [Name]) VALUES (6, N'Pupil')
INSERT [dbo].[Role] ([Id], [Name]) VALUES (7, N'Parent')
SET IDENTITY_INSERT [dbo].[Role] OFF
GO
SET IDENTITY_INSERT [dbo].[StudentCourse] ON 

INSERT [dbo].[StudentCourse] ([StudentCourseId], [PupilId], [CourseId], [Status]) VALUES (1, 32, 1, 2)
INSERT [dbo].[StudentCourse] ([StudentCourseId], [PupilId], [CourseId], [Status]) VALUES (2, 32, 2, 1)
INSERT [dbo].[StudentCourse] ([StudentCourseId], [PupilId], [CourseId], [Status]) VALUES (8, 1, 12, 1)
INSERT [dbo].[StudentCourse] ([StudentCourseId], [PupilId], [CourseId], [Status]) VALUES (9, 33, 1, 1)
INSERT [dbo].[StudentCourse] ([StudentCourseId], [PupilId], [CourseId], [Status]) VALUES (10, 33, 3, 3)
INSERT [dbo].[StudentCourse] ([StudentCourseId], [PupilId], [CourseId], [Status]) VALUES (11, 33, 4, 1)
INSERT [dbo].[StudentCourse] ([StudentCourseId], [PupilId], [CourseId], [Status]) VALUES (12, 33, 5, 1)
INSERT [dbo].[StudentCourse] ([StudentCourseId], [PupilId], [CourseId], [Status]) VALUES (13, 33, 6, 1)
INSERT [dbo].[StudentCourse] ([StudentCourseId], [PupilId], [CourseId], [Status]) VALUES (14, 33, 7, 1)
INSERT [dbo].[StudentCourse] ([StudentCourseId], [PupilId], [CourseId], [Status]) VALUES (15, 35, 3, 3)
INSERT [dbo].[StudentCourse] ([StudentCourseId], [PupilId], [CourseId], [Status]) VALUES (16, 35, 2, 1)
INSERT [dbo].[StudentCourse] ([StudentCourseId], [PupilId], [CourseId], [Status]) VALUES (17, 35, 4, 1)
INSERT [dbo].[StudentCourse] ([StudentCourseId], [PupilId], [CourseId], [Status]) VALUES (18, 35, 5, 1)
INSERT [dbo].[StudentCourse] ([StudentCourseId], [PupilId], [CourseId], [Status]) VALUES (19, 35, 6, 1)
INSERT [dbo].[StudentCourse] ([StudentCourseId], [PupilId], [CourseId], [Status]) VALUES (20, 35, 7, 1)
INSERT [dbo].[StudentCourse] ([StudentCourseId], [PupilId], [CourseId], [Status]) VALUES (21, 35, 8, 4)
INSERT [dbo].[StudentCourse] ([StudentCourseId], [PupilId], [CourseId], [Status]) VALUES (22, 35, 9, 1)
INSERT [dbo].[StudentCourse] ([StudentCourseId], [PupilId], [CourseId], [Status]) VALUES (23, 35, 10, 3)
INSERT [dbo].[StudentCourse] ([StudentCourseId], [PupilId], [CourseId], [Status]) VALUES (24, 35, 11, 3)
INSERT [dbo].[StudentCourse] ([StudentCourseId], [PupilId], [CourseId], [Status]) VALUES (25, 35, 12, 4)
INSERT [dbo].[StudentCourse] ([StudentCourseId], [PupilId], [CourseId], [Status]) VALUES (26, 35, 13, 4)
INSERT [dbo].[StudentCourse] ([StudentCourseId], [PupilId], [CourseId], [Status]) VALUES (27, 32, 10, 4)
INSERT [dbo].[StudentCourse] ([StudentCourseId], [PupilId], [CourseId], [Status]) VALUES (28, 32, 11, 4)
INSERT [dbo].[StudentCourse] ([StudentCourseId], [PupilId], [CourseId], [Status]) VALUES (29, 32, 3, 3)
INSERT [dbo].[StudentCourse] ([StudentCourseId], [PupilId], [CourseId], [Status]) VALUES (30, 32, 4, 4)
INSERT [dbo].[StudentCourse] ([StudentCourseId], [PupilId], [CourseId], [Status]) VALUES (31, 39, 1, 4)
INSERT [dbo].[StudentCourse] ([StudentCourseId], [PupilId], [CourseId], [Status]) VALUES (32, 39, 3, 4)
INSERT [dbo].[StudentCourse] ([StudentCourseId], [PupilId], [CourseId], [Status]) VALUES (33, 38, 1, 4)
INSERT [dbo].[StudentCourse] ([StudentCourseId], [PupilId], [CourseId], [Status]) VALUES (34, 34, 1, 4)
INSERT [dbo].[StudentCourse] ([StudentCourseId], [PupilId], [CourseId], [Status]) VALUES (35, 38, 3, 3)
INSERT [dbo].[StudentCourse] ([StudentCourseId], [PupilId], [CourseId], [Status]) VALUES (36, 38, 11, 4)
INSERT [dbo].[StudentCourse] ([StudentCourseId], [PupilId], [CourseId], [Status]) VALUES (37, 38, 10, 1)
INSERT [dbo].[StudentCourse] ([StudentCourseId], [PupilId], [CourseId], [Status]) VALUES (38, 41, 3, 2)
INSERT [dbo].[StudentCourse] ([StudentCourseId], [PupilId], [CourseId], [Status]) VALUES (39, 41, 1, 2)
INSERT [dbo].[StudentCourse] ([StudentCourseId], [PupilId], [CourseId], [Status]) VALUES (40, 41, 13, 2)
INSERT [dbo].[StudentCourse] ([StudentCourseId], [PupilId], [CourseId], [Status]) VALUES (41, 41, 2, 2)
INSERT [dbo].[StudentCourse] ([StudentCourseId], [PupilId], [CourseId], [Status]) VALUES (42, 42, 3, 2)
INSERT [dbo].[StudentCourse] ([StudentCourseId], [PupilId], [CourseId], [Status]) VALUES (43, 42, 1, 2)
INSERT [dbo].[StudentCourse] ([StudentCourseId], [PupilId], [CourseId], [Status]) VALUES (44, 43, 3, 2)
INSERT [dbo].[StudentCourse] ([StudentCourseId], [PupilId], [CourseId], [Status]) VALUES (45, 43, 1, 2)
INSERT [dbo].[StudentCourse] ([StudentCourseId], [PupilId], [CourseId], [Status]) VALUES (46, 44, 3, 2)
INSERT [dbo].[StudentCourse] ([StudentCourseId], [PupilId], [CourseId], [Status]) VALUES (47, 44, 1, 2)
INSERT [dbo].[StudentCourse] ([StudentCourseId], [PupilId], [CourseId], [Status]) VALUES (48, 45, 1, 2)
INSERT [dbo].[StudentCourse] ([StudentCourseId], [PupilId], [CourseId], [Status]) VALUES (49, 45, 3, 2)
INSERT [dbo].[StudentCourse] ([StudentCourseId], [PupilId], [CourseId], [Status]) VALUES (50, 46, 1, 2)
INSERT [dbo].[StudentCourse] ([StudentCourseId], [PupilId], [CourseId], [Status]) VALUES (51, 46, 3, 2)
INSERT [dbo].[StudentCourse] ([StudentCourseId], [PupilId], [CourseId], [Status]) VALUES (52, 47, 1, 2)
INSERT [dbo].[StudentCourse] ([StudentCourseId], [PupilId], [CourseId], [Status]) VALUES (53, 47, 3, 2)
INSERT [dbo].[StudentCourse] ([StudentCourseId], [PupilId], [CourseId], [Status]) VALUES (54, 48, 3, 3)
INSERT [dbo].[StudentCourse] ([StudentCourseId], [PupilId], [CourseId], [Status]) VALUES (55, 49, 3, 2)
INSERT [dbo].[StudentCourse] ([StudentCourseId], [PupilId], [CourseId], [Status]) VALUES (56, 50, 3, 3)
INSERT [dbo].[StudentCourse] ([StudentCourseId], [PupilId], [CourseId], [Status]) VALUES (57, 51, 3, 3)
INSERT [dbo].[StudentCourse] ([StudentCourseId], [PupilId], [CourseId], [Status]) VALUES (58, 50, 1, 2)
INSERT [dbo].[StudentCourse] ([StudentCourseId], [PupilId], [CourseId], [Status]) VALUES (59, 51, 1, 2)
INSERT [dbo].[StudentCourse] ([StudentCourseId], [PupilId], [CourseId], [Status]) VALUES (60, 52, 3, 3)
INSERT [dbo].[StudentCourse] ([StudentCourseId], [PupilId], [CourseId], [Status]) VALUES (61, 51, 4, 1)
INSERT [dbo].[StudentCourse] ([StudentCourseId], [PupilId], [CourseId], [Status]) VALUES (62, 52, 10, 2)
INSERT [dbo].[StudentCourse] ([StudentCourseId], [PupilId], [CourseId], [Status]) VALUES (63, 52, 1, 4)
INSERT [dbo].[StudentCourse] ([StudentCourseId], [PupilId], [CourseId], [Status]) VALUES (64, 55, 1, 2)
INSERT [dbo].[StudentCourse] ([StudentCourseId], [PupilId], [CourseId], [Status]) VALUES (65, 56, 3, 2)
SET IDENTITY_INSERT [dbo].[StudentCourse] OFF
GO
SET IDENTITY_INSERT [dbo].[Topic] ON 

INSERT [dbo].[Topic] ([Id], [Name], [CreatedDate], [UpdatedDate], [ClassId], [CategoryId]) VALUES (2, N'Tập hợp và Mệnh đề', CAST(N'2025-06-12' AS Date), CAST(N'2025-07-22' AS Date), 1, 1)
INSERT [dbo].[Topic] ([Id], [Name], [CreatedDate], [UpdatedDate], [ClassId], [CategoryId]) VALUES (4, N'Bất phương trình và Hệ bất phương trình', CAST(N'2025-06-12' AS Date), CAST(N'2025-06-17' AS Date), 1, 1)
INSERT [dbo].[Topic] ([Id], [Name], [CreatedDate], [UpdatedDate], [ClassId], [CategoryId]) VALUES (5, N'Hệ thức lượng tỏng tam giấc', CAST(N'2025-06-12' AS Date), CAST(N'2025-06-17' AS Date), 1, 1)
INSERT [dbo].[Topic] ([Id], [Name], [CreatedDate], [UpdatedDate], [ClassId], [CategoryId]) VALUES (6, N'Vecto', CAST(N'2025-06-12' AS Date), CAST(N'2025-06-17' AS Date), 1, 1)
INSERT [dbo].[Topic] ([Id], [Name], [CreatedDate], [UpdatedDate], [ClassId], [CategoryId]) VALUES (7, N'Hàm số, đồ thị, ứng dụng', CAST(N'2025-06-12' AS Date), CAST(N'2025-06-17' AS Date), 1, 1)
INSERT [dbo].[Topic] ([Id], [Name], [CreatedDate], [UpdatedDate], [ClassId], [CategoryId]) VALUES (8, N'Tọa độ trong mặt phảng', CAST(N'2025-06-12' AS Date), CAST(N'2025-06-17' AS Date), 1, 1)
INSERT [dbo].[Topic] ([Id], [Name], [CreatedDate], [UpdatedDate], [ClassId], [CategoryId]) VALUES (9, N'Đại số tổ hợp', CAST(N'2025-06-12' AS Date), CAST(N'2025-06-17' AS Date), 1, 1)
INSERT [dbo].[Topic] ([Id], [Name], [CreatedDate], [UpdatedDate], [ClassId], [CategoryId]) VALUES (10, N'Xác suất cổ điển', CAST(N'2025-06-12' AS Date), CAST(N'2025-06-17' AS Date), 1, 1)
INSERT [dbo].[Topic] ([Id], [Name], [CreatedDate], [UpdatedDate], [ClassId], [CategoryId]) VALUES (11, N'Hàm số, phương trình lượng giác', CAST(N'2025-06-12' AS Date), CAST(N'2025-06-17' AS Date), 2, 1)
INSERT [dbo].[Topic] ([Id], [Name], [CreatedDate], [UpdatedDate], [ClassId], [CategoryId]) VALUES (12, N'Tổ hợp - Xác suất', CAST(N'2025-06-12' AS Date), CAST(N'2025-06-17' AS Date), 2, 1)
INSERT [dbo].[Topic] ([Id], [Name], [CreatedDate], [UpdatedDate], [ClassId], [CategoryId]) VALUES (14, N'Cấp số cộng, cấp số nhân', CAST(N'2025-06-12' AS Date), CAST(N'2025-06-17' AS Date), 2, 1)
INSERT [dbo].[Topic] ([Id], [Name], [CreatedDate], [UpdatedDate], [ClassId], [CategoryId]) VALUES (15, N'Giới hạn', CAST(N'2025-06-12' AS Date), CAST(N'2025-06-17' AS Date), 2, 1)
INSERT [dbo].[Topic] ([Id], [Name], [CreatedDate], [UpdatedDate], [ClassId], [CategoryId]) VALUES (16, N'Đạo hàm', CAST(N'2025-06-12' AS Date), CAST(N'2025-06-17' AS Date), 2, 1)
INSERT [dbo].[Topic] ([Id], [Name], [CreatedDate], [UpdatedDate], [ClassId], [CategoryId]) VALUES (18, N'Đồng dạng trong mặt phẳng', CAST(N'2025-06-12' AS Date), CAST(N'2025-06-17' AS Date), 2, 1)
INSERT [dbo].[Topic] ([Id], [Name], [CreatedDate], [UpdatedDate], [ClassId], [CategoryId]) VALUES (19, N'Đường thẳng/ Mặt phẳng không gian ', CAST(N'2025-06-12' AS Date), CAST(N'2025-06-17' AS Date), 2, 1)
INSERT [dbo].[Topic] ([Id], [Name], [CreatedDate], [UpdatedDate], [ClassId], [CategoryId]) VALUES (20, N'Vecto trong không gian', CAST(N'2025-06-12' AS Date), CAST(N'2025-06-17' AS Date), 2, 1)
INSERT [dbo].[Topic] ([Id], [Name], [CreatedDate], [UpdatedDate], [ClassId], [CategoryId]) VALUES (21, N'Cực trị', CAST(N'2025-06-12' AS Date), CAST(N'2025-06-17' AS Date), 3, 1)
INSERT [dbo].[Topic] ([Id], [Name], [CreatedDate], [UpdatedDate], [ClassId], [CategoryId]) VALUES (22, N'Vecto hệ trục không gian', CAST(N'2025-06-12' AS Date), CAST(N'2025-06-17' AS Date), 3, 1)
INSERT [dbo].[Topic] ([Id], [Name], [CreatedDate], [UpdatedDate], [ClassId], [CategoryId]) VALUES (23, N'Nguyên hàm/ tích phân', CAST(N'2025-06-12' AS Date), CAST(N'2025-06-17' AS Date), 3, 1)
INSERT [dbo].[Topic] ([Id], [Name], [CreatedDate], [UpdatedDate], [ClassId], [CategoryId]) VALUES (24, N'Tọa độ không gian ', CAST(N'2025-06-12' AS Date), CAST(N'2025-06-17' AS Date), 3, 1)
INSERT [dbo].[Topic] ([Id], [Name], [CreatedDate], [UpdatedDate], [ClassId], [CategoryId]) VALUES (25, N'Động học chất điểm', CAST(N'2025-06-12' AS Date), CAST(N'2025-06-17' AS Date), 1, 4)
INSERT [dbo].[Topic] ([Id], [Name], [CreatedDate], [UpdatedDate], [ClassId], [CategoryId]) VALUES (28, N'Động lực học chất điểm', CAST(N'2025-06-12' AS Date), CAST(N'2025-06-17' AS Date), 1, 4)
INSERT [dbo].[Topic] ([Id], [Name], [CreatedDate], [UpdatedDate], [ClassId], [CategoryId]) VALUES (29, N'Tĩnh học vật rắn', CAST(N'2025-06-12' AS Date), CAST(N'2025-06-17' AS Date), 1, 4)
INSERT [dbo].[Topic] ([Id], [Name], [CreatedDate], [UpdatedDate], [ClassId], [CategoryId]) VALUES (30, N'Các định luật bảo toàn', CAST(N'2025-06-12' AS Date), CAST(N'2025-06-17' AS Date), 1, 4)
INSERT [dbo].[Topic] ([Id], [Name], [CreatedDate], [UpdatedDate], [ClassId], [CategoryId]) VALUES (31, N'Cơ học chất lưu', CAST(N'2025-06-12' AS Date), CAST(N'2025-06-17' AS Date), 1, 4)
INSERT [dbo].[Topic] ([Id], [Name], [CreatedDate], [UpdatedDate], [ClassId], [CategoryId]) VALUES (32, N'Chất khí, rắn, lỏng', CAST(N'2025-06-12' AS Date), CAST(N'2025-06-17' AS Date), 1, 4)
INSERT [dbo].[Topic] ([Id], [Name], [CreatedDate], [UpdatedDate], [ClassId], [CategoryId]) VALUES (33, N'Nhiệt động lực học', CAST(N'2025-06-12' AS Date), CAST(N'2025-06-17' AS Date), 2, 4)
INSERT [dbo].[Topic] ([Id], [Name], [CreatedDate], [UpdatedDate], [ClassId], [CategoryId]) VALUES (34, N'Điện tích điện trường ', CAST(N'2025-06-12' AS Date), CAST(N'2025-06-17' AS Date), 2, 4)
INSERT [dbo].[Topic] ([Id], [Name], [CreatedDate], [UpdatedDate], [ClassId], [CategoryId]) VALUES (35, N'Dòng điện không đổi', CAST(N'2025-06-12' AS Date), CAST(N'2025-06-17' AS Date), 2, 4)
INSERT [dbo].[Topic] ([Id], [Name], [CreatedDate], [UpdatedDate], [ClassId], [CategoryId]) VALUES (36, N'Dòng điện trong các môi trường', CAST(N'2025-06-12' AS Date), CAST(N'2025-06-17' AS Date), 2, 4)
INSERT [dbo].[Topic] ([Id], [Name], [CreatedDate], [UpdatedDate], [ClassId], [CategoryId]) VALUES (37, N'Từ trường ', CAST(N'2025-06-12' AS Date), CAST(N'2025-06-17' AS Date), 2, 4)
INSERT [dbo].[Topic] ([Id], [Name], [CreatedDate], [UpdatedDate], [ClassId], [CategoryId]) VALUES (38, N'Cảm ứng điện từ', CAST(N'2025-06-12' AS Date), CAST(N'2025-06-17' AS Date), 2, 4)
INSERT [dbo].[Topic] ([Id], [Name], [CreatedDate], [UpdatedDate], [ClassId], [CategoryId]) VALUES (39, N'Khúc xạ ánh sáng', CAST(N'2025-06-12' AS Date), CAST(N'2025-06-17' AS Date), 2, 4)
INSERT [dbo].[Topic] ([Id], [Name], [CreatedDate], [UpdatedDate], [ClassId], [CategoryId]) VALUES (40, N'Dao động cơ', CAST(N'2025-06-12' AS Date), CAST(N'2025-06-17' AS Date), 3, 4)
INSERT [dbo].[Topic] ([Id], [Name], [CreatedDate], [UpdatedDate], [ClassId], [CategoryId]) VALUES (41, N'Sóng cơ', CAST(N'2025-06-12' AS Date), CAST(N'2025-06-17' AS Date), 3, 4)
INSERT [dbo].[Topic] ([Id], [Name], [CreatedDate], [UpdatedDate], [ClassId], [CategoryId]) VALUES (42, N'Điện xoay chiều', CAST(N'2025-06-12' AS Date), CAST(N'2025-06-17' AS Date), 3, 4)
INSERT [dbo].[Topic] ([Id], [Name], [CreatedDate], [UpdatedDate], [ClassId], [CategoryId]) VALUES (43, N'Dao động và sóng điện từ', CAST(N'2025-06-12' AS Date), CAST(N'2025-06-17' AS Date), 3, 4)
INSERT [dbo].[Topic] ([Id], [Name], [CreatedDate], [UpdatedDate], [ClassId], [CategoryId]) VALUES (44, N'Sóng ánh sáng', CAST(N'2025-06-12' AS Date), CAST(N'2025-06-17' AS Date), 3, 4)
INSERT [dbo].[Topic] ([Id], [Name], [CreatedDate], [UpdatedDate], [ClassId], [CategoryId]) VALUES (45, N'Lượng tử ánh sáng', CAST(N'2025-06-12' AS Date), CAST(N'2025-06-17' AS Date), 3, 4)
INSERT [dbo].[Topic] ([Id], [Name], [CreatedDate], [UpdatedDate], [ClassId], [CategoryId]) VALUES (46, N'Vật lý hạt nhân', CAST(N'2025-06-12' AS Date), CAST(N'2025-06-17' AS Date), 3, 4)
INSERT [dbo].[Topic] ([Id], [Name], [CreatedDate], [UpdatedDate], [ClassId], [CategoryId]) VALUES (47, N'Nghị luận xã hội', CAST(N'2025-07-22' AS Date), NULL, 3, 2)
INSERT [dbo].[Topic] ([Id], [Name], [CreatedDate], [UpdatedDate], [ClassId], [CategoryId]) VALUES (48, N'Nghị luận văn học', CAST(N'2025-07-22' AS Date), NULL, 3, 2)
SET IDENTITY_INSERT [dbo].[Topic] OFF
GO
SET IDENTITY_INSERT [dbo].[UserAnswer] ON 

INSERT [dbo].[UserAnswer] ([Id], [UserQuizzId], [QuestionId], [AnswerId], [AnswerAt], [IsCorrect]) VALUES (1, 1, 5, 20, CAST(N'2025-07-09T16:47:55.923' AS DateTime), 0)
INSERT [dbo].[UserAnswer] ([Id], [UserQuizzId], [QuestionId], [AnswerId], [AnswerAt], [IsCorrect]) VALUES (2, 1, 17, 67, CAST(N'2025-07-09T16:47:55.930' AS DateTime), 0)
INSERT [dbo].[UserAnswer] ([Id], [UserQuizzId], [QuestionId], [AnswerId], [AnswerAt], [IsCorrect]) VALUES (3, 1, 21, 83, CAST(N'2025-07-09T16:47:55.937' AS DateTime), 0)
INSERT [dbo].[UserAnswer] ([Id], [UserQuizzId], [QuestionId], [AnswerId], [AnswerAt], [IsCorrect]) VALUES (4, 1, 18, 71, CAST(N'2025-07-09T16:47:55.940' AS DateTime), 0)
INSERT [dbo].[UserAnswer] ([Id], [UserQuizzId], [QuestionId], [AnswerId], [AnswerAt], [IsCorrect]) VALUES (5, 1, 27, 106, CAST(N'2025-07-09T16:47:55.943' AS DateTime), 0)
INSERT [dbo].[UserAnswer] ([Id], [UserQuizzId], [QuestionId], [AnswerId], [AnswerAt], [IsCorrect]) VALUES (6, 2, 30, NULL, NULL, NULL)
INSERT [dbo].[UserAnswer] ([Id], [UserQuizzId], [QuestionId], [AnswerId], [AnswerAt], [IsCorrect]) VALUES (7, 2, 1, NULL, NULL, NULL)
INSERT [dbo].[UserAnswer] ([Id], [UserQuizzId], [QuestionId], [AnswerId], [AnswerAt], [IsCorrect]) VALUES (8, 2, 29, NULL, NULL, NULL)
INSERT [dbo].[UserAnswer] ([Id], [UserQuizzId], [QuestionId], [AnswerId], [AnswerAt], [IsCorrect]) VALUES (9, 2, 9, NULL, NULL, NULL)
INSERT [dbo].[UserAnswer] ([Id], [UserQuizzId], [QuestionId], [AnswerId], [AnswerAt], [IsCorrect]) VALUES (10, 2, 4, NULL, NULL, NULL)
INSERT [dbo].[UserAnswer] ([Id], [UserQuizzId], [QuestionId], [AnswerId], [AnswerAt], [IsCorrect]) VALUES (11, 3, 8, NULL, NULL, NULL)
INSERT [dbo].[UserAnswer] ([Id], [UserQuizzId], [QuestionId], [AnswerId], [AnswerAt], [IsCorrect]) VALUES (12, 3, 18, NULL, NULL, NULL)
INSERT [dbo].[UserAnswer] ([Id], [UserQuizzId], [QuestionId], [AnswerId], [AnswerAt], [IsCorrect]) VALUES (13, 3, 20, NULL, NULL, NULL)
INSERT [dbo].[UserAnswer] ([Id], [UserQuizzId], [QuestionId], [AnswerId], [AnswerAt], [IsCorrect]) VALUES (14, 3, 5, NULL, NULL, NULL)
INSERT [dbo].[UserAnswer] ([Id], [UserQuizzId], [QuestionId], [AnswerId], [AnswerAt], [IsCorrect]) VALUES (15, 3, 10, NULL, NULL, NULL)
INSERT [dbo].[UserAnswer] ([Id], [UserQuizzId], [QuestionId], [AnswerId], [AnswerAt], [IsCorrect]) VALUES (16, 5, 61, NULL, NULL, NULL)
INSERT [dbo].[UserAnswer] ([Id], [UserQuizzId], [QuestionId], [AnswerId], [AnswerAt], [IsCorrect]) VALUES (17, 5, 74, NULL, NULL, NULL)
INSERT [dbo].[UserAnswer] ([Id], [UserQuizzId], [QuestionId], [AnswerId], [AnswerAt], [IsCorrect]) VALUES (18, 5, 63, NULL, NULL, NULL)
INSERT [dbo].[UserAnswer] ([Id], [UserQuizzId], [QuestionId], [AnswerId], [AnswerAt], [IsCorrect]) VALUES (19, 5, 77, NULL, NULL, NULL)
INSERT [dbo].[UserAnswer] ([Id], [UserQuizzId], [QuestionId], [AnswerId], [AnswerAt], [IsCorrect]) VALUES (20, 5, 82, NULL, NULL, NULL)
INSERT [dbo].[UserAnswer] ([Id], [UserQuizzId], [QuestionId], [AnswerId], [AnswerAt], [IsCorrect]) VALUES (21, 5, 70, NULL, NULL, NULL)
INSERT [dbo].[UserAnswer] ([Id], [UserQuizzId], [QuestionId], [AnswerId], [AnswerAt], [IsCorrect]) VALUES (22, 5, 80, NULL, NULL, NULL)
INSERT [dbo].[UserAnswer] ([Id], [UserQuizzId], [QuestionId], [AnswerId], [AnswerAt], [IsCorrect]) VALUES (23, 5, 75, NULL, NULL, NULL)
INSERT [dbo].[UserAnswer] ([Id], [UserQuizzId], [QuestionId], [AnswerId], [AnswerAt], [IsCorrect]) VALUES (24, 5, 73, NULL, NULL, NULL)
INSERT [dbo].[UserAnswer] ([Id], [UserQuizzId], [QuestionId], [AnswerId], [AnswerAt], [IsCorrect]) VALUES (25, 5, 69, NULL, NULL, NULL)
INSERT [dbo].[UserAnswer] ([Id], [UserQuizzId], [QuestionId], [AnswerId], [AnswerAt], [IsCorrect]) VALUES (26, 6, 80, 317, CAST(N'2025-07-29T15:17:07.073' AS DateTime), 1)
INSERT [dbo].[UserAnswer] ([Id], [UserQuizzId], [QuestionId], [AnswerId], [AnswerAt], [IsCorrect]) VALUES (27, 6, 103, 409, CAST(N'2025-07-29T15:17:07.087' AS DateTime), 1)
INSERT [dbo].[UserAnswer] ([Id], [UserQuizzId], [QuestionId], [AnswerId], [AnswerAt], [IsCorrect]) VALUES (28, 6, 118, 469, CAST(N'2025-07-29T15:17:07.093' AS DateTime), 1)
INSERT [dbo].[UserAnswer] ([Id], [UserQuizzId], [QuestionId], [AnswerId], [AnswerAt], [IsCorrect]) VALUES (29, 6, 37, 145, CAST(N'2025-07-29T15:17:07.097' AS DateTime), 1)
INSERT [dbo].[UserAnswer] ([Id], [UserQuizzId], [QuestionId], [AnswerId], [AnswerAt], [IsCorrect]) VALUES (30, 6, 102, 405, CAST(N'2025-07-29T15:17:07.100' AS DateTime), 1)
INSERT [dbo].[UserAnswer] ([Id], [UserQuizzId], [QuestionId], [AnswerId], [AnswerAt], [IsCorrect]) VALUES (31, 6, 124, 493, CAST(N'2025-07-29T15:17:07.103' AS DateTime), 1)
INSERT [dbo].[UserAnswer] ([Id], [UserQuizzId], [QuestionId], [AnswerId], [AnswerAt], [IsCorrect]) VALUES (32, 6, 19, 73, CAST(N'2025-07-29T15:17:07.110' AS DateTime), 1)
INSERT [dbo].[UserAnswer] ([Id], [UserQuizzId], [QuestionId], [AnswerId], [AnswerAt], [IsCorrect]) VALUES (33, 6, 59, 233, CAST(N'2025-07-29T15:17:07.113' AS DateTime), 1)
INSERT [dbo].[UserAnswer] ([Id], [UserQuizzId], [QuestionId], [AnswerId], [AnswerAt], [IsCorrect]) VALUES (34, 6, 18, 69, CAST(N'2025-07-29T15:17:07.117' AS DateTime), 1)
INSERT [dbo].[UserAnswer] ([Id], [UserQuizzId], [QuestionId], [AnswerId], [AnswerAt], [IsCorrect]) VALUES (35, 6, 61, 241, CAST(N'2025-07-29T15:17:07.123' AS DateTime), 1)
INSERT [dbo].[UserAnswer] ([Id], [UserQuizzId], [QuestionId], [AnswerId], [AnswerAt], [IsCorrect]) VALUES (36, 7, 39, 153, CAST(N'2025-07-29T16:32:49.040' AS DateTime), 1)
INSERT [dbo].[UserAnswer] ([Id], [UserQuizzId], [QuestionId], [AnswerId], [AnswerAt], [IsCorrect]) VALUES (37, 7, 57, 225, CAST(N'2025-07-29T16:32:49.053' AS DateTime), 1)
INSERT [dbo].[UserAnswer] ([Id], [UserQuizzId], [QuestionId], [AnswerId], [AnswerAt], [IsCorrect]) VALUES (38, 7, 35, 137, CAST(N'2025-07-29T16:32:49.057' AS DateTime), 1)
INSERT [dbo].[UserAnswer] ([Id], [UserQuizzId], [QuestionId], [AnswerId], [AnswerAt], [IsCorrect]) VALUES (39, 7, 37, 145, CAST(N'2025-07-29T16:32:49.060' AS DateTime), 1)
INSERT [dbo].[UserAnswer] ([Id], [UserQuizzId], [QuestionId], [AnswerId], [AnswerAt], [IsCorrect]) VALUES (40, 7, 36, 141, CAST(N'2025-07-29T16:32:49.063' AS DateTime), 1)
INSERT [dbo].[UserAnswer] ([Id], [UserQuizzId], [QuestionId], [AnswerId], [AnswerAt], [IsCorrect]) VALUES (41, 8, 106, NULL, NULL, NULL)
INSERT [dbo].[UserAnswer] ([Id], [UserQuizzId], [QuestionId], [AnswerId], [AnswerAt], [IsCorrect]) VALUES (42, 8, 119, NULL, NULL, NULL)
INSERT [dbo].[UserAnswer] ([Id], [UserQuizzId], [QuestionId], [AnswerId], [AnswerAt], [IsCorrect]) VALUES (43, 8, 92, NULL, NULL, NULL)
INSERT [dbo].[UserAnswer] ([Id], [UserQuizzId], [QuestionId], [AnswerId], [AnswerAt], [IsCorrect]) VALUES (44, 8, 118, NULL, NULL, NULL)
INSERT [dbo].[UserAnswer] ([Id], [UserQuizzId], [QuestionId], [AnswerId], [AnswerAt], [IsCorrect]) VALUES (45, 8, 103, NULL, NULL, NULL)
INSERT [dbo].[UserAnswer] ([Id], [UserQuizzId], [QuestionId], [AnswerId], [AnswerAt], [IsCorrect]) VALUES (46, 9, 99, 393, CAST(N'2025-07-29T16:54:42.600' AS DateTime), 1)
INSERT [dbo].[UserAnswer] ([Id], [UserQuizzId], [QuestionId], [AnswerId], [AnswerAt], [IsCorrect]) VALUES (47, 9, 110, 437, CAST(N'2025-07-29T16:54:42.613' AS DateTime), 1)
INSERT [dbo].[UserAnswer] ([Id], [UserQuizzId], [QuestionId], [AnswerId], [AnswerAt], [IsCorrect]) VALUES (48, 9, 116, 461, CAST(N'2025-07-29T16:54:42.617' AS DateTime), 1)
INSERT [dbo].[UserAnswer] ([Id], [UserQuizzId], [QuestionId], [AnswerId], [AnswerAt], [IsCorrect]) VALUES (49, 9, 108, 429, CAST(N'2025-07-29T16:54:42.620' AS DateTime), 1)
INSERT [dbo].[UserAnswer] ([Id], [UserQuizzId], [QuestionId], [AnswerId], [AnswerAt], [IsCorrect]) VALUES (50, 9, 115, 457, CAST(N'2025-07-29T16:54:42.627' AS DateTime), 1)
INSERT [dbo].[UserAnswer] ([Id], [UserQuizzId], [QuestionId], [AnswerId], [AnswerAt], [IsCorrect]) VALUES (51, 10, 98, 389, CAST(N'2025-07-29T17:00:19.333' AS DateTime), 1)
INSERT [dbo].[UserAnswer] ([Id], [UserQuizzId], [QuestionId], [AnswerId], [AnswerAt], [IsCorrect]) VALUES (52, 10, 102, 405, CAST(N'2025-07-29T17:00:19.347' AS DateTime), 1)
INSERT [dbo].[UserAnswer] ([Id], [UserQuizzId], [QuestionId], [AnswerId], [AnswerAt], [IsCorrect]) VALUES (53, 10, 105, 417, CAST(N'2025-07-29T17:00:19.350' AS DateTime), 1)
INSERT [dbo].[UserAnswer] ([Id], [UserQuizzId], [QuestionId], [AnswerId], [AnswerAt], [IsCorrect]) VALUES (54, 10, 115, 457, CAST(N'2025-07-29T17:00:19.357' AS DateTime), 1)
INSERT [dbo].[UserAnswer] ([Id], [UserQuizzId], [QuestionId], [AnswerId], [AnswerAt], [IsCorrect]) VALUES (55, 10, 113, 449, CAST(N'2025-07-29T17:00:19.360' AS DateTime), 1)
INSERT [dbo].[UserAnswer] ([Id], [UserQuizzId], [QuestionId], [AnswerId], [AnswerAt], [IsCorrect]) VALUES (56, 11, 83, 329, CAST(N'2025-07-29T17:02:52.053' AS DateTime), 1)
INSERT [dbo].[UserAnswer] ([Id], [UserQuizzId], [QuestionId], [AnswerId], [AnswerAt], [IsCorrect]) VALUES (57, 11, 65, 257, CAST(N'2025-07-29T17:02:52.057' AS DateTime), 1)
INSERT [dbo].[UserAnswer] ([Id], [UserQuizzId], [QuestionId], [AnswerId], [AnswerAt], [IsCorrect]) VALUES (58, 11, 90, 357, CAST(N'2025-07-29T17:02:52.060' AS DateTime), 1)
INSERT [dbo].[UserAnswer] ([Id], [UserQuizzId], [QuestionId], [AnswerId], [AnswerAt], [IsCorrect]) VALUES (59, 11, 69, 273, CAST(N'2025-07-29T17:02:52.063' AS DateTime), 1)
INSERT [dbo].[UserAnswer] ([Id], [UserQuizzId], [QuestionId], [AnswerId], [AnswerAt], [IsCorrect]) VALUES (60, 11, 84, 333, CAST(N'2025-07-29T17:02:52.067' AS DateTime), 1)
INSERT [dbo].[UserAnswer] ([Id], [UserQuizzId], [QuestionId], [AnswerId], [AnswerAt], [IsCorrect]) VALUES (61, 12, 100, 397, CAST(N'2025-07-29T22:48:23.007' AS DateTime), 1)
INSERT [dbo].[UserAnswer] ([Id], [UserQuizzId], [QuestionId], [AnswerId], [AnswerAt], [IsCorrect]) VALUES (62, 12, 99, 393, CAST(N'2025-07-29T22:48:23.020' AS DateTime), 1)
INSERT [dbo].[UserAnswer] ([Id], [UserQuizzId], [QuestionId], [AnswerId], [AnswerAt], [IsCorrect]) VALUES (63, 12, 112, 445, CAST(N'2025-07-29T22:48:23.023' AS DateTime), 1)
INSERT [dbo].[UserAnswer] ([Id], [UserQuizzId], [QuestionId], [AnswerId], [AnswerAt], [IsCorrect]) VALUES (64, 12, 97, 385, CAST(N'2025-07-29T22:48:23.027' AS DateTime), 1)
INSERT [dbo].[UserAnswer] ([Id], [UserQuizzId], [QuestionId], [AnswerId], [AnswerAt], [IsCorrect]) VALUES (65, 12, 103, 409, CAST(N'2025-07-29T22:48:23.030' AS DateTime), 1)
INSERT [dbo].[UserAnswer] ([Id], [UserQuizzId], [QuestionId], [AnswerId], [AnswerAt], [IsCorrect]) VALUES (66, 13, 42, 165, CAST(N'2025-07-29T22:49:33.900' AS DateTime), 1)
INSERT [dbo].[UserAnswer] ([Id], [UserQuizzId], [QuestionId], [AnswerId], [AnswerAt], [IsCorrect]) VALUES (67, 13, 54, 213, CAST(N'2025-07-29T22:49:33.903' AS DateTime), 1)
INSERT [dbo].[UserAnswer] ([Id], [UserQuizzId], [QuestionId], [AnswerId], [AnswerAt], [IsCorrect]) VALUES (68, 13, 39, 153, CAST(N'2025-07-29T22:49:33.907' AS DateTime), 1)
INSERT [dbo].[UserAnswer] ([Id], [UserQuizzId], [QuestionId], [AnswerId], [AnswerAt], [IsCorrect]) VALUES (69, 13, 52, 205, CAST(N'2025-07-29T22:49:33.910' AS DateTime), 1)
INSERT [dbo].[UserAnswer] ([Id], [UserQuizzId], [QuestionId], [AnswerId], [AnswerAt], [IsCorrect]) VALUES (70, 13, 36, 141, CAST(N'2025-07-29T22:49:33.913' AS DateTime), 1)
INSERT [dbo].[UserAnswer] ([Id], [UserQuizzId], [QuestionId], [AnswerId], [AnswerAt], [IsCorrect]) VALUES (71, 14, 61, 241, CAST(N'2025-07-29T22:51:05.510' AS DateTime), 1)
INSERT [dbo].[UserAnswer] ([Id], [UserQuizzId], [QuestionId], [AnswerId], [AnswerAt], [IsCorrect]) VALUES (72, 14, 68, 269, CAST(N'2025-07-29T22:51:05.513' AS DateTime), 1)
INSERT [dbo].[UserAnswer] ([Id], [UserQuizzId], [QuestionId], [AnswerId], [AnswerAt], [IsCorrect]) VALUES (73, 14, 78, 309, CAST(N'2025-07-29T22:51:05.517' AS DateTime), 1)
INSERT [dbo].[UserAnswer] ([Id], [UserQuizzId], [QuestionId], [AnswerId], [AnswerAt], [IsCorrect]) VALUES (74, 14, 81, 321, CAST(N'2025-07-29T22:51:05.520' AS DateTime), 1)
INSERT [dbo].[UserAnswer] ([Id], [UserQuizzId], [QuestionId], [AnswerId], [AnswerAt], [IsCorrect]) VALUES (75, 14, 72, 285, CAST(N'2025-07-29T22:51:05.523' AS DateTime), 1)
INSERT [dbo].[UserAnswer] ([Id], [UserQuizzId], [QuestionId], [AnswerId], [AnswerAt], [IsCorrect]) VALUES (76, 15, 106, NULL, NULL, NULL)
INSERT [dbo].[UserAnswer] ([Id], [UserQuizzId], [QuestionId], [AnswerId], [AnswerAt], [IsCorrect]) VALUES (77, 15, 117, NULL, NULL, NULL)
INSERT [dbo].[UserAnswer] ([Id], [UserQuizzId], [QuestionId], [AnswerId], [AnswerAt], [IsCorrect]) VALUES (78, 15, 96, NULL, NULL, NULL)
INSERT [dbo].[UserAnswer] ([Id], [UserQuizzId], [QuestionId], [AnswerId], [AnswerAt], [IsCorrect]) VALUES (79, 15, 118, NULL, NULL, NULL)
INSERT [dbo].[UserAnswer] ([Id], [UserQuizzId], [QuestionId], [AnswerId], [AnswerAt], [IsCorrect]) VALUES (80, 15, 104, NULL, NULL, NULL)
INSERT [dbo].[UserAnswer] ([Id], [UserQuizzId], [QuestionId], [AnswerId], [AnswerAt], [IsCorrect]) VALUES (81, 16, 116, NULL, NULL, NULL)
INSERT [dbo].[UserAnswer] ([Id], [UserQuizzId], [QuestionId], [AnswerId], [AnswerAt], [IsCorrect]) VALUES (82, 16, 104, NULL, NULL, NULL)
INSERT [dbo].[UserAnswer] ([Id], [UserQuizzId], [QuestionId], [AnswerId], [AnswerAt], [IsCorrect]) VALUES (83, 16, 115, NULL, NULL, NULL)
INSERT [dbo].[UserAnswer] ([Id], [UserQuizzId], [QuestionId], [AnswerId], [AnswerAt], [IsCorrect]) VALUES (84, 16, 119, NULL, NULL, NULL)
INSERT [dbo].[UserAnswer] ([Id], [UserQuizzId], [QuestionId], [AnswerId], [AnswerAt], [IsCorrect]) VALUES (85, 16, 117, NULL, NULL, NULL)
INSERT [dbo].[UserAnswer] ([Id], [UserQuizzId], [QuestionId], [AnswerId], [AnswerAt], [IsCorrect]) VALUES (86, 17, 97, NULL, NULL, NULL)
INSERT [dbo].[UserAnswer] ([Id], [UserQuizzId], [QuestionId], [AnswerId], [AnswerAt], [IsCorrect]) VALUES (87, 17, 108, NULL, NULL, NULL)
INSERT [dbo].[UserAnswer] ([Id], [UserQuizzId], [QuestionId], [AnswerId], [AnswerAt], [IsCorrect]) VALUES (88, 17, 104, NULL, NULL, NULL)
INSERT [dbo].[UserAnswer] ([Id], [UserQuizzId], [QuestionId], [AnswerId], [AnswerAt], [IsCorrect]) VALUES (89, 17, 119, NULL, NULL, NULL)
INSERT [dbo].[UserAnswer] ([Id], [UserQuizzId], [QuestionId], [AnswerId], [AnswerAt], [IsCorrect]) VALUES (90, 17, 96, NULL, NULL, NULL)
INSERT [dbo].[UserAnswer] ([Id], [UserQuizzId], [QuestionId], [AnswerId], [AnswerAt], [IsCorrect]) VALUES (91, 18, 111, NULL, NULL, NULL)
INSERT [dbo].[UserAnswer] ([Id], [UserQuizzId], [QuestionId], [AnswerId], [AnswerAt], [IsCorrect]) VALUES (92, 18, 110, NULL, NULL, NULL)
INSERT [dbo].[UserAnswer] ([Id], [UserQuizzId], [QuestionId], [AnswerId], [AnswerAt], [IsCorrect]) VALUES (93, 18, 107, NULL, NULL, NULL)
INSERT [dbo].[UserAnswer] ([Id], [UserQuizzId], [QuestionId], [AnswerId], [AnswerAt], [IsCorrect]) VALUES (94, 18, 109, NULL, NULL, NULL)
INSERT [dbo].[UserAnswer] ([Id], [UserQuizzId], [QuestionId], [AnswerId], [AnswerAt], [IsCorrect]) VALUES (95, 18, 118, NULL, NULL, NULL)
INSERT [dbo].[UserAnswer] ([Id], [UserQuizzId], [QuestionId], [AnswerId], [AnswerAt], [IsCorrect]) VALUES (96, 19, 107, NULL, NULL, NULL)
INSERT [dbo].[UserAnswer] ([Id], [UserQuizzId], [QuestionId], [AnswerId], [AnswerAt], [IsCorrect]) VALUES (97, 19, 114, NULL, NULL, NULL)
INSERT [dbo].[UserAnswer] ([Id], [UserQuizzId], [QuestionId], [AnswerId], [AnswerAt], [IsCorrect]) VALUES (98, 19, 115, NULL, NULL, NULL)
INSERT [dbo].[UserAnswer] ([Id], [UserQuizzId], [QuestionId], [AnswerId], [AnswerAt], [IsCorrect]) VALUES (99, 19, 108, NULL, NULL, NULL)
GO
INSERT [dbo].[UserAnswer] ([Id], [UserQuizzId], [QuestionId], [AnswerId], [AnswerAt], [IsCorrect]) VALUES (100, 19, 102, NULL, NULL, NULL)
INSERT [dbo].[UserAnswer] ([Id], [UserQuizzId], [QuestionId], [AnswerId], [AnswerAt], [IsCorrect]) VALUES (101, 20, 95, 377, CAST(N'2025-07-30T22:11:25.003' AS DateTime), 1)
INSERT [dbo].[UserAnswer] ([Id], [UserQuizzId], [QuestionId], [AnswerId], [AnswerAt], [IsCorrect]) VALUES (102, 20, 119, 473, CAST(N'2025-07-30T22:11:25.007' AS DateTime), 1)
INSERT [dbo].[UserAnswer] ([Id], [UserQuizzId], [QuestionId], [AnswerId], [AnswerAt], [IsCorrect]) VALUES (103, 20, 91, 361, CAST(N'2025-07-30T22:11:24.980' AS DateTime), 1)
INSERT [dbo].[UserAnswer] ([Id], [UserQuizzId], [QuestionId], [AnswerId], [AnswerAt], [IsCorrect]) VALUES (104, 20, 106, 421, CAST(N'2025-07-30T22:11:24.993' AS DateTime), 1)
INSERT [dbo].[UserAnswer] ([Id], [UserQuizzId], [QuestionId], [AnswerId], [AnswerAt], [IsCorrect]) VALUES (105, 20, 92, 365, CAST(N'2025-07-30T22:11:25.000' AS DateTime), 1)
INSERT [dbo].[UserAnswer] ([Id], [UserQuizzId], [QuestionId], [AnswerId], [AnswerAt], [IsCorrect]) VALUES (106, 21, 59, 233, CAST(N'2025-07-30T22:13:16.960' AS DateTime), 1)
INSERT [dbo].[UserAnswer] ([Id], [UserQuizzId], [QuestionId], [AnswerId], [AnswerAt], [IsCorrect]) VALUES (107, 21, 47, 185, CAST(N'2025-07-30T22:13:16.963' AS DateTime), 1)
INSERT [dbo].[UserAnswer] ([Id], [UserQuizzId], [QuestionId], [AnswerId], [AnswerAt], [IsCorrect]) VALUES (108, 21, 31, 121, CAST(N'2025-07-30T22:13:16.967' AS DateTime), 1)
INSERT [dbo].[UserAnswer] ([Id], [UserQuizzId], [QuestionId], [AnswerId], [AnswerAt], [IsCorrect]) VALUES (109, 21, 51, 201, CAST(N'2025-07-30T22:13:16.970' AS DateTime), 1)
INSERT [dbo].[UserAnswer] ([Id], [UserQuizzId], [QuestionId], [AnswerId], [AnswerAt], [IsCorrect]) VALUES (110, 21, 32, 125, CAST(N'2025-07-30T22:13:16.973' AS DateTime), 1)
INSERT [dbo].[UserAnswer] ([Id], [UserQuizzId], [QuestionId], [AnswerId], [AnswerAt], [IsCorrect]) VALUES (111, 22, 86, 341, CAST(N'2025-07-30T22:15:11.130' AS DateTime), 1)
INSERT [dbo].[UserAnswer] ([Id], [UserQuizzId], [QuestionId], [AnswerId], [AnswerAt], [IsCorrect]) VALUES (112, 22, 68, 269, CAST(N'2025-07-30T22:15:11.133' AS DateTime), 1)
INSERT [dbo].[UserAnswer] ([Id], [UserQuizzId], [QuestionId], [AnswerId], [AnswerAt], [IsCorrect]) VALUES (113, 22, 90, 357, CAST(N'2025-07-30T22:15:11.140' AS DateTime), 1)
INSERT [dbo].[UserAnswer] ([Id], [UserQuizzId], [QuestionId], [AnswerId], [AnswerAt], [IsCorrect]) VALUES (114, 22, 83, 329, CAST(N'2025-07-30T22:15:11.143' AS DateTime), 1)
INSERT [dbo].[UserAnswer] ([Id], [UserQuizzId], [QuestionId], [AnswerId], [AnswerAt], [IsCorrect]) VALUES (115, 22, 71, 281, CAST(N'2025-07-30T22:15:11.147' AS DateTime), 1)
INSERT [dbo].[UserAnswer] ([Id], [UserQuizzId], [QuestionId], [AnswerId], [AnswerAt], [IsCorrect]) VALUES (116, 23, 119, 473, CAST(N'2025-07-30T23:45:27.853' AS DateTime), 1)
INSERT [dbo].[UserAnswer] ([Id], [UserQuizzId], [QuestionId], [AnswerId], [AnswerAt], [IsCorrect]) VALUES (117, 23, 101, 401, CAST(N'2025-07-30T23:45:27.863' AS DateTime), 1)
INSERT [dbo].[UserAnswer] ([Id], [UserQuizzId], [QuestionId], [AnswerId], [AnswerAt], [IsCorrect]) VALUES (118, 23, 111, 441, CAST(N'2025-07-30T23:45:27.870' AS DateTime), 1)
INSERT [dbo].[UserAnswer] ([Id], [UserQuizzId], [QuestionId], [AnswerId], [AnswerAt], [IsCorrect]) VALUES (119, 23, 91, 361, CAST(N'2025-07-30T23:45:27.873' AS DateTime), 1)
INSERT [dbo].[UserAnswer] ([Id], [UserQuizzId], [QuestionId], [AnswerId], [AnswerAt], [IsCorrect]) VALUES (120, 23, 103, 409, CAST(N'2025-07-30T23:45:27.877' AS DateTime), 1)
INSERT [dbo].[UserAnswer] ([Id], [UserQuizzId], [QuestionId], [AnswerId], [AnswerAt], [IsCorrect]) VALUES (121, 24, 99, 394, CAST(N'2025-07-30T23:47:22.090' AS DateTime), 0)
INSERT [dbo].[UserAnswer] ([Id], [UserQuizzId], [QuestionId], [AnswerId], [AnswerAt], [IsCorrect]) VALUES (122, 24, 113, 450, CAST(N'2025-07-30T23:47:22.093' AS DateTime), 0)
INSERT [dbo].[UserAnswer] ([Id], [UserQuizzId], [QuestionId], [AnswerId], [AnswerAt], [IsCorrect]) VALUES (123, 24, 104, 414, CAST(N'2025-07-30T23:47:22.097' AS DateTime), 0)
INSERT [dbo].[UserAnswer] ([Id], [UserQuizzId], [QuestionId], [AnswerId], [AnswerAt], [IsCorrect]) VALUES (124, 24, 117, 466, CAST(N'2025-07-30T23:47:22.103' AS DateTime), 0)
INSERT [dbo].[UserAnswer] ([Id], [UserQuizzId], [QuestionId], [AnswerId], [AnswerAt], [IsCorrect]) VALUES (125, 24, 118, 470, CAST(N'2025-07-30T23:47:22.107' AS DateTime), 0)
INSERT [dbo].[UserAnswer] ([Id], [UserQuizzId], [QuestionId], [AnswerId], [AnswerAt], [IsCorrect]) VALUES (126, 25, 32, 125, CAST(N'2025-07-30T23:55:35.383' AS DateTime), 1)
INSERT [dbo].[UserAnswer] ([Id], [UserQuizzId], [QuestionId], [AnswerId], [AnswerAt], [IsCorrect]) VALUES (127, 25, 44, 173, CAST(N'2025-07-30T23:55:35.393' AS DateTime), 1)
INSERT [dbo].[UserAnswer] ([Id], [UserQuizzId], [QuestionId], [AnswerId], [AnswerAt], [IsCorrect]) VALUES (128, 25, 55, 217, CAST(N'2025-07-30T23:55:35.397' AS DateTime), 1)
INSERT [dbo].[UserAnswer] ([Id], [UserQuizzId], [QuestionId], [AnswerId], [AnswerAt], [IsCorrect]) VALUES (129, 25, 45, 177, CAST(N'2025-07-30T23:55:35.400' AS DateTime), 1)
INSERT [dbo].[UserAnswer] ([Id], [UserQuizzId], [QuestionId], [AnswerId], [AnswerAt], [IsCorrect]) VALUES (130, 25, 46, 181, CAST(N'2025-07-30T23:55:35.403' AS DateTime), 1)
INSERT [dbo].[UserAnswer] ([Id], [UserQuizzId], [QuestionId], [AnswerId], [AnswerAt], [IsCorrect]) VALUES (131, 26, 111, 441, CAST(N'2025-07-31T00:04:07.180' AS DateTime), 1)
INSERT [dbo].[UserAnswer] ([Id], [UserQuizzId], [QuestionId], [AnswerId], [AnswerAt], [IsCorrect]) VALUES (132, 26, 99, 393, CAST(N'2025-07-31T00:04:07.193' AS DateTime), 1)
INSERT [dbo].[UserAnswer] ([Id], [UserQuizzId], [QuestionId], [AnswerId], [AnswerAt], [IsCorrect]) VALUES (133, 26, 116, 461, CAST(N'2025-07-31T00:04:07.200' AS DateTime), 1)
INSERT [dbo].[UserAnswer] ([Id], [UserQuizzId], [QuestionId], [AnswerId], [AnswerAt], [IsCorrect]) VALUES (134, 26, 105, 417, CAST(N'2025-07-31T00:04:07.203' AS DateTime), 1)
INSERT [dbo].[UserAnswer] ([Id], [UserQuizzId], [QuestionId], [AnswerId], [AnswerAt], [IsCorrect]) VALUES (135, 26, 120, 477, CAST(N'2025-07-31T00:04:07.207' AS DateTime), 1)
INSERT [dbo].[UserAnswer] ([Id], [UserQuizzId], [QuestionId], [AnswerId], [AnswerAt], [IsCorrect]) VALUES (136, 27, 49, 193, CAST(N'2025-07-31T00:08:23.677' AS DateTime), 1)
INSERT [dbo].[UserAnswer] ([Id], [UserQuizzId], [QuestionId], [AnswerId], [AnswerAt], [IsCorrect]) VALUES (137, 27, 48, 189, CAST(N'2025-07-31T00:08:23.690' AS DateTime), 1)
INSERT [dbo].[UserAnswer] ([Id], [UserQuizzId], [QuestionId], [AnswerId], [AnswerAt], [IsCorrect]) VALUES (138, 27, 50, 197, CAST(N'2025-07-31T00:08:23.697' AS DateTime), 1)
INSERT [dbo].[UserAnswer] ([Id], [UserQuizzId], [QuestionId], [AnswerId], [AnswerAt], [IsCorrect]) VALUES (139, 27, 40, 157, CAST(N'2025-07-31T00:08:23.700' AS DateTime), 1)
INSERT [dbo].[UserAnswer] ([Id], [UserQuizzId], [QuestionId], [AnswerId], [AnswerAt], [IsCorrect]) VALUES (140, 27, 46, 181, CAST(N'2025-07-31T00:08:23.703' AS DateTime), 1)
INSERT [dbo].[UserAnswer] ([Id], [UserQuizzId], [QuestionId], [AnswerId], [AnswerAt], [IsCorrect]) VALUES (141, 28, 41, NULL, NULL, NULL)
INSERT [dbo].[UserAnswer] ([Id], [UserQuizzId], [QuestionId], [AnswerId], [AnswerAt], [IsCorrect]) VALUES (142, 28, 51, NULL, NULL, NULL)
INSERT [dbo].[UserAnswer] ([Id], [UserQuizzId], [QuestionId], [AnswerId], [AnswerAt], [IsCorrect]) VALUES (143, 28, 40, NULL, NULL, NULL)
INSERT [dbo].[UserAnswer] ([Id], [UserQuizzId], [QuestionId], [AnswerId], [AnswerAt], [IsCorrect]) VALUES (144, 28, 31, NULL, NULL, NULL)
INSERT [dbo].[UserAnswer] ([Id], [UserQuizzId], [QuestionId], [AnswerId], [AnswerAt], [IsCorrect]) VALUES (145, 28, 50, NULL, NULL, NULL)
INSERT [dbo].[UserAnswer] ([Id], [UserQuizzId], [QuestionId], [AnswerId], [AnswerAt], [IsCorrect]) VALUES (146, 29, 71, NULL, NULL, NULL)
INSERT [dbo].[UserAnswer] ([Id], [UserQuizzId], [QuestionId], [AnswerId], [AnswerAt], [IsCorrect]) VALUES (147, 29, 79, NULL, NULL, NULL)
INSERT [dbo].[UserAnswer] ([Id], [UserQuizzId], [QuestionId], [AnswerId], [AnswerAt], [IsCorrect]) VALUES (148, 29, 86, NULL, NULL, NULL)
INSERT [dbo].[UserAnswer] ([Id], [UserQuizzId], [QuestionId], [AnswerId], [AnswerAt], [IsCorrect]) VALUES (149, 29, 76, NULL, NULL, NULL)
INSERT [dbo].[UserAnswer] ([Id], [UserQuizzId], [QuestionId], [AnswerId], [AnswerAt], [IsCorrect]) VALUES (150, 29, 78, NULL, NULL, NULL)
INSERT [dbo].[UserAnswer] ([Id], [UserQuizzId], [QuestionId], [AnswerId], [AnswerAt], [IsCorrect]) VALUES (151, 30, 68, 269, CAST(N'2025-07-31T00:11:41.020' AS DateTime), 1)
INSERT [dbo].[UserAnswer] ([Id], [UserQuizzId], [QuestionId], [AnswerId], [AnswerAt], [IsCorrect]) VALUES (152, 30, 65, 257, CAST(N'2025-07-31T00:11:41.023' AS DateTime), 1)
INSERT [dbo].[UserAnswer] ([Id], [UserQuizzId], [QuestionId], [AnswerId], [AnswerAt], [IsCorrect]) VALUES (153, 30, 63, 249, CAST(N'2025-07-31T00:11:41.027' AS DateTime), 1)
INSERT [dbo].[UserAnswer] ([Id], [UserQuizzId], [QuestionId], [AnswerId], [AnswerAt], [IsCorrect]) VALUES (154, 30, 87, 345, CAST(N'2025-07-31T00:11:41.030' AS DateTime), 1)
INSERT [dbo].[UserAnswer] ([Id], [UserQuizzId], [QuestionId], [AnswerId], [AnswerAt], [IsCorrect]) VALUES (155, 30, 85, 337, CAST(N'2025-07-31T00:11:41.033' AS DateTime), 1)
INSERT [dbo].[UserAnswer] ([Id], [UserQuizzId], [QuestionId], [AnswerId], [AnswerAt], [IsCorrect]) VALUES (156, 31, 85, NULL, NULL, NULL)
INSERT [dbo].[UserAnswer] ([Id], [UserQuizzId], [QuestionId], [AnswerId], [AnswerAt], [IsCorrect]) VALUES (157, 31, 88, NULL, NULL, NULL)
INSERT [dbo].[UserAnswer] ([Id], [UserQuizzId], [QuestionId], [AnswerId], [AnswerAt], [IsCorrect]) VALUES (158, 31, 77, NULL, NULL, NULL)
INSERT [dbo].[UserAnswer] ([Id], [UserQuizzId], [QuestionId], [AnswerId], [AnswerAt], [IsCorrect]) VALUES (159, 31, 64, NULL, NULL, NULL)
INSERT [dbo].[UserAnswer] ([Id], [UserQuizzId], [QuestionId], [AnswerId], [AnswerAt], [IsCorrect]) VALUES (160, 31, 62, NULL, NULL, NULL)
INSERT [dbo].[UserAnswer] ([Id], [UserQuizzId], [QuestionId], [AnswerId], [AnswerAt], [IsCorrect]) VALUES (161, 32, 116, NULL, NULL, NULL)
INSERT [dbo].[UserAnswer] ([Id], [UserQuizzId], [QuestionId], [AnswerId], [AnswerAt], [IsCorrect]) VALUES (162, 32, 102, NULL, NULL, NULL)
INSERT [dbo].[UserAnswer] ([Id], [UserQuizzId], [QuestionId], [AnswerId], [AnswerAt], [IsCorrect]) VALUES (163, 32, 96, NULL, NULL, NULL)
INSERT [dbo].[UserAnswer] ([Id], [UserQuizzId], [QuestionId], [AnswerId], [AnswerAt], [IsCorrect]) VALUES (164, 32, 94, NULL, NULL, NULL)
INSERT [dbo].[UserAnswer] ([Id], [UserQuizzId], [QuestionId], [AnswerId], [AnswerAt], [IsCorrect]) VALUES (165, 32, 110, NULL, NULL, NULL)
INSERT [dbo].[UserAnswer] ([Id], [UserQuizzId], [QuestionId], [AnswerId], [AnswerAt], [IsCorrect]) VALUES (166, 33, 89, 353, CAST(N'2025-08-04T21:02:09.167' AS DateTime), 1)
INSERT [dbo].[UserAnswer] ([Id], [UserQuizzId], [QuestionId], [AnswerId], [AnswerAt], [IsCorrect]) VALUES (167, 33, 82, 326, CAST(N'2025-08-04T21:02:09.163' AS DateTime), 0)
INSERT [dbo].[UserAnswer] ([Id], [UserQuizzId], [QuestionId], [AnswerId], [AnswerAt], [IsCorrect]) VALUES (168, 33, 54, 213, CAST(N'2025-08-04T21:02:09.153' AS DateTime), 1)
INSERT [dbo].[UserAnswer] ([Id], [UserQuizzId], [QuestionId], [AnswerId], [AnswerAt], [IsCorrect]) VALUES (169, 33, 3, 10, CAST(N'2025-08-04T21:02:09.147' AS DateTime), 1)
INSERT [dbo].[UserAnswer] ([Id], [UserQuizzId], [QuestionId], [AnswerId], [AnswerAt], [IsCorrect]) VALUES (170, 33, 86, 343, CAST(N'2025-08-04T21:02:09.163' AS DateTime), 0)
INSERT [dbo].[UserAnswer] ([Id], [UserQuizzId], [QuestionId], [AnswerId], [AnswerAt], [IsCorrect]) VALUES (171, 33, 56, 221, CAST(N'2025-08-04T21:02:09.157' AS DateTime), 1)
INSERT [dbo].[UserAnswer] ([Id], [UserQuizzId], [QuestionId], [AnswerId], [AnswerAt], [IsCorrect]) VALUES (172, 33, 61, 243, CAST(N'2025-08-04T21:02:09.157' AS DateTime), 0)
INSERT [dbo].[UserAnswer] ([Id], [UserQuizzId], [QuestionId], [AnswerId], [AnswerAt], [IsCorrect]) VALUES (173, 33, 5, 19, CAST(N'2025-08-04T21:02:09.150' AS DateTime), 0)
INSERT [dbo].[UserAnswer] ([Id], [UserQuizzId], [QuestionId], [AnswerId], [AnswerAt], [IsCorrect]) VALUES (174, 33, 66, 262, CAST(N'2025-08-04T21:02:09.160' AS DateTime), 0)
INSERT [dbo].[UserAnswer] ([Id], [UserQuizzId], [QuestionId], [AnswerId], [AnswerAt], [IsCorrect]) VALUES (175, 33, 2, 6, CAST(N'2025-08-04T21:02:09.137' AS DateTime), 0)
INSERT [dbo].[UserAnswer] ([Id], [UserQuizzId], [QuestionId], [AnswerId], [AnswerAt], [IsCorrect]) VALUES (176, 34, 71, 284, CAST(N'2025-08-04T21:03:17.013' AS DateTime), 0)
INSERT [dbo].[UserAnswer] ([Id], [UserQuizzId], [QuestionId], [AnswerId], [AnswerAt], [IsCorrect]) VALUES (177, 34, 44, 176, CAST(N'2025-08-04T21:03:17.003' AS DateTime), 0)
INSERT [dbo].[UserAnswer] ([Id], [UserQuizzId], [QuestionId], [AnswerId], [AnswerAt], [IsCorrect]) VALUES (178, 34, 8, 32, CAST(N'2025-08-04T21:03:16.997' AS DateTime), 0)
INSERT [dbo].[UserAnswer] ([Id], [UserQuizzId], [QuestionId], [AnswerId], [AnswerAt], [IsCorrect]) VALUES (179, 34, 104, 414, CAST(N'2025-08-04T21:03:17.013' AS DateTime), 0)
INSERT [dbo].[UserAnswer] ([Id], [UserQuizzId], [QuestionId], [AnswerId], [AnswerAt], [IsCorrect]) VALUES (180, 34, 138, 550, CAST(N'2025-08-04T21:03:17.027' AS DateTime), 0)
INSERT [dbo].[UserAnswer] ([Id], [UserQuizzId], [QuestionId], [AnswerId], [AnswerAt], [IsCorrect]) VALUES (181, 34, 57, 226, CAST(N'2025-08-04T21:03:17.007' AS DateTime), 0)
INSERT [dbo].[UserAnswer] ([Id], [UserQuizzId], [QuestionId], [AnswerId], [AnswerAt], [IsCorrect]) VALUES (182, 34, 20, 78, CAST(N'2025-08-04T21:03:17.000' AS DateTime), 0)
INSERT [dbo].[UserAnswer] ([Id], [UserQuizzId], [QuestionId], [AnswerId], [AnswerAt], [IsCorrect]) VALUES (183, 34, 61, 243, CAST(N'2025-08-04T21:03:17.010' AS DateTime), 0)
INSERT [dbo].[UserAnswer] ([Id], [UserQuizzId], [QuestionId], [AnswerId], [AnswerAt], [IsCorrect]) VALUES (184, 34, 129, 515, CAST(N'2025-08-04T21:03:17.023' AS DateTime), 0)
INSERT [dbo].[UserAnswer] ([Id], [UserQuizzId], [QuestionId], [AnswerId], [AnswerAt], [IsCorrect]) VALUES (185, 34, 109, 433, CAST(N'2025-08-04T21:03:17.020' AS DateTime), 1)
INSERT [dbo].[UserAnswer] ([Id], [UserQuizzId], [QuestionId], [AnswerId], [AnswerAt], [IsCorrect]) VALUES (186, 35, 108, 429, CAST(N'2025-08-09T03:31:16.610' AS DateTime), 1)
INSERT [dbo].[UserAnswer] ([Id], [UserQuizzId], [QuestionId], [AnswerId], [AnswerAt], [IsCorrect]) VALUES (187, 35, 119, 473, CAST(N'2025-08-09T03:31:16.617' AS DateTime), 1)
INSERT [dbo].[UserAnswer] ([Id], [UserQuizzId], [QuestionId], [AnswerId], [AnswerAt], [IsCorrect]) VALUES (188, 35, 116, 461, CAST(N'2025-08-09T03:31:16.613' AS DateTime), 1)
INSERT [dbo].[UserAnswer] ([Id], [UserQuizzId], [QuestionId], [AnswerId], [AnswerAt], [IsCorrect]) VALUES (189, 35, 101, 401, CAST(N'2025-08-09T03:31:16.600' AS DateTime), 1)
INSERT [dbo].[UserAnswer] ([Id], [UserQuizzId], [QuestionId], [AnswerId], [AnswerAt], [IsCorrect]) VALUES (190, 35, 112, 445, CAST(N'2025-08-09T03:31:16.613' AS DateTime), 1)
INSERT [dbo].[UserAnswer] ([Id], [UserQuizzId], [QuestionId], [AnswerId], [AnswerAt], [IsCorrect]) VALUES (191, 36, 81, NULL, NULL, NULL)
INSERT [dbo].[UserAnswer] ([Id], [UserQuizzId], [QuestionId], [AnswerId], [AnswerAt], [IsCorrect]) VALUES (192, 36, 69, NULL, NULL, NULL)
INSERT [dbo].[UserAnswer] ([Id], [UserQuizzId], [QuestionId], [AnswerId], [AnswerAt], [IsCorrect]) VALUES (193, 36, 70, NULL, NULL, NULL)
INSERT [dbo].[UserAnswer] ([Id], [UserQuizzId], [QuestionId], [AnswerId], [AnswerAt], [IsCorrect]) VALUES (194, 36, 85, NULL, NULL, NULL)
INSERT [dbo].[UserAnswer] ([Id], [UserQuizzId], [QuestionId], [AnswerId], [AnswerAt], [IsCorrect]) VALUES (195, 36, 83, NULL, NULL, NULL)
INSERT [dbo].[UserAnswer] ([Id], [UserQuizzId], [QuestionId], [AnswerId], [AnswerAt], [IsCorrect]) VALUES (196, 37, 87, NULL, NULL, NULL)
INSERT [dbo].[UserAnswer] ([Id], [UserQuizzId], [QuestionId], [AnswerId], [AnswerAt], [IsCorrect]) VALUES (197, 37, 70, NULL, NULL, NULL)
INSERT [dbo].[UserAnswer] ([Id], [UserQuizzId], [QuestionId], [AnswerId], [AnswerAt], [IsCorrect]) VALUES (198, 37, 85, NULL, NULL, NULL)
INSERT [dbo].[UserAnswer] ([Id], [UserQuizzId], [QuestionId], [AnswerId], [AnswerAt], [IsCorrect]) VALUES (199, 37, 81, NULL, NULL, NULL)
GO
INSERT [dbo].[UserAnswer] ([Id], [UserQuizzId], [QuestionId], [AnswerId], [AnswerAt], [IsCorrect]) VALUES (200, 37, 84, NULL, NULL, NULL)
INSERT [dbo].[UserAnswer] ([Id], [UserQuizzId], [QuestionId], [AnswerId], [AnswerAt], [IsCorrect]) VALUES (201, 38, 88, 349, CAST(N'2025-08-09T03:42:49.547' AS DateTime), 1)
INSERT [dbo].[UserAnswer] ([Id], [UserQuizzId], [QuestionId], [AnswerId], [AnswerAt], [IsCorrect]) VALUES (202, 38, 85, 337, CAST(N'2025-08-09T03:42:49.547' AS DateTime), 1)
INSERT [dbo].[UserAnswer] ([Id], [UserQuizzId], [QuestionId], [AnswerId], [AnswerAt], [IsCorrect]) VALUES (203, 38, 71, 281, CAST(N'2025-08-09T03:42:49.540' AS DateTime), 1)
INSERT [dbo].[UserAnswer] ([Id], [UserQuizzId], [QuestionId], [AnswerId], [AnswerAt], [IsCorrect]) VALUES (204, 38, 82, 325, CAST(N'2025-08-09T03:42:49.543' AS DateTime), 1)
INSERT [dbo].[UserAnswer] ([Id], [UserQuizzId], [QuestionId], [AnswerId], [AnswerAt], [IsCorrect]) VALUES (205, 38, 84, 333, CAST(N'2025-08-09T03:42:49.543' AS DateTime), 1)
INSERT [dbo].[UserAnswer] ([Id], [UserQuizzId], [QuestionId], [AnswerId], [AnswerAt], [IsCorrect]) VALUES (206, 39, 43, 172, CAST(N'2025-08-09T03:42:57.833' AS DateTime), 0)
INSERT [dbo].[UserAnswer] ([Id], [UserQuizzId], [QuestionId], [AnswerId], [AnswerAt], [IsCorrect]) VALUES (207, 39, 35, 140, CAST(N'2025-08-09T03:42:57.830' AS DateTime), 0)
INSERT [dbo].[UserAnswer] ([Id], [UserQuizzId], [QuestionId], [AnswerId], [AnswerAt], [IsCorrect]) VALUES (208, 39, 53, 212, CAST(N'2025-08-09T03:42:57.840' AS DateTime), 0)
INSERT [dbo].[UserAnswer] ([Id], [UserQuizzId], [QuestionId], [AnswerId], [AnswerAt], [IsCorrect]) VALUES (209, 39, 47, 188, CAST(N'2025-08-09T03:42:57.837' AS DateTime), 0)
INSERT [dbo].[UserAnswer] ([Id], [UserQuizzId], [QuestionId], [AnswerId], [AnswerAt], [IsCorrect]) VALUES (210, 39, 41, 164, CAST(N'2025-08-09T03:42:57.833' AS DateTime), 0)
INSERT [dbo].[UserAnswer] ([Id], [UserQuizzId], [QuestionId], [AnswerId], [AnswerAt], [IsCorrect]) VALUES (211, 40, 47, 185, CAST(N'2025-08-09T03:44:25.290' AS DateTime), 1)
INSERT [dbo].[UserAnswer] ([Id], [UserQuizzId], [QuestionId], [AnswerId], [AnswerAt], [IsCorrect]) VALUES (212, 40, 58, 229, CAST(N'2025-08-09T03:44:25.293' AS DateTime), 1)
INSERT [dbo].[UserAnswer] ([Id], [UserQuizzId], [QuestionId], [AnswerId], [AnswerAt], [IsCorrect]) VALUES (213, 40, 37, 145, CAST(N'2025-08-09T03:44:25.283' AS DateTime), 1)
INSERT [dbo].[UserAnswer] ([Id], [UserQuizzId], [QuestionId], [AnswerId], [AnswerAt], [IsCorrect]) VALUES (214, 40, 45, 177, CAST(N'2025-08-09T03:44:25.290' AS DateTime), 1)
INSERT [dbo].[UserAnswer] ([Id], [UserQuizzId], [QuestionId], [AnswerId], [AnswerAt], [IsCorrect]) VALUES (215, 40, 38, 149, CAST(N'2025-08-09T03:44:25.287' AS DateTime), 0)
INSERT [dbo].[UserAnswer] ([Id], [UserQuizzId], [QuestionId], [AnswerId], [AnswerAt], [IsCorrect]) VALUES (216, 41, 63, NULL, NULL, NULL)
INSERT [dbo].[UserAnswer] ([Id], [UserQuizzId], [QuestionId], [AnswerId], [AnswerAt], [IsCorrect]) VALUES (217, 41, 69, NULL, NULL, NULL)
INSERT [dbo].[UserAnswer] ([Id], [UserQuizzId], [QuestionId], [AnswerId], [AnswerAt], [IsCorrect]) VALUES (218, 41, 85, NULL, NULL, NULL)
INSERT [dbo].[UserAnswer] ([Id], [UserQuizzId], [QuestionId], [AnswerId], [AnswerAt], [IsCorrect]) VALUES (219, 41, 64, NULL, NULL, NULL)
INSERT [dbo].[UserAnswer] ([Id], [UserQuizzId], [QuestionId], [AnswerId], [AnswerAt], [IsCorrect]) VALUES (220, 41, 66, NULL, NULL, NULL)
INSERT [dbo].[UserAnswer] ([Id], [UserQuizzId], [QuestionId], [AnswerId], [AnswerAt], [IsCorrect]) VALUES (221, 42, 105, 417, CAST(N'2025-08-09T04:04:23.670' AS DateTime), 1)
INSERT [dbo].[UserAnswer] ([Id], [UserQuizzId], [QuestionId], [AnswerId], [AnswerAt], [IsCorrect]) VALUES (222, 42, 102, 405, CAST(N'2025-08-09T04:04:23.667' AS DateTime), 1)
INSERT [dbo].[UserAnswer] ([Id], [UserQuizzId], [QuestionId], [AnswerId], [AnswerAt], [IsCorrect]) VALUES (223, 42, 120, 477, CAST(N'2025-08-09T04:04:23.673' AS DateTime), 1)
INSERT [dbo].[UserAnswer] ([Id], [UserQuizzId], [QuestionId], [AnswerId], [AnswerAt], [IsCorrect]) VALUES (224, 42, 97, 385, CAST(N'2025-08-09T04:04:23.663' AS DateTime), 1)
INSERT [dbo].[UserAnswer] ([Id], [UserQuizzId], [QuestionId], [AnswerId], [AnswerAt], [IsCorrect]) VALUES (225, 42, 93, 369, CAST(N'2025-08-09T04:04:23.657' AS DateTime), 1)
INSERT [dbo].[UserAnswer] ([Id], [UserQuizzId], [QuestionId], [AnswerId], [AnswerAt], [IsCorrect]) VALUES (226, 43, 31, 121, CAST(N'2025-08-09T04:04:34.087' AS DateTime), 1)
INSERT [dbo].[UserAnswer] ([Id], [UserQuizzId], [QuestionId], [AnswerId], [AnswerAt], [IsCorrect]) VALUES (227, 43, 40, 157, CAST(N'2025-08-09T04:04:34.090' AS DateTime), 1)
INSERT [dbo].[UserAnswer] ([Id], [UserQuizzId], [QuestionId], [AnswerId], [AnswerAt], [IsCorrect]) VALUES (228, 43, 46, 181, CAST(N'2025-08-09T04:04:34.097' AS DateTime), 1)
INSERT [dbo].[UserAnswer] ([Id], [UserQuizzId], [QuestionId], [AnswerId], [AnswerAt], [IsCorrect]) VALUES (229, 43, 52, 205, CAST(N'2025-08-09T04:04:34.097' AS DateTime), 1)
INSERT [dbo].[UserAnswer] ([Id], [UserQuizzId], [QuestionId], [AnswerId], [AnswerAt], [IsCorrect]) VALUES (230, 43, 42, 165, CAST(N'2025-08-09T04:04:34.093' AS DateTime), 1)
INSERT [dbo].[UserAnswer] ([Id], [UserQuizzId], [QuestionId], [AnswerId], [AnswerAt], [IsCorrect]) VALUES (231, 44, 69, 273, CAST(N'2025-08-09T04:04:42.290' AS DateTime), 1)
INSERT [dbo].[UserAnswer] ([Id], [UserQuizzId], [QuestionId], [AnswerId], [AnswerAt], [IsCorrect]) VALUES (232, 44, 89, 353, CAST(N'2025-08-09T04:04:42.297' AS DateTime), 1)
INSERT [dbo].[UserAnswer] ([Id], [UserQuizzId], [QuestionId], [AnswerId], [AnswerAt], [IsCorrect]) VALUES (233, 44, 90, 357, CAST(N'2025-08-09T04:04:42.297' AS DateTime), 1)
INSERT [dbo].[UserAnswer] ([Id], [UserQuizzId], [QuestionId], [AnswerId], [AnswerAt], [IsCorrect]) VALUES (234, 44, 63, 249, CAST(N'2025-08-09T04:04:42.287' AS DateTime), 1)
INSERT [dbo].[UserAnswer] ([Id], [UserQuizzId], [QuestionId], [AnswerId], [AnswerAt], [IsCorrect]) VALUES (235, 44, 80, 317, CAST(N'2025-08-09T04:04:42.293' AS DateTime), 1)
INSERT [dbo].[UserAnswer] ([Id], [UserQuizzId], [QuestionId], [AnswerId], [AnswerAt], [IsCorrect]) VALUES (236, 45, 104, 416, CAST(N'2025-08-09T04:08:44.470' AS DateTime), 0)
INSERT [dbo].[UserAnswer] ([Id], [UserQuizzId], [QuestionId], [AnswerId], [AnswerAt], [IsCorrect]) VALUES (237, 45, 93, 372, CAST(N'2025-08-09T04:08:44.467' AS DateTime), 0)
INSERT [dbo].[UserAnswer] ([Id], [UserQuizzId], [QuestionId], [AnswerId], [AnswerAt], [IsCorrect]) VALUES (238, 45, 115, 460, CAST(N'2025-08-09T04:08:44.477' AS DateTime), 0)
INSERT [dbo].[UserAnswer] ([Id], [UserQuizzId], [QuestionId], [AnswerId], [AnswerAt], [IsCorrect]) VALUES (239, 45, 108, 432, CAST(N'2025-08-09T04:08:44.473' AS DateTime), 0)
INSERT [dbo].[UserAnswer] ([Id], [UserQuizzId], [QuestionId], [AnswerId], [AnswerAt], [IsCorrect]) VALUES (240, 45, 105, 420, CAST(N'2025-08-09T04:08:44.470' AS DateTime), 0)
INSERT [dbo].[UserAnswer] ([Id], [UserQuizzId], [QuestionId], [AnswerId], [AnswerAt], [IsCorrect]) VALUES (241, 46, 58, 229, CAST(N'2025-08-09T04:11:22.340' AS DateTime), 1)
INSERT [dbo].[UserAnswer] ([Id], [UserQuizzId], [QuestionId], [AnswerId], [AnswerAt], [IsCorrect]) VALUES (242, 46, 59, 233, CAST(N'2025-08-09T04:11:22.340' AS DateTime), 1)
INSERT [dbo].[UserAnswer] ([Id], [UserQuizzId], [QuestionId], [AnswerId], [AnswerAt], [IsCorrect]) VALUES (243, 46, 35, 137, CAST(N'2025-08-09T04:11:22.333' AS DateTime), 1)
INSERT [dbo].[UserAnswer] ([Id], [UserQuizzId], [QuestionId], [AnswerId], [AnswerAt], [IsCorrect]) VALUES (244, 46, 43, 169, CAST(N'2025-08-09T04:11:22.337' AS DateTime), 1)
INSERT [dbo].[UserAnswer] ([Id], [UserQuizzId], [QuestionId], [AnswerId], [AnswerAt], [IsCorrect]) VALUES (245, 46, 33, 129, CAST(N'2025-08-09T04:11:22.330' AS DateTime), 1)
INSERT [dbo].[UserAnswer] ([Id], [UserQuizzId], [QuestionId], [AnswerId], [AnswerAt], [IsCorrect]) VALUES (246, 47, 58, 232, CAST(N'2025-08-09T04:11:55.463' AS DateTime), 0)
INSERT [dbo].[UserAnswer] ([Id], [UserQuizzId], [QuestionId], [AnswerId], [AnswerAt], [IsCorrect]) VALUES (247, 47, 39, 156, CAST(N'2025-08-09T04:11:55.457' AS DateTime), 0)
INSERT [dbo].[UserAnswer] ([Id], [UserQuizzId], [QuestionId], [AnswerId], [AnswerAt], [IsCorrect]) VALUES (248, 47, 40, 160, CAST(N'2025-08-09T04:11:55.460' AS DateTime), 0)
INSERT [dbo].[UserAnswer] ([Id], [UserQuizzId], [QuestionId], [AnswerId], [AnswerAt], [IsCorrect]) VALUES (249, 47, 38, 152, CAST(N'2025-08-09T04:11:55.453' AS DateTime), 0)
INSERT [dbo].[UserAnswer] ([Id], [UserQuizzId], [QuestionId], [AnswerId], [AnswerAt], [IsCorrect]) VALUES (250, 47, 41, 164, CAST(N'2025-08-09T04:11:55.460' AS DateTime), 0)
INSERT [dbo].[UserAnswer] ([Id], [UserQuizzId], [QuestionId], [AnswerId], [AnswerAt], [IsCorrect]) VALUES (251, 48, 118, 469, CAST(N'2025-08-09T04:15:35.050' AS DateTime), 1)
INSERT [dbo].[UserAnswer] ([Id], [UserQuizzId], [QuestionId], [AnswerId], [AnswerAt], [IsCorrect]) VALUES (252, 48, 120, 477, CAST(N'2025-08-09T04:15:35.050' AS DateTime), 1)
INSERT [dbo].[UserAnswer] ([Id], [UserQuizzId], [QuestionId], [AnswerId], [AnswerAt], [IsCorrect]) VALUES (253, 48, 96, 381, CAST(N'2025-08-09T04:15:35.043' AS DateTime), 1)
INSERT [dbo].[UserAnswer] ([Id], [UserQuizzId], [QuestionId], [AnswerId], [AnswerAt], [IsCorrect]) VALUES (254, 48, 103, 409, CAST(N'2025-08-09T04:15:35.047' AS DateTime), 1)
INSERT [dbo].[UserAnswer] ([Id], [UserQuizzId], [QuestionId], [AnswerId], [AnswerAt], [IsCorrect]) VALUES (255, 48, 102, 405, CAST(N'2025-08-09T04:15:35.047' AS DateTime), 1)
INSERT [dbo].[UserAnswer] ([Id], [UserQuizzId], [QuestionId], [AnswerId], [AnswerAt], [IsCorrect]) VALUES (256, 49, 87, 345, CAST(N'2025-08-09T04:16:31.730' AS DateTime), 1)
INSERT [dbo].[UserAnswer] ([Id], [UserQuizzId], [QuestionId], [AnswerId], [AnswerAt], [IsCorrect]) VALUES (257, 49, 74, 293, CAST(N'2025-08-09T04:16:31.727' AS DateTime), 1)
INSERT [dbo].[UserAnswer] ([Id], [UserQuizzId], [QuestionId], [AnswerId], [AnswerAt], [IsCorrect]) VALUES (258, 49, 81, 321, CAST(N'2025-08-09T04:16:31.727' AS DateTime), 1)
INSERT [dbo].[UserAnswer] ([Id], [UserQuizzId], [QuestionId], [AnswerId], [AnswerAt], [IsCorrect]) VALUES (259, 49, 63, 249, CAST(N'2025-08-09T04:16:31.723' AS DateTime), 1)
INSERT [dbo].[UserAnswer] ([Id], [UserQuizzId], [QuestionId], [AnswerId], [AnswerAt], [IsCorrect]) VALUES (260, 49, 66, 261, CAST(N'2025-08-09T04:16:31.723' AS DateTime), 1)
INSERT [dbo].[UserAnswer] ([Id], [UserQuizzId], [QuestionId], [AnswerId], [AnswerAt], [IsCorrect]) VALUES (261, 50, 40, 160, CAST(N'2025-08-09T04:16:39.353' AS DateTime), 0)
INSERT [dbo].[UserAnswer] ([Id], [UserQuizzId], [QuestionId], [AnswerId], [AnswerAt], [IsCorrect]) VALUES (262, 50, 48, 192, CAST(N'2025-08-09T04:16:39.360' AS DateTime), 0)
INSERT [dbo].[UserAnswer] ([Id], [UserQuizzId], [QuestionId], [AnswerId], [AnswerAt], [IsCorrect]) VALUES (263, 50, 41, 164, CAST(N'2025-08-09T04:16:39.357' AS DateTime), 0)
INSERT [dbo].[UserAnswer] ([Id], [UserQuizzId], [QuestionId], [AnswerId], [AnswerAt], [IsCorrect]) VALUES (264, 50, 55, 220, CAST(N'2025-08-09T04:16:39.360' AS DateTime), 0)
INSERT [dbo].[UserAnswer] ([Id], [UserQuizzId], [QuestionId], [AnswerId], [AnswerAt], [IsCorrect]) VALUES (265, 50, 57, NULL, NULL, NULL)
INSERT [dbo].[UserAnswer] ([Id], [UserQuizzId], [QuestionId], [AnswerId], [AnswerAt], [IsCorrect]) VALUES (266, 51, 96, 384, CAST(N'2025-08-09T16:04:41.433' AS DateTime), 0)
INSERT [dbo].[UserAnswer] ([Id], [UserQuizzId], [QuestionId], [AnswerId], [AnswerAt], [IsCorrect]) VALUES (267, 51, 99, 396, CAST(N'2025-08-09T16:04:41.437' AS DateTime), 0)
INSERT [dbo].[UserAnswer] ([Id], [UserQuizzId], [QuestionId], [AnswerId], [AnswerAt], [IsCorrect]) VALUES (268, 51, 107, 428, CAST(N'2025-08-09T16:04:41.437' AS DateTime), 0)
INSERT [dbo].[UserAnswer] ([Id], [UserQuizzId], [QuestionId], [AnswerId], [AnswerAt], [IsCorrect]) VALUES (269, 51, 118, 472, CAST(N'2025-08-09T16:04:41.440' AS DateTime), 0)
INSERT [dbo].[UserAnswer] ([Id], [UserQuizzId], [QuestionId], [AnswerId], [AnswerAt], [IsCorrect]) VALUES (270, 51, 92, 368, CAST(N'2025-08-09T16:04:41.420' AS DateTime), 0)
INSERT [dbo].[UserAnswer] ([Id], [UserQuizzId], [QuestionId], [AnswerId], [AnswerAt], [IsCorrect]) VALUES (271, 52, 105, 417, CAST(N'2025-08-13T19:45:15.900' AS DateTime), 1)
INSERT [dbo].[UserAnswer] ([Id], [UserQuizzId], [QuestionId], [AnswerId], [AnswerAt], [IsCorrect]) VALUES (272, 52, 98, 389, CAST(N'2025-08-13T19:45:15.890' AS DateTime), 1)
INSERT [dbo].[UserAnswer] ([Id], [UserQuizzId], [QuestionId], [AnswerId], [AnswerAt], [IsCorrect]) VALUES (273, 52, 116, 461, CAST(N'2025-08-13T19:45:15.903' AS DateTime), 1)
INSERT [dbo].[UserAnswer] ([Id], [UserQuizzId], [QuestionId], [AnswerId], [AnswerAt], [IsCorrect]) VALUES (274, 52, 101, 401, CAST(N'2025-08-13T19:45:15.897' AS DateTime), 1)
INSERT [dbo].[UserAnswer] ([Id], [UserQuizzId], [QuestionId], [AnswerId], [AnswerAt], [IsCorrect]) VALUES (275, 52, 111, 441, CAST(N'2025-08-13T19:45:15.900' AS DateTime), 1)
INSERT [dbo].[UserAnswer] ([Id], [UserQuizzId], [QuestionId], [AnswerId], [AnswerAt], [IsCorrect]) VALUES (276, 53, 54, 213, CAST(N'2025-08-13T19:45:42.667' AS DateTime), 1)
INSERT [dbo].[UserAnswer] ([Id], [UserQuizzId], [QuestionId], [AnswerId], [AnswerAt], [IsCorrect]) VALUES (277, 53, 41, 161, CAST(N'2025-08-13T19:45:42.660' AS DateTime), 1)
INSERT [dbo].[UserAnswer] ([Id], [UserQuizzId], [QuestionId], [AnswerId], [AnswerAt], [IsCorrect]) VALUES (278, 53, 51, 201, CAST(N'2025-08-13T19:45:42.663' AS DateTime), 1)
INSERT [dbo].[UserAnswer] ([Id], [UserQuizzId], [QuestionId], [AnswerId], [AnswerAt], [IsCorrect]) VALUES (279, 53, 50, 197, CAST(N'2025-08-13T19:45:42.663' AS DateTime), 1)
INSERT [dbo].[UserAnswer] ([Id], [UserQuizzId], [QuestionId], [AnswerId], [AnswerAt], [IsCorrect]) VALUES (280, 53, 58, 229, CAST(N'2025-08-13T19:45:42.670' AS DateTime), 1)
INSERT [dbo].[UserAnswer] ([Id], [UserQuizzId], [QuestionId], [AnswerId], [AnswerAt], [IsCorrect]) VALUES (281, 54, 75, 297, CAST(N'2025-08-14T19:50:59.483' AS DateTime), 1)
INSERT [dbo].[UserAnswer] ([Id], [UserQuizzId], [QuestionId], [AnswerId], [AnswerAt], [IsCorrect]) VALUES (282, 54, 62, 245, CAST(N'2025-08-14T19:50:59.477' AS DateTime), 1)
INSERT [dbo].[UserAnswer] ([Id], [UserQuizzId], [QuestionId], [AnswerId], [AnswerAt], [IsCorrect]) VALUES (283, 54, 67, 265, CAST(N'2025-08-14T19:50:59.480' AS DateTime), 1)
INSERT [dbo].[UserAnswer] ([Id], [UserQuizzId], [QuestionId], [AnswerId], [AnswerAt], [IsCorrect]) VALUES (284, 54, 66, 261, CAST(N'2025-08-14T19:50:59.477' AS DateTime), 1)
INSERT [dbo].[UserAnswer] ([Id], [UserQuizzId], [QuestionId], [AnswerId], [AnswerAt], [IsCorrect]) VALUES (285, 54, 61, 241, CAST(N'2025-08-14T19:50:59.467' AS DateTime), 1)
INSERT [dbo].[UserAnswer] ([Id], [UserQuizzId], [QuestionId], [AnswerId], [AnswerAt], [IsCorrect]) VALUES (286, 55, 63, NULL, NULL, NULL)
INSERT [dbo].[UserAnswer] ([Id], [UserQuizzId], [QuestionId], [AnswerId], [AnswerAt], [IsCorrect]) VALUES (287, 55, 75, NULL, NULL, NULL)
INSERT [dbo].[UserAnswer] ([Id], [UserQuizzId], [QuestionId], [AnswerId], [AnswerAt], [IsCorrect]) VALUES (288, 55, 77, NULL, NULL, NULL)
INSERT [dbo].[UserAnswer] ([Id], [UserQuizzId], [QuestionId], [AnswerId], [AnswerAt], [IsCorrect]) VALUES (289, 55, 69, NULL, NULL, NULL)
INSERT [dbo].[UserAnswer] ([Id], [UserQuizzId], [QuestionId], [AnswerId], [AnswerAt], [IsCorrect]) VALUES (290, 55, 89, NULL, NULL, NULL)
INSERT [dbo].[UserAnswer] ([Id], [UserQuizzId], [QuestionId], [AnswerId], [AnswerAt], [IsCorrect]) VALUES (291, 56, 85, NULL, NULL, NULL)
INSERT [dbo].[UserAnswer] ([Id], [UserQuizzId], [QuestionId], [AnswerId], [AnswerAt], [IsCorrect]) VALUES (292, 57, 91, NULL, NULL, NULL)
INSERT [dbo].[UserAnswer] ([Id], [UserQuizzId], [QuestionId], [AnswerId], [AnswerAt], [IsCorrect]) VALUES (293, 56, 75, NULL, NULL, NULL)
INSERT [dbo].[UserAnswer] ([Id], [UserQuizzId], [QuestionId], [AnswerId], [AnswerAt], [IsCorrect]) VALUES (294, 57, 49, NULL, NULL, NULL)
INSERT [dbo].[UserAnswer] ([Id], [UserQuizzId], [QuestionId], [AnswerId], [AnswerAt], [IsCorrect]) VALUES (295, 56, 81, NULL, NULL, NULL)
INSERT [dbo].[UserAnswer] ([Id], [UserQuizzId], [QuestionId], [AnswerId], [AnswerAt], [IsCorrect]) VALUES (296, 57, 92, NULL, NULL, NULL)
INSERT [dbo].[UserAnswer] ([Id], [UserQuizzId], [QuestionId], [AnswerId], [AnswerAt], [IsCorrect]) VALUES (297, 56, 67, NULL, NULL, NULL)
INSERT [dbo].[UserAnswer] ([Id], [UserQuizzId], [QuestionId], [AnswerId], [AnswerAt], [IsCorrect]) VALUES (298, 57, 78, NULL, NULL, NULL)
INSERT [dbo].[UserAnswer] ([Id], [UserQuizzId], [QuestionId], [AnswerId], [AnswerAt], [IsCorrect]) VALUES (299, 56, 90, NULL, NULL, NULL)
GO
INSERT [dbo].[UserAnswer] ([Id], [UserQuizzId], [QuestionId], [AnswerId], [AnswerAt], [IsCorrect]) VALUES (300, 57, 111, NULL, NULL, NULL)
INSERT [dbo].[UserAnswer] ([Id], [UserQuizzId], [QuestionId], [AnswerId], [AnswerAt], [IsCorrect]) VALUES (301, 56, 89, NULL, NULL, NULL)
INSERT [dbo].[UserAnswer] ([Id], [UserQuizzId], [QuestionId], [AnswerId], [AnswerAt], [IsCorrect]) VALUES (302, 57, 63, NULL, NULL, NULL)
INSERT [dbo].[UserAnswer] ([Id], [UserQuizzId], [QuestionId], [AnswerId], [AnswerAt], [IsCorrect]) VALUES (303, 56, 115, NULL, NULL, NULL)
INSERT [dbo].[UserAnswer] ([Id], [UserQuizzId], [QuestionId], [AnswerId], [AnswerAt], [IsCorrect]) VALUES (304, 57, 124, NULL, NULL, NULL)
INSERT [dbo].[UserAnswer] ([Id], [UserQuizzId], [QuestionId], [AnswerId], [AnswerAt], [IsCorrect]) VALUES (305, 56, 124, NULL, NULL, NULL)
INSERT [dbo].[UserAnswer] ([Id], [UserQuizzId], [QuestionId], [AnswerId], [AnswerAt], [IsCorrect]) VALUES (306, 57, 60, NULL, NULL, NULL)
INSERT [dbo].[UserAnswer] ([Id], [UserQuizzId], [QuestionId], [AnswerId], [AnswerAt], [IsCorrect]) VALUES (307, 56, 32, NULL, NULL, NULL)
INSERT [dbo].[UserAnswer] ([Id], [UserQuizzId], [QuestionId], [AnswerId], [AnswerAt], [IsCorrect]) VALUES (308, 57, 95, NULL, NULL, NULL)
INSERT [dbo].[UserAnswer] ([Id], [UserQuizzId], [QuestionId], [AnswerId], [AnswerAt], [IsCorrect]) VALUES (309, 56, 135, NULL, NULL, NULL)
INSERT [dbo].[UserAnswer] ([Id], [UserQuizzId], [QuestionId], [AnswerId], [AnswerAt], [IsCorrect]) VALUES (310, 57, 132, NULL, NULL, NULL)
INSERT [dbo].[UserAnswer] ([Id], [UserQuizzId], [QuestionId], [AnswerId], [AnswerAt], [IsCorrect]) VALUES (311, 58, 62, 245, CAST(N'2025-08-15T17:13:59.713' AS DateTime), 1)
INSERT [dbo].[UserAnswer] ([Id], [UserQuizzId], [QuestionId], [AnswerId], [AnswerAt], [IsCorrect]) VALUES (312, 58, 1, 1, CAST(N'2025-08-15T17:13:59.707' AS DateTime), 0)
INSERT [dbo].[UserAnswer] ([Id], [UserQuizzId], [QuestionId], [AnswerId], [AnswerAt], [IsCorrect]) VALUES (313, 58, 43, 169, CAST(N'2025-08-15T17:13:59.713' AS DateTime), 1)
INSERT [dbo].[UserAnswer] ([Id], [UserQuizzId], [QuestionId], [AnswerId], [AnswerAt], [IsCorrect]) VALUES (314, 58, 103, 409, CAST(N'2025-08-15T17:13:59.717' AS DateTime), 1)
INSERT [dbo].[UserAnswer] ([Id], [UserQuizzId], [QuestionId], [AnswerId], [AnswerAt], [IsCorrect]) VALUES (315, 58, 80, 317, CAST(N'2025-08-15T17:13:59.717' AS DateTime), 1)
INSERT [dbo].[UserAnswer] ([Id], [UserQuizzId], [QuestionId], [AnswerId], [AnswerAt], [IsCorrect]) VALUES (316, 58, 129, 513, CAST(N'2025-08-15T17:13:59.717' AS DateTime), 1)
INSERT [dbo].[UserAnswer] ([Id], [UserQuizzId], [QuestionId], [AnswerId], [AnswerAt], [IsCorrect]) VALUES (317, 58, 99, 393, CAST(N'2025-08-15T17:13:59.717' AS DateTime), 1)
INSERT [dbo].[UserAnswer] ([Id], [UserQuizzId], [QuestionId], [AnswerId], [AnswerAt], [IsCorrect]) VALUES (318, 58, 61, 241, CAST(N'2025-08-15T17:13:59.713' AS DateTime), 1)
INSERT [dbo].[UserAnswer] ([Id], [UserQuizzId], [QuestionId], [AnswerId], [AnswerAt], [IsCorrect]) VALUES (319, 58, 51, 201, CAST(N'2025-08-15T17:13:59.713' AS DateTime), 1)
INSERT [dbo].[UserAnswer] ([Id], [UserQuizzId], [QuestionId], [AnswerId], [AnswerAt], [IsCorrect]) VALUES (320, 58, 124, 493, CAST(N'2025-08-15T17:13:59.717' AS DateTime), 1)
SET IDENTITY_INSERT [dbo].[UserAnswer] OFF
GO
SET IDENTITY_INSERT [dbo].[UserQuizz] ON 

INSERT [dbo].[UserQuizz] ([Id], [QuizId], [StartAt], [SubmitAt], [Duration], [Score], [ModuleProgressId], [IsPass]) VALUES (1, 1, CAST(N'2025-07-09T16:44:52.580' AS DateTime), CAST(N'2025-07-09T16:47:55.943' AS DateTime), 3.0560631833333334, 0, 1, 0)
INSERT [dbo].[UserQuizz] ([Id], [QuizId], [StartAt], [SubmitAt], [Duration], [Score], [ModuleProgressId], [IsPass]) VALUES (2, 20, CAST(N'2025-07-20T22:20:10.180' AS DateTime), NULL, NULL, NULL, 1, NULL)
INSERT [dbo].[UserQuizz] ([Id], [QuizId], [StartAt], [SubmitAt], [Duration], [Score], [ModuleProgressId], [IsPass]) VALUES (3, 20, CAST(N'2025-07-22T18:55:48.520' AS DateTime), NULL, NULL, NULL, 1, NULL)
INSERT [dbo].[UserQuizz] ([Id], [QuizId], [StartAt], [SubmitAt], [Duration], [Score], [ModuleProgressId], [IsPass]) VALUES (5, 20, CAST(N'2025-07-27T21:40:23.333' AS DateTime), NULL, NULL, NULL, 1, NULL)
INSERT [dbo].[UserQuizz] ([Id], [QuizId], [StartAt], [SubmitAt], [Duration], [Score], [ModuleProgressId], [IsPass]) VALUES (6, 20, CAST(N'2025-07-29T15:12:58.627' AS DateTime), CAST(N'2025-07-29T15:17:07.127' AS DateTime), 4.141664256666667, 100, 1, 1)
INSERT [dbo].[UserQuizz] ([Id], [QuizId], [StartAt], [SubmitAt], [Duration], [Score], [ModuleProgressId], [IsPass]) VALUES (7, 2, CAST(N'2025-07-29T16:30:57.150' AS DateTime), CAST(N'2025-07-29T16:32:49.070' AS DateTime), 1.8653429516666666, 100, 14, 1)
INSERT [dbo].[UserQuizz] ([Id], [QuizId], [StartAt], [SubmitAt], [Duration], [Score], [ModuleProgressId], [IsPass]) VALUES (8, 4, CAST(N'2025-07-29T16:34:15.107' AS DateTime), NULL, NULL, NULL, 13, NULL)
INSERT [dbo].[UserQuizz] ([Id], [QuizId], [StartAt], [SubmitAt], [Duration], [Score], [ModuleProgressId], [IsPass]) VALUES (9, 4, CAST(N'2025-07-29T16:53:30.167' AS DateTime), CAST(N'2025-07-29T16:54:42.633' AS DateTime), 1.2077591933333334, 100, 13, 1)
INSERT [dbo].[UserQuizz] ([Id], [QuizId], [StartAt], [SubmitAt], [Duration], [Score], [ModuleProgressId], [IsPass]) VALUES (10, 4, CAST(N'2025-07-29T16:59:09.673' AS DateTime), CAST(N'2025-07-29T17:00:19.367' AS DateTime), 1.16154276, 100, 13, 1)
INSERT [dbo].[UserQuizz] ([Id], [QuizId], [StartAt], [SubmitAt], [Duration], [Score], [ModuleProgressId], [IsPass]) VALUES (11, 3, CAST(N'2025-07-29T17:01:46.290' AS DateTime), CAST(N'2025-07-29T17:02:52.077' AS DateTime), 1.0964604716666666, 100, 15, 1)
INSERT [dbo].[UserQuizz] ([Id], [QuizId], [StartAt], [SubmitAt], [Duration], [Score], [ModuleProgressId], [IsPass]) VALUES (12, 4, CAST(N'2025-07-29T22:45:33.237' AS DateTime), CAST(N'2025-07-29T22:48:23.033' AS DateTime), 2.8299467483333332, 100, 16, 1)
INSERT [dbo].[UserQuizz] ([Id], [QuizId], [StartAt], [SubmitAt], [Duration], [Score], [ModuleProgressId], [IsPass]) VALUES (13, 2, CAST(N'2025-07-29T22:48:46.023' AS DateTime), CAST(N'2025-07-29T22:49:33.917' AS DateTime), 0.79823207833333332, 100, 17, 1)
INSERT [dbo].[UserQuizz] ([Id], [QuizId], [StartAt], [SubmitAt], [Duration], [Score], [ModuleProgressId], [IsPass]) VALUES (14, 3, CAST(N'2025-07-29T22:49:47.960' AS DateTime), CAST(N'2025-07-29T22:51:05.527' AS DateTime), 1.2927685616666667, 100, 18, 1)
INSERT [dbo].[UserQuizz] ([Id], [QuizId], [StartAt], [SubmitAt], [Duration], [Score], [ModuleProgressId], [IsPass]) VALUES (15, 4, CAST(N'2025-07-30T21:50:25.940' AS DateTime), NULL, NULL, NULL, 19, NULL)
INSERT [dbo].[UserQuizz] ([Id], [QuizId], [StartAt], [SubmitAt], [Duration], [Score], [ModuleProgressId], [IsPass]) VALUES (16, 4, CAST(N'2025-07-30T21:56:01.430' AS DateTime), NULL, NULL, NULL, 19, NULL)
INSERT [dbo].[UserQuizz] ([Id], [QuizId], [StartAt], [SubmitAt], [Duration], [Score], [ModuleProgressId], [IsPass]) VALUES (17, 4, CAST(N'2025-07-30T21:59:12.330' AS DateTime), NULL, NULL, NULL, 19, NULL)
INSERT [dbo].[UserQuizz] ([Id], [QuizId], [StartAt], [SubmitAt], [Duration], [Score], [ModuleProgressId], [IsPass]) VALUES (18, 4, CAST(N'2025-07-30T22:01:34.517' AS DateTime), NULL, NULL, NULL, 19, NULL)
INSERT [dbo].[UserQuizz] ([Id], [QuizId], [StartAt], [SubmitAt], [Duration], [Score], [ModuleProgressId], [IsPass]) VALUES (19, 4, CAST(N'2025-07-30T22:09:35.103' AS DateTime), NULL, NULL, NULL, 19, NULL)
INSERT [dbo].[UserQuizz] ([Id], [QuizId], [StartAt], [SubmitAt], [Duration], [Score], [ModuleProgressId], [IsPass]) VALUES (20, 4, CAST(N'2025-07-30T22:10:08.753' AS DateTime), CAST(N'2025-07-30T22:11:25.010' AS DateTime), 1.2709665683333333, 100, 19, 1)
INSERT [dbo].[UserQuizz] ([Id], [QuizId], [StartAt], [SubmitAt], [Duration], [Score], [ModuleProgressId], [IsPass]) VALUES (21, 2, CAST(N'2025-07-30T22:12:32.983' AS DateTime), CAST(N'2025-07-30T22:13:16.977' AS DateTime), 0.73321909, 100, 20, 1)
INSERT [dbo].[UserQuizz] ([Id], [QuizId], [StartAt], [SubmitAt], [Duration], [Score], [ModuleProgressId], [IsPass]) VALUES (22, 3, CAST(N'2025-07-30T22:14:02.460' AS DateTime), CAST(N'2025-07-30T22:15:11.153' AS DateTime), 1.14486762, 100, 21, 1)
INSERT [dbo].[UserQuizz] ([Id], [QuizId], [StartAt], [SubmitAt], [Duration], [Score], [ModuleProgressId], [IsPass]) VALUES (23, 4, CAST(N'2025-07-30T23:44:10.160' AS DateTime), CAST(N'2025-07-30T23:45:27.883' AS DateTime), 1.2953914783333334, 100, 24, 0)
INSERT [dbo].[UserQuizz] ([Id], [QuizId], [StartAt], [SubmitAt], [Duration], [Score], [ModuleProgressId], [IsPass]) VALUES (24, 4, CAST(N'2025-07-30T23:45:32.387' AS DateTime), CAST(N'2025-07-30T23:47:22.110' AS DateTime), 1.8287291833333332, 0, 24, 0)
INSERT [dbo].[UserQuizz] ([Id], [QuizId], [StartAt], [SubmitAt], [Duration], [Score], [ModuleProgressId], [IsPass]) VALUES (25, 2, CAST(N'2025-07-30T23:53:42.693' AS DateTime), CAST(N'2025-07-30T23:55:35.407' AS DateTime), 1.8785885716666666, 100, 25, 0)
INSERT [dbo].[UserQuizz] ([Id], [QuizId], [StartAt], [SubmitAt], [Duration], [Score], [ModuleProgressId], [IsPass]) VALUES (26, 4, CAST(N'2025-07-31T00:02:47.293' AS DateTime), CAST(N'2025-07-31T00:04:07.210' AS DateTime), 1.3319707766666666, 100, 24, 1)
INSERT [dbo].[UserQuizz] ([Id], [QuizId], [StartAt], [SubmitAt], [Duration], [Score], [ModuleProgressId], [IsPass]) VALUES (27, 2, CAST(N'2025-07-31T00:07:25.427' AS DateTime), CAST(N'2025-07-31T00:08:23.707' AS DateTime), 0.9713436, 100, 25, 1)
INSERT [dbo].[UserQuizz] ([Id], [QuizId], [StartAt], [SubmitAt], [Duration], [Score], [ModuleProgressId], [IsPass]) VALUES (28, 2, CAST(N'2025-07-31T00:10:15.150' AS DateTime), NULL, NULL, NULL, 25, NULL)
INSERT [dbo].[UserQuizz] ([Id], [QuizId], [StartAt], [SubmitAt], [Duration], [Score], [ModuleProgressId], [IsPass]) VALUES (29, 3, CAST(N'2025-07-31T00:10:17.500' AS DateTime), NULL, NULL, NULL, 26, NULL)
INSERT [dbo].[UserQuizz] ([Id], [QuizId], [StartAt], [SubmitAt], [Duration], [Score], [ModuleProgressId], [IsPass]) VALUES (30, 3, CAST(N'2025-07-31T00:10:48.007' AS DateTime), CAST(N'2025-07-31T00:11:41.037' AS DateTime), 0.88383456666666671, 100, 26, 1)
INSERT [dbo].[UserQuizz] ([Id], [QuizId], [StartAt], [SubmitAt], [Duration], [Score], [ModuleProgressId], [IsPass]) VALUES (31, 3, CAST(N'2025-08-02T01:25:12.533' AS DateTime), NULL, NULL, NULL, 26, NULL)
INSERT [dbo].[UserQuizz] ([Id], [QuizId], [StartAt], [SubmitAt], [Duration], [Score], [ModuleProgressId], [IsPass]) VALUES (32, 4, CAST(N'2025-08-02T01:26:03.410' AS DateTime), NULL, NULL, NULL, 24, NULL)
INSERT [dbo].[UserQuizz] ([Id], [QuizId], [StartAt], [SubmitAt], [Duration], [Score], [ModuleProgressId], [IsPass]) VALUES (33, 20, CAST(N'2025-08-04T21:01:50.423' AS DateTime), CAST(N'2025-08-04T21:02:09.170' AS DateTime), 0.31244711666666669, 40, 1, 0)
INSERT [dbo].[UserQuizz] ([Id], [QuizId], [StartAt], [SubmitAt], [Duration], [Score], [ModuleProgressId], [IsPass]) VALUES (34, 20, CAST(N'2025-08-04T21:02:31.783' AS DateTime), CAST(N'2025-08-04T21:03:17.030' AS DateTime), 0.75412191, 10, 1, 0)
INSERT [dbo].[UserQuizz] ([Id], [QuizId], [StartAt], [SubmitAt], [Duration], [Score], [ModuleProgressId], [IsPass]) VALUES (35, 4, CAST(N'2025-08-09T03:31:09.433' AS DateTime), CAST(N'2025-08-09T03:31:16.620' AS DateTime), 0.11977801166666667, 100, 72, 1)
INSERT [dbo].[UserQuizz] ([Id], [QuizId], [StartAt], [SubmitAt], [Duration], [Score], [ModuleProgressId], [IsPass]) VALUES (36, 3, CAST(N'2025-08-09T03:38:42.010' AS DateTime), NULL, NULL, NULL, 74, NULL)
INSERT [dbo].[UserQuizz] ([Id], [QuizId], [StartAt], [SubmitAt], [Duration], [Score], [ModuleProgressId], [IsPass]) VALUES (37, 3, CAST(N'2025-08-09T03:38:42.060' AS DateTime), NULL, NULL, NULL, 74, NULL)
INSERT [dbo].[UserQuizz] ([Id], [QuizId], [StartAt], [SubmitAt], [Duration], [Score], [ModuleProgressId], [IsPass]) VALUES (38, 3, CAST(N'2025-08-09T03:42:43.057' AS DateTime), CAST(N'2025-08-09T03:42:49.550' AS DateTime), 0.108220235, 100, 74, 1)
INSERT [dbo].[UserQuizz] ([Id], [QuizId], [StartAt], [SubmitAt], [Duration], [Score], [ModuleProgressId], [IsPass]) VALUES (39, 2, CAST(N'2025-08-09T03:42:52.420' AS DateTime), CAST(N'2025-08-09T03:42:57.840' AS DateTime), 0.090349838333333335, 0, 73, 0)
INSERT [dbo].[UserQuizz] ([Id], [QuizId], [StartAt], [SubmitAt], [Duration], [Score], [ModuleProgressId], [IsPass]) VALUES (40, 2, CAST(N'2025-08-09T03:44:20.083' AS DateTime), CAST(N'2025-08-09T03:44:25.297' AS DateTime), 0.086889691666666671, 80, 73, 1)
INSERT [dbo].[UserQuizz] ([Id], [QuizId], [StartAt], [SubmitAt], [Duration], [Score], [ModuleProgressId], [IsPass]) VALUES (41, 3, CAST(N'2025-08-09T03:56:15.297' AS DateTime), NULL, NULL, NULL, 75, NULL)
INSERT [dbo].[UserQuizz] ([Id], [QuizId], [StartAt], [SubmitAt], [Duration], [Score], [ModuleProgressId], [IsPass]) VALUES (42, 4, CAST(N'2025-08-09T04:04:16.737' AS DateTime), CAST(N'2025-08-09T04:04:23.677' AS DateTime), 0.11564647833333333, 100, 81, 1)
INSERT [dbo].[UserQuizz] ([Id], [QuizId], [StartAt], [SubmitAt], [Duration], [Score], [ModuleProgressId], [IsPass]) VALUES (43, 2, CAST(N'2025-08-09T04:04:28.843' AS DateTime), CAST(N'2025-08-09T04:04:34.100' AS DateTime), 0.087618451666666666, 100, 82, 1)
INSERT [dbo].[UserQuizz] ([Id], [QuizId], [StartAt], [SubmitAt], [Duration], [Score], [ModuleProgressId], [IsPass]) VALUES (44, 3, CAST(N'2025-08-09T04:04:37.403' AS DateTime), CAST(N'2025-08-09T04:04:42.300' AS DateTime), 0.081621255, 100, 83, 1)
INSERT [dbo].[UserQuizz] ([Id], [QuizId], [StartAt], [SubmitAt], [Duration], [Score], [ModuleProgressId], [IsPass]) VALUES (45, 4, CAST(N'2025-08-09T04:08:40.050' AS DateTime), CAST(N'2025-08-09T04:08:44.480' AS DateTime), 0.073814353333333332, 0, 78, 0)
INSERT [dbo].[UserQuizz] ([Id], [QuizId], [StartAt], [SubmitAt], [Duration], [Score], [ModuleProgressId], [IsPass]) VALUES (46, 2, CAST(N'2025-08-09T04:11:17.283' AS DateTime), CAST(N'2025-08-09T04:11:22.343' AS DateTime), 0.084333386666666663, 100, 79, 1)
INSERT [dbo].[UserQuizz] ([Id], [QuizId], [StartAt], [SubmitAt], [Duration], [Score], [ModuleProgressId], [IsPass]) VALUES (47, 2, CAST(N'2025-08-09T04:11:50.867' AS DateTime), CAST(N'2025-08-09T04:11:55.467' AS DateTime), 0.0766437, 0, 79, 0)
INSERT [dbo].[UserQuizz] ([Id], [QuizId], [StartAt], [SubmitAt], [Duration], [Score], [ModuleProgressId], [IsPass]) VALUES (48, 4, CAST(N'2025-08-09T04:15:29.873' AS DateTime), CAST(N'2025-08-09T04:15:35.053' AS DateTime), 0.086339598333333337, 100, 78, 1)
INSERT [dbo].[UserQuizz] ([Id], [QuizId], [StartAt], [SubmitAt], [Duration], [Score], [ModuleProgressId], [IsPass]) VALUES (49, 3, CAST(N'2025-08-09T04:16:26.027' AS DateTime), CAST(N'2025-08-09T04:16:31.733' AS DateTime), 0.095096115, 100, 80, 1)
INSERT [dbo].[UserQuizz] ([Id], [QuizId], [StartAt], [SubmitAt], [Duration], [Score], [ModuleProgressId], [IsPass]) VALUES (50, 2, CAST(N'2025-08-09T04:16:34.873' AS DateTime), CAST(N'2025-08-09T04:16:39.363' AS DateTime), 0.074835606666666665, 0, 79, 0)
INSERT [dbo].[UserQuizz] ([Id], [QuizId], [StartAt], [SubmitAt], [Duration], [Score], [ModuleProgressId], [IsPass]) VALUES (51, 4, CAST(N'2025-08-09T16:04:35.323' AS DateTime), CAST(N'2025-08-09T16:04:41.447' AS DateTime), 0.10204009333333333, 0, 86, 0)
INSERT [dbo].[UserQuizz] ([Id], [QuizId], [StartAt], [SubmitAt], [Duration], [Score], [ModuleProgressId], [IsPass]) VALUES (52, 4, CAST(N'2025-08-13T19:45:09.070' AS DateTime), CAST(N'2025-08-13T19:45:15.907' AS DateTime), 0.113934205, 100, 86, 1)
INSERT [dbo].[UserQuizz] ([Id], [QuizId], [StartAt], [SubmitAt], [Duration], [Score], [ModuleProgressId], [IsPass]) VALUES (53, 2, CAST(N'2025-08-13T19:45:35.220' AS DateTime), CAST(N'2025-08-13T19:45:42.670' AS DateTime), 0.12418674166666667, 100, 87, 1)
INSERT [dbo].[UserQuizz] ([Id], [QuizId], [StartAt], [SubmitAt], [Duration], [Score], [ModuleProgressId], [IsPass]) VALUES (54, 3, CAST(N'2025-08-14T19:50:48.100' AS DateTime), CAST(N'2025-08-14T19:50:59.483' AS DateTime), 0.18973994666666666, 100, 88, 1)
INSERT [dbo].[UserQuizz] ([Id], [QuizId], [StartAt], [SubmitAt], [Duration], [Score], [ModuleProgressId], [IsPass]) VALUES (55, 3, CAST(N'2025-08-14T19:50:59.823' AS DateTime), NULL, NULL, NULL, 88, NULL)
INSERT [dbo].[UserQuizz] ([Id], [QuizId], [StartAt], [SubmitAt], [Duration], [Score], [ModuleProgressId], [IsPass]) VALUES (56, 20, CAST(N'2025-08-15T17:13:29.030' AS DateTime), NULL, NULL, NULL, 90, NULL)
INSERT [dbo].[UserQuizz] ([Id], [QuizId], [StartAt], [SubmitAt], [Duration], [Score], [ModuleProgressId], [IsPass]) VALUES (57, 20, CAST(N'2025-08-15T17:13:29.030' AS DateTime), NULL, NULL, NULL, 90, NULL)
INSERT [dbo].[UserQuizz] ([Id], [QuizId], [StartAt], [SubmitAt], [Duration], [Score], [ModuleProgressId], [IsPass]) VALUES (58, 20, CAST(N'2025-08-15T17:13:47.030' AS DateTime), CAST(N'2025-08-15T17:13:59.717' AS DateTime), 0.21144853, 90, 90, 1)
SET IDENTITY_INSERT [dbo].[UserQuizz] OFF
GO
SET IDENTITY_INSERT [dbo].[UserQuizzQuestion] ON 

INSERT [dbo].[UserQuizzQuestion] ([Id], [UserQuizId], [Queestionid]) VALUES (1, 1, 5)
INSERT [dbo].[UserQuizzQuestion] ([Id], [UserQuizId], [Queestionid]) VALUES (2, 1, 17)
INSERT [dbo].[UserQuizzQuestion] ([Id], [UserQuizId], [Queestionid]) VALUES (3, 1, 21)
INSERT [dbo].[UserQuizzQuestion] ([Id], [UserQuizId], [Queestionid]) VALUES (4, 1, 18)
INSERT [dbo].[UserQuizzQuestion] ([Id], [UserQuizId], [Queestionid]) VALUES (5, 1, 27)
INSERT [dbo].[UserQuizzQuestion] ([Id], [UserQuizId], [Queestionid]) VALUES (6, 2, 30)
INSERT [dbo].[UserQuizzQuestion] ([Id], [UserQuizId], [Queestionid]) VALUES (7, 2, 1)
INSERT [dbo].[UserQuizzQuestion] ([Id], [UserQuizId], [Queestionid]) VALUES (8, 2, 29)
INSERT [dbo].[UserQuizzQuestion] ([Id], [UserQuizId], [Queestionid]) VALUES (9, 2, 9)
INSERT [dbo].[UserQuizzQuestion] ([Id], [UserQuizId], [Queestionid]) VALUES (10, 2, 4)
INSERT [dbo].[UserQuizzQuestion] ([Id], [UserQuizId], [Queestionid]) VALUES (11, 3, 8)
INSERT [dbo].[UserQuizzQuestion] ([Id], [UserQuizId], [Queestionid]) VALUES (12, 3, 18)
INSERT [dbo].[UserQuizzQuestion] ([Id], [UserQuizId], [Queestionid]) VALUES (13, 3, 20)
INSERT [dbo].[UserQuizzQuestion] ([Id], [UserQuizId], [Queestionid]) VALUES (14, 3, 5)
INSERT [dbo].[UserQuizzQuestion] ([Id], [UserQuizId], [Queestionid]) VALUES (15, 3, 10)
INSERT [dbo].[UserQuizzQuestion] ([Id], [UserQuizId], [Queestionid]) VALUES (16, 5, 61)
INSERT [dbo].[UserQuizzQuestion] ([Id], [UserQuizId], [Queestionid]) VALUES (17, 5, 74)
INSERT [dbo].[UserQuizzQuestion] ([Id], [UserQuizId], [Queestionid]) VALUES (18, 5, 63)
INSERT [dbo].[UserQuizzQuestion] ([Id], [UserQuizId], [Queestionid]) VALUES (19, 5, 77)
INSERT [dbo].[UserQuizzQuestion] ([Id], [UserQuizId], [Queestionid]) VALUES (20, 5, 82)
INSERT [dbo].[UserQuizzQuestion] ([Id], [UserQuizId], [Queestionid]) VALUES (21, 5, 70)
INSERT [dbo].[UserQuizzQuestion] ([Id], [UserQuizId], [Queestionid]) VALUES (22, 5, 80)
INSERT [dbo].[UserQuizzQuestion] ([Id], [UserQuizId], [Queestionid]) VALUES (23, 5, 75)
INSERT [dbo].[UserQuizzQuestion] ([Id], [UserQuizId], [Queestionid]) VALUES (24, 5, 73)
INSERT [dbo].[UserQuizzQuestion] ([Id], [UserQuizId], [Queestionid]) VALUES (25, 5, 69)
INSERT [dbo].[UserQuizzQuestion] ([Id], [UserQuizId], [Queestionid]) VALUES (26, 6, 80)
INSERT [dbo].[UserQuizzQuestion] ([Id], [UserQuizId], [Queestionid]) VALUES (27, 6, 103)
INSERT [dbo].[UserQuizzQuestion] ([Id], [UserQuizId], [Queestionid]) VALUES (28, 6, 118)
INSERT [dbo].[UserQuizzQuestion] ([Id], [UserQuizId], [Queestionid]) VALUES (29, 6, 37)
INSERT [dbo].[UserQuizzQuestion] ([Id], [UserQuizId], [Queestionid]) VALUES (30, 6, 102)
INSERT [dbo].[UserQuizzQuestion] ([Id], [UserQuizId], [Queestionid]) VALUES (31, 6, 124)
INSERT [dbo].[UserQuizzQuestion] ([Id], [UserQuizId], [Queestionid]) VALUES (32, 6, 19)
INSERT [dbo].[UserQuizzQuestion] ([Id], [UserQuizId], [Queestionid]) VALUES (33, 6, 59)
INSERT [dbo].[UserQuizzQuestion] ([Id], [UserQuizId], [Queestionid]) VALUES (34, 6, 18)
INSERT [dbo].[UserQuizzQuestion] ([Id], [UserQuizId], [Queestionid]) VALUES (35, 6, 61)
INSERT [dbo].[UserQuizzQuestion] ([Id], [UserQuizId], [Queestionid]) VALUES (36, 7, 39)
INSERT [dbo].[UserQuizzQuestion] ([Id], [UserQuizId], [Queestionid]) VALUES (37, 7, 57)
INSERT [dbo].[UserQuizzQuestion] ([Id], [UserQuizId], [Queestionid]) VALUES (38, 7, 35)
INSERT [dbo].[UserQuizzQuestion] ([Id], [UserQuizId], [Queestionid]) VALUES (39, 7, 37)
INSERT [dbo].[UserQuizzQuestion] ([Id], [UserQuizId], [Queestionid]) VALUES (40, 7, 36)
INSERT [dbo].[UserQuizzQuestion] ([Id], [UserQuizId], [Queestionid]) VALUES (41, 8, 106)
INSERT [dbo].[UserQuizzQuestion] ([Id], [UserQuizId], [Queestionid]) VALUES (42, 8, 119)
INSERT [dbo].[UserQuizzQuestion] ([Id], [UserQuizId], [Queestionid]) VALUES (43, 8, 92)
INSERT [dbo].[UserQuizzQuestion] ([Id], [UserQuizId], [Queestionid]) VALUES (44, 8, 118)
INSERT [dbo].[UserQuizzQuestion] ([Id], [UserQuizId], [Queestionid]) VALUES (45, 8, 103)
INSERT [dbo].[UserQuizzQuestion] ([Id], [UserQuizId], [Queestionid]) VALUES (46, 9, 99)
INSERT [dbo].[UserQuizzQuestion] ([Id], [UserQuizId], [Queestionid]) VALUES (47, 9, 110)
INSERT [dbo].[UserQuizzQuestion] ([Id], [UserQuizId], [Queestionid]) VALUES (48, 9, 116)
INSERT [dbo].[UserQuizzQuestion] ([Id], [UserQuizId], [Queestionid]) VALUES (49, 9, 108)
INSERT [dbo].[UserQuizzQuestion] ([Id], [UserQuizId], [Queestionid]) VALUES (50, 9, 115)
INSERT [dbo].[UserQuizzQuestion] ([Id], [UserQuizId], [Queestionid]) VALUES (51, 10, 98)
INSERT [dbo].[UserQuizzQuestion] ([Id], [UserQuizId], [Queestionid]) VALUES (52, 10, 102)
INSERT [dbo].[UserQuizzQuestion] ([Id], [UserQuizId], [Queestionid]) VALUES (53, 10, 105)
INSERT [dbo].[UserQuizzQuestion] ([Id], [UserQuizId], [Queestionid]) VALUES (54, 10, 115)
INSERT [dbo].[UserQuizzQuestion] ([Id], [UserQuizId], [Queestionid]) VALUES (55, 10, 113)
INSERT [dbo].[UserQuizzQuestion] ([Id], [UserQuizId], [Queestionid]) VALUES (56, 11, 83)
INSERT [dbo].[UserQuizzQuestion] ([Id], [UserQuizId], [Queestionid]) VALUES (57, 11, 65)
INSERT [dbo].[UserQuizzQuestion] ([Id], [UserQuizId], [Queestionid]) VALUES (58, 11, 90)
INSERT [dbo].[UserQuizzQuestion] ([Id], [UserQuizId], [Queestionid]) VALUES (59, 11, 69)
INSERT [dbo].[UserQuizzQuestion] ([Id], [UserQuizId], [Queestionid]) VALUES (60, 11, 84)
INSERT [dbo].[UserQuizzQuestion] ([Id], [UserQuizId], [Queestionid]) VALUES (61, 12, 100)
INSERT [dbo].[UserQuizzQuestion] ([Id], [UserQuizId], [Queestionid]) VALUES (62, 12, 99)
INSERT [dbo].[UserQuizzQuestion] ([Id], [UserQuizId], [Queestionid]) VALUES (63, 12, 112)
INSERT [dbo].[UserQuizzQuestion] ([Id], [UserQuizId], [Queestionid]) VALUES (64, 12, 97)
INSERT [dbo].[UserQuizzQuestion] ([Id], [UserQuizId], [Queestionid]) VALUES (65, 12, 103)
INSERT [dbo].[UserQuizzQuestion] ([Id], [UserQuizId], [Queestionid]) VALUES (66, 13, 42)
INSERT [dbo].[UserQuizzQuestion] ([Id], [UserQuizId], [Queestionid]) VALUES (67, 13, 54)
INSERT [dbo].[UserQuizzQuestion] ([Id], [UserQuizId], [Queestionid]) VALUES (68, 13, 39)
INSERT [dbo].[UserQuizzQuestion] ([Id], [UserQuizId], [Queestionid]) VALUES (69, 13, 52)
INSERT [dbo].[UserQuizzQuestion] ([Id], [UserQuizId], [Queestionid]) VALUES (70, 13, 36)
INSERT [dbo].[UserQuizzQuestion] ([Id], [UserQuizId], [Queestionid]) VALUES (71, 14, 61)
INSERT [dbo].[UserQuizzQuestion] ([Id], [UserQuizId], [Queestionid]) VALUES (72, 14, 68)
INSERT [dbo].[UserQuizzQuestion] ([Id], [UserQuizId], [Queestionid]) VALUES (73, 14, 78)
INSERT [dbo].[UserQuizzQuestion] ([Id], [UserQuizId], [Queestionid]) VALUES (74, 14, 81)
INSERT [dbo].[UserQuizzQuestion] ([Id], [UserQuizId], [Queestionid]) VALUES (75, 14, 72)
INSERT [dbo].[UserQuizzQuestion] ([Id], [UserQuizId], [Queestionid]) VALUES (76, 15, 106)
INSERT [dbo].[UserQuizzQuestion] ([Id], [UserQuizId], [Queestionid]) VALUES (77, 15, 117)
INSERT [dbo].[UserQuizzQuestion] ([Id], [UserQuizId], [Queestionid]) VALUES (78, 15, 96)
INSERT [dbo].[UserQuizzQuestion] ([Id], [UserQuizId], [Queestionid]) VALUES (79, 15, 118)
INSERT [dbo].[UserQuizzQuestion] ([Id], [UserQuizId], [Queestionid]) VALUES (80, 15, 104)
INSERT [dbo].[UserQuizzQuestion] ([Id], [UserQuizId], [Queestionid]) VALUES (81, 16, 116)
INSERT [dbo].[UserQuizzQuestion] ([Id], [UserQuizId], [Queestionid]) VALUES (82, 16, 104)
INSERT [dbo].[UserQuizzQuestion] ([Id], [UserQuizId], [Queestionid]) VALUES (83, 16, 115)
INSERT [dbo].[UserQuizzQuestion] ([Id], [UserQuizId], [Queestionid]) VALUES (84, 16, 119)
INSERT [dbo].[UserQuizzQuestion] ([Id], [UserQuizId], [Queestionid]) VALUES (85, 16, 117)
INSERT [dbo].[UserQuizzQuestion] ([Id], [UserQuizId], [Queestionid]) VALUES (86, 17, 97)
INSERT [dbo].[UserQuizzQuestion] ([Id], [UserQuizId], [Queestionid]) VALUES (87, 17, 108)
INSERT [dbo].[UserQuizzQuestion] ([Id], [UserQuizId], [Queestionid]) VALUES (88, 17, 104)
INSERT [dbo].[UserQuizzQuestion] ([Id], [UserQuizId], [Queestionid]) VALUES (89, 17, 119)
INSERT [dbo].[UserQuizzQuestion] ([Id], [UserQuizId], [Queestionid]) VALUES (90, 17, 96)
INSERT [dbo].[UserQuizzQuestion] ([Id], [UserQuizId], [Queestionid]) VALUES (91, 18, 111)
INSERT [dbo].[UserQuizzQuestion] ([Id], [UserQuizId], [Queestionid]) VALUES (92, 18, 110)
INSERT [dbo].[UserQuizzQuestion] ([Id], [UserQuizId], [Queestionid]) VALUES (93, 18, 107)
INSERT [dbo].[UserQuizzQuestion] ([Id], [UserQuizId], [Queestionid]) VALUES (94, 18, 109)
INSERT [dbo].[UserQuizzQuestion] ([Id], [UserQuizId], [Queestionid]) VALUES (95, 18, 118)
INSERT [dbo].[UserQuizzQuestion] ([Id], [UserQuizId], [Queestionid]) VALUES (96, 19, 107)
INSERT [dbo].[UserQuizzQuestion] ([Id], [UserQuizId], [Queestionid]) VALUES (97, 19, 114)
INSERT [dbo].[UserQuizzQuestion] ([Id], [UserQuizId], [Queestionid]) VALUES (98, 19, 115)
INSERT [dbo].[UserQuizzQuestion] ([Id], [UserQuizId], [Queestionid]) VALUES (99, 19, 108)
GO
INSERT [dbo].[UserQuizzQuestion] ([Id], [UserQuizId], [Queestionid]) VALUES (100, 19, 102)
INSERT [dbo].[UserQuizzQuestion] ([Id], [UserQuizId], [Queestionid]) VALUES (101, 20, 95)
INSERT [dbo].[UserQuizzQuestion] ([Id], [UserQuizId], [Queestionid]) VALUES (102, 20, 119)
INSERT [dbo].[UserQuizzQuestion] ([Id], [UserQuizId], [Queestionid]) VALUES (103, 20, 91)
INSERT [dbo].[UserQuizzQuestion] ([Id], [UserQuizId], [Queestionid]) VALUES (104, 20, 106)
INSERT [dbo].[UserQuizzQuestion] ([Id], [UserQuizId], [Queestionid]) VALUES (105, 20, 92)
INSERT [dbo].[UserQuizzQuestion] ([Id], [UserQuizId], [Queestionid]) VALUES (106, 21, 59)
INSERT [dbo].[UserQuizzQuestion] ([Id], [UserQuizId], [Queestionid]) VALUES (107, 21, 47)
INSERT [dbo].[UserQuizzQuestion] ([Id], [UserQuizId], [Queestionid]) VALUES (108, 21, 31)
INSERT [dbo].[UserQuizzQuestion] ([Id], [UserQuizId], [Queestionid]) VALUES (109, 21, 51)
INSERT [dbo].[UserQuizzQuestion] ([Id], [UserQuizId], [Queestionid]) VALUES (110, 21, 32)
INSERT [dbo].[UserQuizzQuestion] ([Id], [UserQuizId], [Queestionid]) VALUES (111, 22, 86)
INSERT [dbo].[UserQuizzQuestion] ([Id], [UserQuizId], [Queestionid]) VALUES (112, 22, 68)
INSERT [dbo].[UserQuizzQuestion] ([Id], [UserQuizId], [Queestionid]) VALUES (113, 22, 90)
INSERT [dbo].[UserQuizzQuestion] ([Id], [UserQuizId], [Queestionid]) VALUES (114, 22, 83)
INSERT [dbo].[UserQuizzQuestion] ([Id], [UserQuizId], [Queestionid]) VALUES (115, 22, 71)
INSERT [dbo].[UserQuizzQuestion] ([Id], [UserQuizId], [Queestionid]) VALUES (116, 23, 119)
INSERT [dbo].[UserQuizzQuestion] ([Id], [UserQuizId], [Queestionid]) VALUES (117, 23, 101)
INSERT [dbo].[UserQuizzQuestion] ([Id], [UserQuizId], [Queestionid]) VALUES (118, 23, 111)
INSERT [dbo].[UserQuizzQuestion] ([Id], [UserQuizId], [Queestionid]) VALUES (119, 23, 91)
INSERT [dbo].[UserQuizzQuestion] ([Id], [UserQuizId], [Queestionid]) VALUES (120, 23, 103)
INSERT [dbo].[UserQuizzQuestion] ([Id], [UserQuizId], [Queestionid]) VALUES (121, 24, 99)
INSERT [dbo].[UserQuizzQuestion] ([Id], [UserQuizId], [Queestionid]) VALUES (122, 24, 113)
INSERT [dbo].[UserQuizzQuestion] ([Id], [UserQuizId], [Queestionid]) VALUES (123, 24, 104)
INSERT [dbo].[UserQuizzQuestion] ([Id], [UserQuizId], [Queestionid]) VALUES (124, 24, 117)
INSERT [dbo].[UserQuizzQuestion] ([Id], [UserQuizId], [Queestionid]) VALUES (125, 24, 118)
INSERT [dbo].[UserQuizzQuestion] ([Id], [UserQuizId], [Queestionid]) VALUES (126, 25, 32)
INSERT [dbo].[UserQuizzQuestion] ([Id], [UserQuizId], [Queestionid]) VALUES (127, 25, 44)
INSERT [dbo].[UserQuizzQuestion] ([Id], [UserQuizId], [Queestionid]) VALUES (128, 25, 55)
INSERT [dbo].[UserQuizzQuestion] ([Id], [UserQuizId], [Queestionid]) VALUES (129, 25, 45)
INSERT [dbo].[UserQuizzQuestion] ([Id], [UserQuizId], [Queestionid]) VALUES (130, 25, 46)
INSERT [dbo].[UserQuizzQuestion] ([Id], [UserQuizId], [Queestionid]) VALUES (131, 26, 111)
INSERT [dbo].[UserQuizzQuestion] ([Id], [UserQuizId], [Queestionid]) VALUES (132, 26, 99)
INSERT [dbo].[UserQuizzQuestion] ([Id], [UserQuizId], [Queestionid]) VALUES (133, 26, 116)
INSERT [dbo].[UserQuizzQuestion] ([Id], [UserQuizId], [Queestionid]) VALUES (134, 26, 105)
INSERT [dbo].[UserQuizzQuestion] ([Id], [UserQuizId], [Queestionid]) VALUES (135, 26, 120)
INSERT [dbo].[UserQuizzQuestion] ([Id], [UserQuizId], [Queestionid]) VALUES (136, 27, 49)
INSERT [dbo].[UserQuizzQuestion] ([Id], [UserQuizId], [Queestionid]) VALUES (137, 27, 48)
INSERT [dbo].[UserQuizzQuestion] ([Id], [UserQuizId], [Queestionid]) VALUES (138, 27, 50)
INSERT [dbo].[UserQuizzQuestion] ([Id], [UserQuizId], [Queestionid]) VALUES (139, 27, 40)
INSERT [dbo].[UserQuizzQuestion] ([Id], [UserQuizId], [Queestionid]) VALUES (140, 27, 46)
INSERT [dbo].[UserQuizzQuestion] ([Id], [UserQuizId], [Queestionid]) VALUES (141, 28, 41)
INSERT [dbo].[UserQuizzQuestion] ([Id], [UserQuizId], [Queestionid]) VALUES (142, 28, 51)
INSERT [dbo].[UserQuizzQuestion] ([Id], [UserQuizId], [Queestionid]) VALUES (143, 28, 40)
INSERT [dbo].[UserQuizzQuestion] ([Id], [UserQuizId], [Queestionid]) VALUES (144, 28, 31)
INSERT [dbo].[UserQuizzQuestion] ([Id], [UserQuizId], [Queestionid]) VALUES (145, 28, 50)
INSERT [dbo].[UserQuizzQuestion] ([Id], [UserQuizId], [Queestionid]) VALUES (146, 29, 71)
INSERT [dbo].[UserQuizzQuestion] ([Id], [UserQuizId], [Queestionid]) VALUES (147, 29, 79)
INSERT [dbo].[UserQuizzQuestion] ([Id], [UserQuizId], [Queestionid]) VALUES (148, 29, 86)
INSERT [dbo].[UserQuizzQuestion] ([Id], [UserQuizId], [Queestionid]) VALUES (149, 29, 76)
INSERT [dbo].[UserQuizzQuestion] ([Id], [UserQuizId], [Queestionid]) VALUES (150, 29, 78)
INSERT [dbo].[UserQuizzQuestion] ([Id], [UserQuizId], [Queestionid]) VALUES (151, 30, 68)
INSERT [dbo].[UserQuizzQuestion] ([Id], [UserQuizId], [Queestionid]) VALUES (152, 30, 65)
INSERT [dbo].[UserQuizzQuestion] ([Id], [UserQuizId], [Queestionid]) VALUES (153, 30, 63)
INSERT [dbo].[UserQuizzQuestion] ([Id], [UserQuizId], [Queestionid]) VALUES (154, 30, 87)
INSERT [dbo].[UserQuizzQuestion] ([Id], [UserQuizId], [Queestionid]) VALUES (155, 30, 85)
INSERT [dbo].[UserQuizzQuestion] ([Id], [UserQuizId], [Queestionid]) VALUES (156, 31, 85)
INSERT [dbo].[UserQuizzQuestion] ([Id], [UserQuizId], [Queestionid]) VALUES (157, 31, 88)
INSERT [dbo].[UserQuizzQuestion] ([Id], [UserQuizId], [Queestionid]) VALUES (158, 31, 77)
INSERT [dbo].[UserQuizzQuestion] ([Id], [UserQuizId], [Queestionid]) VALUES (159, 31, 64)
INSERT [dbo].[UserQuizzQuestion] ([Id], [UserQuizId], [Queestionid]) VALUES (160, 31, 62)
INSERT [dbo].[UserQuizzQuestion] ([Id], [UserQuizId], [Queestionid]) VALUES (161, 32, 116)
INSERT [dbo].[UserQuizzQuestion] ([Id], [UserQuizId], [Queestionid]) VALUES (162, 32, 102)
INSERT [dbo].[UserQuizzQuestion] ([Id], [UserQuizId], [Queestionid]) VALUES (163, 32, 96)
INSERT [dbo].[UserQuizzQuestion] ([Id], [UserQuizId], [Queestionid]) VALUES (164, 32, 94)
INSERT [dbo].[UserQuizzQuestion] ([Id], [UserQuizId], [Queestionid]) VALUES (165, 32, 110)
INSERT [dbo].[UserQuizzQuestion] ([Id], [UserQuizId], [Queestionid]) VALUES (166, 33, 89)
INSERT [dbo].[UserQuizzQuestion] ([Id], [UserQuizId], [Queestionid]) VALUES (167, 33, 82)
INSERT [dbo].[UserQuizzQuestion] ([Id], [UserQuizId], [Queestionid]) VALUES (168, 33, 54)
INSERT [dbo].[UserQuizzQuestion] ([Id], [UserQuizId], [Queestionid]) VALUES (169, 33, 3)
INSERT [dbo].[UserQuizzQuestion] ([Id], [UserQuizId], [Queestionid]) VALUES (170, 33, 86)
INSERT [dbo].[UserQuizzQuestion] ([Id], [UserQuizId], [Queestionid]) VALUES (171, 33, 56)
INSERT [dbo].[UserQuizzQuestion] ([Id], [UserQuizId], [Queestionid]) VALUES (172, 33, 61)
INSERT [dbo].[UserQuizzQuestion] ([Id], [UserQuizId], [Queestionid]) VALUES (173, 33, 5)
INSERT [dbo].[UserQuizzQuestion] ([Id], [UserQuizId], [Queestionid]) VALUES (174, 33, 66)
INSERT [dbo].[UserQuizzQuestion] ([Id], [UserQuizId], [Queestionid]) VALUES (175, 33, 2)
INSERT [dbo].[UserQuizzQuestion] ([Id], [UserQuizId], [Queestionid]) VALUES (176, 34, 71)
INSERT [dbo].[UserQuizzQuestion] ([Id], [UserQuizId], [Queestionid]) VALUES (177, 34, 44)
INSERT [dbo].[UserQuizzQuestion] ([Id], [UserQuizId], [Queestionid]) VALUES (178, 34, 8)
INSERT [dbo].[UserQuizzQuestion] ([Id], [UserQuizId], [Queestionid]) VALUES (179, 34, 104)
INSERT [dbo].[UserQuizzQuestion] ([Id], [UserQuizId], [Queestionid]) VALUES (180, 34, 138)
INSERT [dbo].[UserQuizzQuestion] ([Id], [UserQuizId], [Queestionid]) VALUES (181, 34, 57)
INSERT [dbo].[UserQuizzQuestion] ([Id], [UserQuizId], [Queestionid]) VALUES (182, 34, 20)
INSERT [dbo].[UserQuizzQuestion] ([Id], [UserQuizId], [Queestionid]) VALUES (183, 34, 61)
INSERT [dbo].[UserQuizzQuestion] ([Id], [UserQuizId], [Queestionid]) VALUES (184, 34, 129)
INSERT [dbo].[UserQuizzQuestion] ([Id], [UserQuizId], [Queestionid]) VALUES (185, 34, 109)
INSERT [dbo].[UserQuizzQuestion] ([Id], [UserQuizId], [Queestionid]) VALUES (186, 35, 108)
INSERT [dbo].[UserQuizzQuestion] ([Id], [UserQuizId], [Queestionid]) VALUES (187, 35, 119)
INSERT [dbo].[UserQuizzQuestion] ([Id], [UserQuizId], [Queestionid]) VALUES (188, 35, 116)
INSERT [dbo].[UserQuizzQuestion] ([Id], [UserQuizId], [Queestionid]) VALUES (189, 35, 101)
INSERT [dbo].[UserQuizzQuestion] ([Id], [UserQuizId], [Queestionid]) VALUES (190, 35, 112)
INSERT [dbo].[UserQuizzQuestion] ([Id], [UserQuizId], [Queestionid]) VALUES (191, 36, 81)
INSERT [dbo].[UserQuizzQuestion] ([Id], [UserQuizId], [Queestionid]) VALUES (192, 36, 69)
INSERT [dbo].[UserQuizzQuestion] ([Id], [UserQuizId], [Queestionid]) VALUES (193, 36, 70)
INSERT [dbo].[UserQuizzQuestion] ([Id], [UserQuizId], [Queestionid]) VALUES (194, 36, 85)
INSERT [dbo].[UserQuizzQuestion] ([Id], [UserQuizId], [Queestionid]) VALUES (195, 36, 83)
INSERT [dbo].[UserQuizzQuestion] ([Id], [UserQuizId], [Queestionid]) VALUES (196, 37, 87)
INSERT [dbo].[UserQuizzQuestion] ([Id], [UserQuizId], [Queestionid]) VALUES (197, 37, 70)
INSERT [dbo].[UserQuizzQuestion] ([Id], [UserQuizId], [Queestionid]) VALUES (198, 37, 85)
INSERT [dbo].[UserQuizzQuestion] ([Id], [UserQuizId], [Queestionid]) VALUES (199, 37, 81)
GO
INSERT [dbo].[UserQuizzQuestion] ([Id], [UserQuizId], [Queestionid]) VALUES (200, 37, 84)
INSERT [dbo].[UserQuizzQuestion] ([Id], [UserQuizId], [Queestionid]) VALUES (201, 38, 88)
INSERT [dbo].[UserQuizzQuestion] ([Id], [UserQuizId], [Queestionid]) VALUES (202, 38, 85)
INSERT [dbo].[UserQuizzQuestion] ([Id], [UserQuizId], [Queestionid]) VALUES (203, 38, 71)
INSERT [dbo].[UserQuizzQuestion] ([Id], [UserQuizId], [Queestionid]) VALUES (204, 38, 82)
INSERT [dbo].[UserQuizzQuestion] ([Id], [UserQuizId], [Queestionid]) VALUES (205, 38, 84)
INSERT [dbo].[UserQuizzQuestion] ([Id], [UserQuizId], [Queestionid]) VALUES (206, 39, 43)
INSERT [dbo].[UserQuizzQuestion] ([Id], [UserQuizId], [Queestionid]) VALUES (207, 39, 35)
INSERT [dbo].[UserQuizzQuestion] ([Id], [UserQuizId], [Queestionid]) VALUES (208, 39, 53)
INSERT [dbo].[UserQuizzQuestion] ([Id], [UserQuizId], [Queestionid]) VALUES (209, 39, 47)
INSERT [dbo].[UserQuizzQuestion] ([Id], [UserQuizId], [Queestionid]) VALUES (210, 39, 41)
INSERT [dbo].[UserQuizzQuestion] ([Id], [UserQuizId], [Queestionid]) VALUES (211, 40, 47)
INSERT [dbo].[UserQuizzQuestion] ([Id], [UserQuizId], [Queestionid]) VALUES (212, 40, 58)
INSERT [dbo].[UserQuizzQuestion] ([Id], [UserQuizId], [Queestionid]) VALUES (213, 40, 37)
INSERT [dbo].[UserQuizzQuestion] ([Id], [UserQuizId], [Queestionid]) VALUES (214, 40, 45)
INSERT [dbo].[UserQuizzQuestion] ([Id], [UserQuizId], [Queestionid]) VALUES (215, 40, 38)
INSERT [dbo].[UserQuizzQuestion] ([Id], [UserQuizId], [Queestionid]) VALUES (216, 41, 63)
INSERT [dbo].[UserQuizzQuestion] ([Id], [UserQuizId], [Queestionid]) VALUES (217, 41, 69)
INSERT [dbo].[UserQuizzQuestion] ([Id], [UserQuizId], [Queestionid]) VALUES (218, 41, 85)
INSERT [dbo].[UserQuizzQuestion] ([Id], [UserQuizId], [Queestionid]) VALUES (219, 41, 64)
INSERT [dbo].[UserQuizzQuestion] ([Id], [UserQuizId], [Queestionid]) VALUES (220, 41, 66)
INSERT [dbo].[UserQuizzQuestion] ([Id], [UserQuizId], [Queestionid]) VALUES (221, 42, 105)
INSERT [dbo].[UserQuizzQuestion] ([Id], [UserQuizId], [Queestionid]) VALUES (222, 42, 102)
INSERT [dbo].[UserQuizzQuestion] ([Id], [UserQuizId], [Queestionid]) VALUES (223, 42, 120)
INSERT [dbo].[UserQuizzQuestion] ([Id], [UserQuizId], [Queestionid]) VALUES (224, 42, 97)
INSERT [dbo].[UserQuizzQuestion] ([Id], [UserQuizId], [Queestionid]) VALUES (225, 42, 93)
INSERT [dbo].[UserQuizzQuestion] ([Id], [UserQuizId], [Queestionid]) VALUES (226, 43, 31)
INSERT [dbo].[UserQuizzQuestion] ([Id], [UserQuizId], [Queestionid]) VALUES (227, 43, 40)
INSERT [dbo].[UserQuizzQuestion] ([Id], [UserQuizId], [Queestionid]) VALUES (228, 43, 46)
INSERT [dbo].[UserQuizzQuestion] ([Id], [UserQuizId], [Queestionid]) VALUES (229, 43, 52)
INSERT [dbo].[UserQuizzQuestion] ([Id], [UserQuizId], [Queestionid]) VALUES (230, 43, 42)
INSERT [dbo].[UserQuizzQuestion] ([Id], [UserQuizId], [Queestionid]) VALUES (231, 44, 69)
INSERT [dbo].[UserQuizzQuestion] ([Id], [UserQuizId], [Queestionid]) VALUES (232, 44, 89)
INSERT [dbo].[UserQuizzQuestion] ([Id], [UserQuizId], [Queestionid]) VALUES (233, 44, 90)
INSERT [dbo].[UserQuizzQuestion] ([Id], [UserQuizId], [Queestionid]) VALUES (234, 44, 63)
INSERT [dbo].[UserQuizzQuestion] ([Id], [UserQuizId], [Queestionid]) VALUES (235, 44, 80)
INSERT [dbo].[UserQuizzQuestion] ([Id], [UserQuizId], [Queestionid]) VALUES (236, 45, 104)
INSERT [dbo].[UserQuizzQuestion] ([Id], [UserQuizId], [Queestionid]) VALUES (237, 45, 93)
INSERT [dbo].[UserQuizzQuestion] ([Id], [UserQuizId], [Queestionid]) VALUES (238, 45, 115)
INSERT [dbo].[UserQuizzQuestion] ([Id], [UserQuizId], [Queestionid]) VALUES (239, 45, 108)
INSERT [dbo].[UserQuizzQuestion] ([Id], [UserQuizId], [Queestionid]) VALUES (240, 45, 105)
INSERT [dbo].[UserQuizzQuestion] ([Id], [UserQuizId], [Queestionid]) VALUES (241, 46, 58)
INSERT [dbo].[UserQuizzQuestion] ([Id], [UserQuizId], [Queestionid]) VALUES (242, 46, 59)
INSERT [dbo].[UserQuizzQuestion] ([Id], [UserQuizId], [Queestionid]) VALUES (243, 46, 35)
INSERT [dbo].[UserQuizzQuestion] ([Id], [UserQuizId], [Queestionid]) VALUES (244, 46, 43)
INSERT [dbo].[UserQuizzQuestion] ([Id], [UserQuizId], [Queestionid]) VALUES (245, 46, 33)
INSERT [dbo].[UserQuizzQuestion] ([Id], [UserQuizId], [Queestionid]) VALUES (246, 47, 58)
INSERT [dbo].[UserQuizzQuestion] ([Id], [UserQuizId], [Queestionid]) VALUES (247, 47, 39)
INSERT [dbo].[UserQuizzQuestion] ([Id], [UserQuizId], [Queestionid]) VALUES (248, 47, 40)
INSERT [dbo].[UserQuizzQuestion] ([Id], [UserQuizId], [Queestionid]) VALUES (249, 47, 38)
INSERT [dbo].[UserQuizzQuestion] ([Id], [UserQuizId], [Queestionid]) VALUES (250, 47, 41)
INSERT [dbo].[UserQuizzQuestion] ([Id], [UserQuizId], [Queestionid]) VALUES (251, 48, 118)
INSERT [dbo].[UserQuizzQuestion] ([Id], [UserQuizId], [Queestionid]) VALUES (252, 48, 120)
INSERT [dbo].[UserQuizzQuestion] ([Id], [UserQuizId], [Queestionid]) VALUES (253, 48, 96)
INSERT [dbo].[UserQuizzQuestion] ([Id], [UserQuizId], [Queestionid]) VALUES (254, 48, 103)
INSERT [dbo].[UserQuizzQuestion] ([Id], [UserQuizId], [Queestionid]) VALUES (255, 48, 102)
INSERT [dbo].[UserQuizzQuestion] ([Id], [UserQuizId], [Queestionid]) VALUES (256, 49, 87)
INSERT [dbo].[UserQuizzQuestion] ([Id], [UserQuizId], [Queestionid]) VALUES (257, 49, 74)
INSERT [dbo].[UserQuizzQuestion] ([Id], [UserQuizId], [Queestionid]) VALUES (258, 49, 81)
INSERT [dbo].[UserQuizzQuestion] ([Id], [UserQuizId], [Queestionid]) VALUES (259, 49, 63)
INSERT [dbo].[UserQuizzQuestion] ([Id], [UserQuizId], [Queestionid]) VALUES (260, 49, 66)
INSERT [dbo].[UserQuizzQuestion] ([Id], [UserQuizId], [Queestionid]) VALUES (261, 50, 40)
INSERT [dbo].[UserQuizzQuestion] ([Id], [UserQuizId], [Queestionid]) VALUES (262, 50, 48)
INSERT [dbo].[UserQuizzQuestion] ([Id], [UserQuizId], [Queestionid]) VALUES (263, 50, 41)
INSERT [dbo].[UserQuizzQuestion] ([Id], [UserQuizId], [Queestionid]) VALUES (264, 50, 55)
INSERT [dbo].[UserQuizzQuestion] ([Id], [UserQuizId], [Queestionid]) VALUES (265, 50, 57)
INSERT [dbo].[UserQuizzQuestion] ([Id], [UserQuizId], [Queestionid]) VALUES (266, 51, 96)
INSERT [dbo].[UserQuizzQuestion] ([Id], [UserQuizId], [Queestionid]) VALUES (267, 51, 99)
INSERT [dbo].[UserQuizzQuestion] ([Id], [UserQuizId], [Queestionid]) VALUES (268, 51, 107)
INSERT [dbo].[UserQuizzQuestion] ([Id], [UserQuizId], [Queestionid]) VALUES (269, 51, 118)
INSERT [dbo].[UserQuizzQuestion] ([Id], [UserQuizId], [Queestionid]) VALUES (270, 51, 92)
INSERT [dbo].[UserQuizzQuestion] ([Id], [UserQuizId], [Queestionid]) VALUES (271, 52, 105)
INSERT [dbo].[UserQuizzQuestion] ([Id], [UserQuizId], [Queestionid]) VALUES (272, 52, 98)
INSERT [dbo].[UserQuizzQuestion] ([Id], [UserQuizId], [Queestionid]) VALUES (273, 52, 116)
INSERT [dbo].[UserQuizzQuestion] ([Id], [UserQuizId], [Queestionid]) VALUES (274, 52, 101)
INSERT [dbo].[UserQuizzQuestion] ([Id], [UserQuizId], [Queestionid]) VALUES (275, 52, 111)
INSERT [dbo].[UserQuizzQuestion] ([Id], [UserQuizId], [Queestionid]) VALUES (276, 53, 54)
INSERT [dbo].[UserQuizzQuestion] ([Id], [UserQuizId], [Queestionid]) VALUES (277, 53, 41)
INSERT [dbo].[UserQuizzQuestion] ([Id], [UserQuizId], [Queestionid]) VALUES (278, 53, 51)
INSERT [dbo].[UserQuizzQuestion] ([Id], [UserQuizId], [Queestionid]) VALUES (279, 53, 50)
INSERT [dbo].[UserQuizzQuestion] ([Id], [UserQuizId], [Queestionid]) VALUES (280, 53, 58)
INSERT [dbo].[UserQuizzQuestion] ([Id], [UserQuizId], [Queestionid]) VALUES (281, 54, 75)
INSERT [dbo].[UserQuizzQuestion] ([Id], [UserQuizId], [Queestionid]) VALUES (282, 54, 62)
INSERT [dbo].[UserQuizzQuestion] ([Id], [UserQuizId], [Queestionid]) VALUES (283, 54, 67)
INSERT [dbo].[UserQuizzQuestion] ([Id], [UserQuizId], [Queestionid]) VALUES (284, 54, 66)
INSERT [dbo].[UserQuizzQuestion] ([Id], [UserQuizId], [Queestionid]) VALUES (285, 54, 61)
INSERT [dbo].[UserQuizzQuestion] ([Id], [UserQuizId], [Queestionid]) VALUES (286, 55, 63)
INSERT [dbo].[UserQuizzQuestion] ([Id], [UserQuizId], [Queestionid]) VALUES (287, 55, 75)
INSERT [dbo].[UserQuizzQuestion] ([Id], [UserQuizId], [Queestionid]) VALUES (288, 55, 77)
INSERT [dbo].[UserQuizzQuestion] ([Id], [UserQuizId], [Queestionid]) VALUES (289, 55, 69)
INSERT [dbo].[UserQuizzQuestion] ([Id], [UserQuizId], [Queestionid]) VALUES (290, 55, 89)
INSERT [dbo].[UserQuizzQuestion] ([Id], [UserQuizId], [Queestionid]) VALUES (291, 56, 85)
INSERT [dbo].[UserQuizzQuestion] ([Id], [UserQuizId], [Queestionid]) VALUES (292, 57, 91)
INSERT [dbo].[UserQuizzQuestion] ([Id], [UserQuizId], [Queestionid]) VALUES (293, 56, 75)
INSERT [dbo].[UserQuizzQuestion] ([Id], [UserQuizId], [Queestionid]) VALUES (294, 56, 81)
INSERT [dbo].[UserQuizzQuestion] ([Id], [UserQuizId], [Queestionid]) VALUES (295, 57, 49)
INSERT [dbo].[UserQuizzQuestion] ([Id], [UserQuizId], [Queestionid]) VALUES (296, 57, 92)
INSERT [dbo].[UserQuizzQuestion] ([Id], [UserQuizId], [Queestionid]) VALUES (297, 56, 67)
INSERT [dbo].[UserQuizzQuestion] ([Id], [UserQuizId], [Queestionid]) VALUES (298, 56, 90)
INSERT [dbo].[UserQuizzQuestion] ([Id], [UserQuizId], [Queestionid]) VALUES (299, 57, 78)
GO
INSERT [dbo].[UserQuizzQuestion] ([Id], [UserQuizId], [Queestionid]) VALUES (300, 57, 111)
INSERT [dbo].[UserQuizzQuestion] ([Id], [UserQuizId], [Queestionid]) VALUES (301, 56, 89)
INSERT [dbo].[UserQuizzQuestion] ([Id], [UserQuizId], [Queestionid]) VALUES (302, 56, 115)
INSERT [dbo].[UserQuizzQuestion] ([Id], [UserQuizId], [Queestionid]) VALUES (303, 57, 63)
INSERT [dbo].[UserQuizzQuestion] ([Id], [UserQuizId], [Queestionid]) VALUES (304, 57, 124)
INSERT [dbo].[UserQuizzQuestion] ([Id], [UserQuizId], [Queestionid]) VALUES (305, 56, 124)
INSERT [dbo].[UserQuizzQuestion] ([Id], [UserQuizId], [Queestionid]) VALUES (306, 56, 32)
INSERT [dbo].[UserQuizzQuestion] ([Id], [UserQuizId], [Queestionid]) VALUES (307, 57, 60)
INSERT [dbo].[UserQuizzQuestion] ([Id], [UserQuizId], [Queestionid]) VALUES (308, 57, 95)
INSERT [dbo].[UserQuizzQuestion] ([Id], [UserQuizId], [Queestionid]) VALUES (309, 56, 135)
INSERT [dbo].[UserQuizzQuestion] ([Id], [UserQuizId], [Queestionid]) VALUES (310, 57, 132)
INSERT [dbo].[UserQuizzQuestion] ([Id], [UserQuizId], [Queestionid]) VALUES (311, 58, 62)
INSERT [dbo].[UserQuizzQuestion] ([Id], [UserQuizId], [Queestionid]) VALUES (312, 58, 1)
INSERT [dbo].[UserQuizzQuestion] ([Id], [UserQuizId], [Queestionid]) VALUES (313, 58, 43)
INSERT [dbo].[UserQuizzQuestion] ([Id], [UserQuizId], [Queestionid]) VALUES (314, 58, 103)
INSERT [dbo].[UserQuizzQuestion] ([Id], [UserQuizId], [Queestionid]) VALUES (315, 58, 80)
INSERT [dbo].[UserQuizzQuestion] ([Id], [UserQuizId], [Queestionid]) VALUES (316, 58, 129)
INSERT [dbo].[UserQuizzQuestion] ([Id], [UserQuizId], [Queestionid]) VALUES (317, 58, 99)
INSERT [dbo].[UserQuizzQuestion] ([Id], [UserQuizId], [Queestionid]) VALUES (318, 58, 61)
INSERT [dbo].[UserQuizzQuestion] ([Id], [UserQuizId], [Queestionid]) VALUES (319, 58, 51)
INSERT [dbo].[UserQuizzQuestion] ([Id], [UserQuizId], [Queestionid]) VALUES (320, 58, 124)
SET IDENTITY_INSERT [dbo].[UserQuizzQuestion] OFF
GO
SET IDENTITY_INSERT [dbo].[VnPayPayments] ON 

INSERT [dbo].[VnPayPayments] ([Id], [CoursePaymentId], [TransactionId], [OrderInfo], [Amount], [BankCode], [CardType], [ResponseCode], [SecureHash], [PaidDate], [TransactionStatus]) VALUES (1, 10, N'15070059', N'Toán nâng cao lớp 10 - Thầy Nam', CAST(55000.00 AS Decimal(18, 2)), N'NCB', N'ATM', N'00', N'cdeaf0e7c03c82c0b20caa4bd20a4a7e80756447ecd312205e2c8ce35ad3e1bc2c3c2c461a5b089c198e5c60fa818b1cc4e4fc3363ba69f09aa07c7b797f4568', CAST(N'2025-07-12' AS Date), N'pending')
INSERT [dbo].[VnPayPayments] ([Id], [CoursePaymentId], [TransactionId], [OrderInfo], [Amount], [BankCode], [CardType], [ResponseCode], [SecureHash], [PaidDate], [TransactionStatus]) VALUES (2, 11, N'15070063', N'Toán cơ bản lớp 12 - Cô Hà', CAST(50000.00 AS Decimal(18, 2)), N'NCB', N'ATM', N'00', N'ae794fb64c7a3cba90edfb51b86d2217f9a099d461bd4b58fd35c02d820071d3111630aa38df4169fd899730ea5fcc9f8832dce90fc3b0c1858412352386a99b', CAST(N'2025-07-12' AS Date), N'pending')
INSERT [dbo].[VnPayPayments] ([Id], [CoursePaymentId], [TransactionId], [OrderInfo], [Amount], [BankCode], [CardType], [ResponseCode], [SecureHash], [PaidDate], [TransactionStatus]) VALUES (3, 12, N'15070066', N'Vật lý 10 cơ bản - Thầy Hưng', CAST(60000.00 AS Decimal(18, 2)), N'NCB', N'ATM', N'00', N'a3304ca7646e8bbfb498cff1f01329f085ec4ffaa5f2e118b13ded481aa3490ef93f077e94ee44174ed11c2a42d829e2dfcd16ffe23f880f5573abdb9e5a968c', CAST(N'2025-07-12' AS Date), N'pending')
INSERT [dbo].[VnPayPayments] ([Id], [CoursePaymentId], [TransactionId], [OrderInfo], [Amount], [BankCode], [CardType], [ResponseCode], [SecureHash], [PaidDate], [TransactionStatus]) VALUES (4, 13, N'15070068', N'Vật lý 11 nâng cao - Thầy Quang', CAST(65000.00 AS Decimal(18, 2)), N'NCB', N'ATM', N'00', N'839b2b816122d4cfafe560900bd8dd3ab0e0ed0ad7b5ab20cb535069a4f8f573fae9d9db86ad21fde85ccda716edc994b7c6c9e2b3a3783342ee617eb0e7fd27', CAST(N'2025-07-12' AS Date), N'pending')
INSERT [dbo].[VnPayPayments] ([Id], [CoursePaymentId], [TransactionId], [OrderInfo], [Amount], [BankCode], [CardType], [ResponseCode], [SecureHash], [PaidDate], [TransactionStatus]) VALUES (5, 14, N'15070706', N'Làm chủ toán 11 - Thầy Lý Thập Phong', CAST(45000.00 AS Decimal(18, 2)), N'NCB', N'ATM', N'24', N'b597cced2dc0ee384e1b5b07346413e6acffa23fcb669b9fda7d861dcd9eacb3ee4fa885e252996d50c210a055e125f884622fe6b94bbbf4b0809bba0d5b3544', CAST(N'2025-07-13' AS Date), N'pending')
INSERT [dbo].[VnPayPayments] ([Id], [CoursePaymentId], [TransactionId], [OrderInfo], [Amount], [BankCode], [CardType], [ResponseCode], [SecureHash], [PaidDate], [TransactionStatus]) VALUES (6, 15, N'0', N'Vật lý 12 không khó - Thầy Điền Thất Thảo', CAST(65000.00 AS Decimal(18, 2)), N'VNPAY', N'QRCODE', N'24', N'4fe2f52d49a0be4c84a294e9ac4d23d89d7642214093fdc3529c0810c782f4b2bdf1448e3a92fcf2acd22bb2fb6c34de57f1819117cd90f4e644098312a924a7', CAST(N'2025-07-13' AS Date), N'02')
INSERT [dbo].[VnPayPayments] ([Id], [CoursePaymentId], [TransactionId], [OrderInfo], [Amount], [BankCode], [CardType], [ResponseCode], [SecureHash], [PaidDate], [TransactionStatus]) VALUES (7, 16, N'15070728', N'Toán nâng cao lớp 10 - Thầy Nam', CAST(55000.00 AS Decimal(18, 2)), N'NCB', N'ATM', N'00', N'ea0b0ec1e82d344d504a3ac7f178b6ad2bfe73c605f2e9b1bb0d6d86470ada195aa16d8388adf9d65c89023bd1a2918361617bc4e1bf339f80754c0e46882b8e', CAST(N'2025-07-13' AS Date), N'00')
INSERT [dbo].[VnPayPayments] ([Id], [CoursePaymentId], [TransactionId], [OrderInfo], [Amount], [BankCode], [CardType], [ResponseCode], [SecureHash], [PaidDate], [TransactionStatus]) VALUES (8, 17, N'0', N'Toán cơ bản lớp 12 - Cô Hà', CAST(50000.00 AS Decimal(18, 2)), N'VNPAY', N'QRCODE', N'24', N'c024b1a6f42600246e9dbe7f134a5b50c6bfd05dd2f1edd0e3997ade34baef2263908241ea6e64b3b9100b1efcbcdf3e806f49ac4b8d1232e65db132a8ded951', CAST(N'2025-07-13' AS Date), N'02')
INSERT [dbo].[VnPayPayments] ([Id], [CoursePaymentId], [TransactionId], [OrderInfo], [Amount], [BankCode], [CardType], [ResponseCode], [SecureHash], [PaidDate], [TransactionStatus]) VALUES (9, 19, N'0', N'Vật lý 11 nâng cao - Thầy Quang', CAST(65000.00 AS Decimal(18, 2)), N'VNPAY', N'QRCODE', N'24', N'7f92baa09ef72bfb2a030932e0104d9902efbf16b1531a5a01c31938e26f99593eb83673a93e7635baf3451614b2f98465c612645b8c51e3ca4a8923b89c016a', CAST(N'2025-07-13' AS Date), N'02')
INSERT [dbo].[VnPayPayments] ([Id], [CoursePaymentId], [TransactionId], [OrderInfo], [Amount], [BankCode], [CardType], [ResponseCode], [SecureHash], [PaidDate], [TransactionStatus]) VALUES (10, 19, N'15070739', N'Vật lý 11 nâng cao - Thầy Quang', CAST(65000.00 AS Decimal(18, 2)), N'NCB', N'ATM', N'00', N'5741ea2ac7921c6e2e16a9a2f6a86d00f84bc7e65bc7e3e10259c8537a84e3f012769175245dc1ca258d45177d60a8ac9fd64ff0606cc29a9fbdca80a5076843', CAST(N'2025-07-13' AS Date), N'00')
INSERT [dbo].[VnPayPayments] ([Id], [CoursePaymentId], [TransactionId], [OrderInfo], [Amount], [BankCode], [CardType], [ResponseCode], [SecureHash], [PaidDate], [TransactionStatus]) VALUES (11, 15, N'0', N'Vật lý 12 không khó - Thầy Điền Thất Thảo', CAST(65000.00 AS Decimal(18, 2)), N'VNPAY', N'QRCODE', N'24', N'ddda8bfcb36b476674a39255086c3c82e7a01ba63ab1dea0fed00c96f81f6c4f56385fca4c15b948d54c7752f22a570adac7c81ace58f6b322462c79698add1d', CAST(N'2025-07-13' AS Date), N'02')
INSERT [dbo].[VnPayPayments] ([Id], [CoursePaymentId], [TransactionId], [OrderInfo], [Amount], [BankCode], [CardType], [ResponseCode], [SecureHash], [PaidDate], [TransactionStatus]) VALUES (12, 15, N'15070746', N'Vật lý 12 không khó - Thầy Điền Thất Thảo', CAST(65000.00 AS Decimal(18, 2)), N'NCB', N'ATM', N'00', N'e58e3765fda8612a41364bc3b8e8d908d75352487b858f94676b9ccb0a43d096836bf9dfdcf1efd9f37567e89c8361a1008430248be5e50be41141b2804d9ed5', CAST(N'2025-07-13' AS Date), N'00')
INSERT [dbo].[VnPayPayments] ([Id], [CoursePaymentId], [TransactionId], [OrderInfo], [Amount], [BankCode], [CardType], [ResponseCode], [SecureHash], [PaidDate], [TransactionStatus]) VALUES (13, 17, N'0', N'Toán cơ bản lớp 12 - Cô Hà', CAST(50000.00 AS Decimal(18, 2)), N'VNPAY', N'QRCODE', N'24', N'165b3a83b4d05657fdea84e6d98d5709f1cc8a65496c2eb3b186d9bef80e480782be414f4e87f24b17149c2909be65a7b5e8fd2d6cfbe8ba32636ea4ed610710', CAST(N'2025-07-13' AS Date), N'02')
INSERT [dbo].[VnPayPayments] ([Id], [CoursePaymentId], [TransactionId], [OrderInfo], [Amount], [BankCode], [CardType], [ResponseCode], [SecureHash], [PaidDate], [TransactionStatus]) VALUES (14, 17, N'15070756', N'Toán cơ bản lớp 12 - Cô Hà', CAST(50000.00 AS Decimal(18, 2)), N'NCB', N'ATM', N'00', N'd196777b7557b277375ce8b1697784f9eda9283782d92472b7c4a459c27f9803a7df08b403555835b29472eb9e4e24e2eb21ef9b0758c7804cd56f6f9e197c66', CAST(N'2025-07-13' AS Date), N'00')
INSERT [dbo].[VnPayPayments] ([Id], [CoursePaymentId], [TransactionId], [OrderInfo], [Amount], [BankCode], [CardType], [ResponseCode], [SecureHash], [PaidDate], [TransactionStatus]) VALUES (15, 18, N'0', N'Vật lý 10 cơ bản - Thầy Hưng', CAST(60000.00 AS Decimal(18, 2)), N'VNPAY', N'QRCODE', N'24', N'514b124f43d196074eadb39337c19be605f0c376577989fef09d00661e49a3ba21f5a69347b567c46a37479487a89c0387aa740ee99c60c70926a0d5ae5b6fe6', CAST(N'2025-07-13' AS Date), N'02')
INSERT [dbo].[VnPayPayments] ([Id], [CoursePaymentId], [TransactionId], [OrderInfo], [Amount], [BankCode], [CardType], [ResponseCode], [SecureHash], [PaidDate], [TransactionStatus]) VALUES (16, 18, N'15070763', N'Vật lý 10 cơ bản - Thầy Hưng', CAST(60000.00 AS Decimal(18, 2)), N'NCB', N'ATM', N'00', N'01a5f5e002a963bddaf2a48286fb6dbfd8a14384f903d0d18a22bb30bc6ceeef5a388d2d6d4d476cb25b2693f49808eccb1fe78263cd5198c3dfd00f0d5e0210', CAST(N'2025-07-13' AS Date), N'00')
INSERT [dbo].[VnPayPayments] ([Id], [CoursePaymentId], [TransactionId], [OrderInfo], [Amount], [BankCode], [CardType], [ResponseCode], [SecureHash], [PaidDate], [TransactionStatus]) VALUES (17, 21, N'15071922', N'Hóa học 12 luyện thi - Thầy Long', CAST(70000.00 AS Decimal(18, 2)), N'NCB', N'ATM', N'00', N'59aa821ab96acd67425dbb90f5760a88d4e410ffb6990c59ae3777c15fc51d1baeaf4326d479db4a9ea8b12187af3c7dd88135899bb9925063ffdc40d62ceed2', CAST(N'2025-07-13' AS Date), N'00')
INSERT [dbo].[VnPayPayments] ([Id], [CoursePaymentId], [TransactionId], [OrderInfo], [Amount], [BankCode], [CardType], [ResponseCode], [SecureHash], [PaidDate], [TransactionStatus]) VALUES (18, 20, N'0', N'Hóa học 10 - Cô Lan', CAST(52000.00 AS Decimal(18, 2)), N'VNPAY', N'QRCODE', N'24', N'8cd728b491b2e5bb3cc71b384019729c1658cce75086ecb9647e992e63c03dfab4e344076e2d737dc24a527dbe34b6dcc23f50dc374856ec0edd8b1d0d7d686c', CAST(N'2025-07-13' AS Date), N'02')
INSERT [dbo].[VnPayPayments] ([Id], [CoursePaymentId], [TransactionId], [OrderInfo], [Amount], [BankCode], [CardType], [ResponseCode], [SecureHash], [PaidDate], [TransactionStatus]) VALUES (19, 20, N'15071949', N'Hóa học 10 - Cô Lan', CAST(52000.00 AS Decimal(18, 2)), N'NCB', N'ATM', N'00', N'c10819065a796f1aec333b92af4e8714b38510f6caaa24b00e1cd7bf555ea7401cfa6e0b0340682d8a7bced7d160a345ee6ab9f5c0869feb5a17d25304f188f4', CAST(N'2025-07-13' AS Date), N'00')
INSERT [dbo].[VnPayPayments] ([Id], [CoursePaymentId], [TransactionId], [OrderInfo], [Amount], [BankCode], [CardType], [ResponseCode], [SecureHash], [PaidDate], [TransactionStatus]) VALUES (20, 22, N'15071966', N'Tiếng Anh giao tiếp - Cô Mai', CAST(75000.00 AS Decimal(18, 2)), N'NCB', N'ATM', N'00', N'7f79ad3b27fac86f7bc256679b5d863202e2305a00bfb4ca1ed8d5c22d67ff8b51326459b1506895f7f05a9f8bc8c9ac944d430f15214e8141081b07d7923a7e', CAST(N'2025-07-13' AS Date), N'00')
INSERT [dbo].[VnPayPayments] ([Id], [CoursePaymentId], [TransactionId], [OrderInfo], [Amount], [BankCode], [CardType], [ResponseCode], [SecureHash], [PaidDate], [TransactionStatus]) VALUES (21, 23, N'15072003', N'Tiếng Anh IELTS 6.5+ - Thầy Khoa', CAST(90000.00 AS Decimal(18, 2)), N'NCB', N'ATM', N'00', N'8899b86763deecd577fdebe288e77d0612f3c40c25c01a92c30b14bf7d35c3f7e5ba9e9b20ee131cb47c46664c5b26ef619799437e432aacd0a04e845f74924c', CAST(N'2025-07-13' AS Date), N'00')
INSERT [dbo].[VnPayPayments] ([Id], [CoursePaymentId], [TransactionId], [OrderInfo], [Amount], [BankCode], [CardType], [ResponseCode], [SecureHash], [PaidDate], [TransactionStatus]) VALUES (22, 24, N'15075916', N'Ngữ văn 11 phân tích tác phẩm - Cô Hạnh', CAST(58000.00 AS Decimal(18, 2)), N'NCB', N'ATM', N'00', N'6a7bd47dface159c601131eef2eae933a6411ed5a80923ed80244e19fa6a86e78739857fe441634b8ccf5c1148f3b23d6f7e1515ff9893b17549f060ff672daf', CAST(N'2025-07-15' AS Date), N'00')
INSERT [dbo].[VnPayPayments] ([Id], [CoursePaymentId], [TransactionId], [OrderInfo], [Amount], [BankCode], [CardType], [ResponseCode], [SecureHash], [PaidDate], [TransactionStatus]) VALUES (23, 25, N'15076089', N'Ngữ văn 12 ôn luyện thi THPT - Cô Liên', CAST(62000.00 AS Decimal(18, 2)), N'NCB', N'ATM', N'00', N'6aca6d71e048eb7db1580c7f9813e7cae3606ccd8cdf5a176292a0eac0a3b13547419a596867317bfff52748b64f23ea9c36d0191e3c0d5b9d5b048ae4cbfb81', CAST(N'2025-07-15' AS Date), N'00')
INSERT [dbo].[VnPayPayments] ([Id], [CoursePaymentId], [TransactionId], [OrderInfo], [Amount], [BankCode], [CardType], [ResponseCode], [SecureHash], [PaidDate], [TransactionStatus]) VALUES (24, 26, N'0', N'Tiếng Anh giao tiếp - Cô Mai', CAST(75000.00 AS Decimal(18, 2)), N'VNPAY', N'QRCODE', N'24', N'd74feb4a90c09fbe96bf44e75d80ddfad489e5242e56c2901721820607e32a046ab62a61c673c764b5748df673df31adb6bb99cca0b3769d8802864dd0f5f383', CAST(N'2025-07-16' AS Date), N'02')
INSERT [dbo].[VnPayPayments] ([Id], [CoursePaymentId], [TransactionId], [OrderInfo], [Amount], [BankCode], [CardType], [ResponseCode], [SecureHash], [PaidDate], [TransactionStatus]) VALUES (25, 26, N'15078694', N'Tiếng Anh giao tiếp - Cô Mai', CAST(75000.00 AS Decimal(18, 2)), N'NCB', N'ATM', N'00', N'afc6e064fc7dd9b06c4d4e6c2f3d77b2f3f165c881ab9420290e060fef48a851a483d49d4110a0578cd43dd20afa89d02aa16f690e435139998efc66b956cb85', CAST(N'2025-07-16' AS Date), N'00')
INSERT [dbo].[VnPayPayments] ([Id], [CoursePaymentId], [TransactionId], [OrderInfo], [Amount], [BankCode], [CardType], [ResponseCode], [SecureHash], [PaidDate], [TransactionStatus]) VALUES (26, 27, N'15078724', N'Tiếng Anh IELTS 6.5+ - Thầy Khoa', CAST(90000.00 AS Decimal(18, 2)), N'NCB', N'ATM', N'00', N'762735585d60c553c1280e1ec62316385dfffe2878de8f1b7234403fff0850273e67986ab5ef0798497247fbfabc1e3acff526fe2bacff11090f76277d456a49', CAST(N'2025-07-16' AS Date), N'00')
INSERT [dbo].[VnPayPayments] ([Id], [CoursePaymentId], [TransactionId], [OrderInfo], [Amount], [BankCode], [CardType], [ResponseCode], [SecureHash], [PaidDate], [TransactionStatus]) VALUES (27, 28, N'0', N'Toán chuyên đề hàm số - Thầy Phong', CAST(50000.00 AS Decimal(18, 2)), N'VNPAY', N'QRCODE', N'24', N'b3682c8d06a88f5c7255e1153215b367e5636a0ca045da0f0e18b0b5c67380d0179dd412129a795c3bb568892d43e5d19d20e9d25965ab62f50097986f713694', CAST(N'2025-07-16' AS Date), N'02')
INSERT [dbo].[VnPayPayments] ([Id], [CoursePaymentId], [TransactionId], [OrderInfo], [Amount], [BankCode], [CardType], [ResponseCode], [SecureHash], [PaidDate], [TransactionStatus]) VALUES (28, 28, N'15078820', N'Toán chuyên đề hàm số - Thầy Phong', CAST(50000.00 AS Decimal(18, 2)), N'NCB', N'ATM', N'00', N'd076ae308edeed9a67c1245697d212ff8282c8da9f08c9216c47aa537716985c85747bcacc6db0037ad9562c7699c13bd1ce9860e329995e53f084fb74b31672', CAST(N'2025-07-16' AS Date), N'00')
INSERT [dbo].[VnPayPayments] ([Id], [CoursePaymentId], [TransactionId], [OrderInfo], [Amount], [BankCode], [CardType], [ResponseCode], [SecureHash], [PaidDate], [TransactionStatus]) VALUES (29, 29, N'0', N'Toán nâng cao lớp 10 - Thầy Nam', CAST(55000.00 AS Decimal(18, 2)), N'VNPAY', N'QRCODE', N'24', N'3a94c0ce25386b95fe59f3b88453988f5e2cae73c05d52824e3960cf1fb12ae4ce59543129cbfc736108e618ce49d6b7985d0e7eec3b5296c0b1f88761e1c323', CAST(N'2025-07-16' AS Date), N'02')
INSERT [dbo].[VnPayPayments] ([Id], [CoursePaymentId], [TransactionId], [OrderInfo], [Amount], [BankCode], [CardType], [ResponseCode], [SecureHash], [PaidDate], [TransactionStatus]) VALUES (30, 29, N'0', N'Toán nâng cao lớp 10 - Thầy Nam', CAST(55000.00 AS Decimal(18, 2)), N'VNPAY', N'QRCODE', N'24', N'814203b8896794669057bd4a8292f2e1ec3f61566f07b2680d322931699d34ff8cf2ea95528bca957417908a4517e76876b9d65b9956ed694c76065fba94f297', CAST(N'2025-07-16' AS Date), N'02')
INSERT [dbo].[VnPayPayments] ([Id], [CoursePaymentId], [TransactionId], [OrderInfo], [Amount], [BankCode], [CardType], [ResponseCode], [SecureHash], [PaidDate], [TransactionStatus]) VALUES (31, 29, N'15078893', N'Toán nâng cao lớp 10 - Thầy Nam', CAST(55000.00 AS Decimal(18, 2)), N'NCB', N'ATM', N'00', N'8740e663653554faebf039992a25676df01e3b6c812b02fe903e28925581734b0edcebe0fa169ac5c9604f376a86b27e7d92ed9e75000ff37f7fc1ee2bffecd1', CAST(N'2025-07-16' AS Date), N'00')
INSERT [dbo].[VnPayPayments] ([Id], [CoursePaymentId], [TransactionId], [OrderInfo], [Amount], [BankCode], [CardType], [ResponseCode], [SecureHash], [PaidDate], [TransactionStatus]) VALUES (32, 30, N'15086553', N'Làm chủ toán 11 - Thầy Lý Thập Phong', CAST(45000.00 AS Decimal(18, 2)), N'NCB', N'ATM', N'00', N'd2d0ba5dc44dfbfc7db1aea4c18bc8c44dfca0b8727a77e95b6cdb537d22585d3e7c8ec5b195073bc2b54f4bce1e32c4381d651d2b7ee74e1fc6ba3f3ec9f23e', CAST(N'2025-07-20' AS Date), N'00')
INSERT [dbo].[VnPayPayments] ([Id], [CoursePaymentId], [TransactionId], [OrderInfo], [Amount], [BankCode], [CardType], [ResponseCode], [SecureHash], [PaidDate], [TransactionStatus]) VALUES (33, 31, N'15086558', N'Vật lý 12 không khó - Thầy Điền Thất Thảo', CAST(65000.00 AS Decimal(18, 2)), N'NCB', N'ATM', N'00', N'c77eedb1b993b69c27e5155b6b61054e87f29b4e7493eed3fcdb8dbc676b7e0d85937ce827ac89e54532e28ade2760f90c967b9fcb5cce1631843638537625d3', CAST(N'2025-07-20' AS Date), N'00')
INSERT [dbo].[VnPayPayments] ([Id], [CoursePaymentId], [TransactionId], [OrderInfo], [Amount], [BankCode], [CardType], [ResponseCode], [SecureHash], [PaidDate], [TransactionStatus]) VALUES (34, 32, N'15086570', N'Làm chủ toán 11 - Thầy Lý Thập Phong', CAST(45000.00 AS Decimal(18, 2)), N'NCB', N'ATM', N'00', N'997a5e3fafa2847e60655db1cb6a0bd4d131a084cd8e0e7181322baf34a9699ec95d6d73eb41153affd9eec44a6e970aab65eaf12e4975dac34116da249d0160', CAST(N'2025-07-20' AS Date), N'00')
INSERT [dbo].[VnPayPayments] ([Id], [CoursePaymentId], [TransactionId], [OrderInfo], [Amount], [BankCode], [CardType], [ResponseCode], [SecureHash], [PaidDate], [TransactionStatus]) VALUES (35, 33, N'15087228', N'Làm chủ toán 11 - Thầy Lý Thập Phong', CAST(45000.00 AS Decimal(18, 2)), N'NCB', N'ATM', N'00', N'a7eff2c53f40e5c67c654ab9723cf75c83f3eafa843223586eb427f3bf81e57964ff5293a5e7be308e39abf148db73ce77399c40c9c49fd36e9c683d849eb233', CAST(N'2025-07-21' AS Date), N'00')
INSERT [dbo].[VnPayPayments] ([Id], [CoursePaymentId], [TransactionId], [OrderInfo], [Amount], [BankCode], [CardType], [ResponseCode], [SecureHash], [PaidDate], [TransactionStatus]) VALUES (36, 34, N'15088211', N'Vật lý 12 không khó - Thầy Điền Thất Thảo', CAST(65000.00 AS Decimal(18, 2)), N'NCB', N'ATM', N'00', N'dbaf8c81047a792a52189ac4526d015294a8d684abc0a1cb01407590bc6c8328bf9c4d13a761e35405cf71cbff29a980756137def139be42200d301b2ebdedf6', CAST(N'2025-07-21' AS Date), N'00')
INSERT [dbo].[VnPayPayments] ([Id], [CoursePaymentId], [TransactionId], [OrderInfo], [Amount], [BankCode], [CardType], [ResponseCode], [SecureHash], [PaidDate], [TransactionStatus]) VALUES (37, 35, N'0', N'Tiếng Anh IELTS 6.5+ - Thầy Khoa', CAST(90000.00 AS Decimal(18, 2)), N'VNPAY', N'QRCODE', N'24', N'3d87b1157fec38b2e47e171895244ca2756ce9b83707ec9f5a5a19e2d5f113db50d620bccfe2ea43337474811fe8b353106efdb6e62cb9e384c0cda8733489ce', CAST(N'2025-07-21' AS Date), N'02')
INSERT [dbo].[VnPayPayments] ([Id], [CoursePaymentId], [TransactionId], [OrderInfo], [Amount], [BankCode], [CardType], [ResponseCode], [SecureHash], [PaidDate], [TransactionStatus]) VALUES (38, 35, N'15089500', N'Tiếng Anh IELTS 6.5+ - Thầy Khoa', CAST(90000.00 AS Decimal(18, 2)), N'NCB', N'ATM', N'00', N'5d5b46347e854cc00170b96174649fb1723fbbcfeb37d3f1a5e8ba0a401394bf86699702194e737c5bdbe358ea62d10a35059b1494ae668a9a16d56aa6fab82b', CAST(N'2025-07-21' AS Date), N'00')
INSERT [dbo].[VnPayPayments] ([Id], [CoursePaymentId], [TransactionId], [OrderInfo], [Amount], [BankCode], [CardType], [ResponseCode], [SecureHash], [PaidDate], [TransactionStatus]) VALUES (39, 61, N'15129599', N'Tiếng Anh giao tiếp - Cô Mai', CAST(75000.00 AS Decimal(18, 2)), N'NCB', N'ATM', N'00', N'a1151e364bc744cf0a59cdcdadd764587cbe7aa072c073a7fec057afd91f9a09c88a05f9b37f1581d0873eeeee67564fd582c5d665564eb13d94effd42a0fb6f', CAST(N'2025-08-13' AS Date), N'00')
INSERT [dbo].[VnPayPayments] ([Id], [CoursePaymentId], [TransactionId], [OrderInfo], [Amount], [BankCode], [CardType], [ResponseCode], [SecureHash], [PaidDate], [TransactionStatus]) VALUES (40, 60, N'0', N'Toán nâng cao lớp 11 - Thầy Nam', CAST(55000.00 AS Decimal(18, 2)), N'VNPAY', N'QRCODE', N'24', N'5ec87ddc4b17eae2da246ae8f735d904c0039859afe2dc057615af50ab22f818deb86e317fad7444393604a487ec1b7f039868a033c9e4ae64d59cccb47e9cbe', CAST(N'2025-08-13' AS Date), N'02')
INSERT [dbo].[VnPayPayments] ([Id], [CoursePaymentId], [TransactionId], [OrderInfo], [Amount], [BankCode], [CardType], [ResponseCode], [SecureHash], [PaidDate], [TransactionStatus]) VALUES (41, 63, N'15132660', N'Làm chủ toán 10 - Thầy Lý Thập Phong', CAST(45000.00 AS Decimal(18, 2)), N'NCB', N'ATM', N'00', N'a38610b683c591b180b5d766f6b33a267a9bb5e0ba66c9c9ffe496bd0559a0b2e2b5fe3d0231770bf06c812ee29d2e3416a60e910771aacaca3f14b4527f3d69', CAST(N'2025-08-15' AS Date), N'00')
INSERT [dbo].[VnPayPayments] ([Id], [CoursePaymentId], [TransactionId], [OrderInfo], [Amount], [BankCode], [CardType], [ResponseCode], [SecureHash], [PaidDate], [TransactionStatus]) VALUES (42, 64, N'15132803', N'Toán chuyên đề hàm số 10 - Thầy Phong', CAST(50000.00 AS Decimal(18, 2)), N'NCB', N'ATM', N'00', N'0276d961ba8f2210aab07a3b0d2601956ad45d08d11bed017362cb92ea72541e25f7eb0f084a4185f4ea7392d60018670fd401c55198352190c8a7ce7c1900ee', CAST(N'2025-08-15' AS Date), N'00')
INSERT [dbo].[VnPayPayments] ([Id], [CoursePaymentId], [TransactionId], [OrderInfo], [Amount], [BankCode], [CardType], [ResponseCode], [SecureHash], [PaidDate], [TransactionStatus]) VALUES (43, 62, N'0', N'Làm chủ toán 10 - Thầy Lý Thập Phong', CAST(45000.00 AS Decimal(18, 2)), N'VNPAY', N'QRCODE', N'', N'5afa2c07f3c5c355d92748159db6dda6a170ebdebc527fae988f94776e652bebf317cde0d031cf19591458204f2cd75da05e049d781c141d0c1532c3cee5572a', CAST(N'2025-08-15' AS Date), N'02')
INSERT [dbo].[VnPayPayments] ([Id], [CoursePaymentId], [TransactionId], [OrderInfo], [Amount], [BankCode], [CardType], [ResponseCode], [SecureHash], [PaidDate], [TransactionStatus]) VALUES (44, 62, N'15133049', N'Làm chủ toán 10 - Thầy Lý Thập Phong', CAST(45000.00 AS Decimal(18, 2)), N'NCB', N'ATM', N'00', N'8f0131d6a8dacef203879e522fcb25ee9534695a834cd086088d8340dcbae18517692c0acedf8bf9a9b04d3824b8d4769c68efd95d177197ad3655cf7daa9dfc', CAST(N'2025-08-15' AS Date), N'00')
SET IDENTITY_INSERT [dbo].[VnPayPayments] OFF
GO
ALTER TABLE [dbo].[Account] ADD  CONSTRAINT [DF_Account_CreatedDate]  DEFAULT (getdate()) FOR [CreatedDate]
GO
ALTER TABLE [dbo].[Blog] ADD  CONSTRAINT [DF_Blog_CreatedDate]  DEFAULT (getdate()) FOR [CreatedDate]
GO
ALTER TABLE [dbo].[Category] ADD  CONSTRAINT [DF_Category_CreatedDate]  DEFAULT (getdate()) FOR [CreatedDate]
GO
ALTER TABLE [dbo].[Comment] ADD  CONSTRAINT [DF_Comment_CreatedDate]  DEFAULT (getdate()) FOR [CreatedDate]
GO
ALTER TABLE [dbo].[Course] ADD  CONSTRAINT [DF_Course_CreatedDate]  DEFAULT (getdate()) FOR [CreatedDate]
GO
ALTER TABLE [dbo].[Feedback] ADD  CONSTRAINT [DF_Feedback_CreatedDate]  DEFAULT (getdate()) FOR [CreatedDate]
GO
ALTER TABLE [dbo].[Module] ADD  CONSTRAINT [DF_Module_CreatedDate]  DEFAULT (getdate()) FOR [CreatedDate]
GO
ALTER TABLE [dbo].[PasswordResetToken] ADD  DEFAULT ((0)) FOR [IsUsed]
GO
ALTER TABLE [dbo].[Profiles] ADD  CONSTRAINT [DF_Profiles_CreatedDate]  DEFAULT (getdate()) FOR [CreatedDate]
GO
ALTER TABLE [dbo].[Question] ADD  CONSTRAINT [DF_Question_CreatedDate]  DEFAULT (getdate()) FOR [CreatedDate]
GO
ALTER TABLE [dbo].[Report] ADD  DEFAULT ((1)) FOR [StatusId]
GO
ALTER TABLE [dbo].[Report] ADD  DEFAULT (getdate()) FOR [CreatedDate]
GO
ALTER TABLE [dbo].[Report] ADD  DEFAULT ((0)) FOR [IsDeleted]
GO
ALTER TABLE [dbo].[ReportComment] ADD  DEFAULT (getdate()) FOR [CreatedAt]
GO
ALTER TABLE [dbo].[ReportFile] ADD  DEFAULT (getdate()) FOR [UploadedAt]
GO
ALTER TABLE [dbo].[VnPayPayments] ADD  DEFAULT ('pending') FOR [TransactionStatus]
GO
ALTER TABLE [dbo].[Answer]  WITH CHECK ADD  CONSTRAINT [FK_Answer_Question] FOREIGN KEY([QuesId])
REFERENCES [dbo].[Question] ([Id])
GO
ALTER TABLE [dbo].[Answer] CHECK CONSTRAINT [FK_Answer_Question]
GO
ALTER TABLE [dbo].[Blog]  WITH CHECK ADD  CONSTRAINT [FK_Blog_Profile] FOREIGN KEY([AuthorId])
REFERENCES [dbo].[Profiles] ([UserId])
GO
ALTER TABLE [dbo].[Blog] CHECK CONSTRAINT [FK_Blog_Profile]
GO
ALTER TABLE [dbo].[Comment]  WITH CHECK ADD  CONSTRAINT [FK_Comment_Blog] FOREIGN KEY([BlogId])
REFERENCES [dbo].[Blog] ([Id])
GO
ALTER TABLE [dbo].[Comment] CHECK CONSTRAINT [FK_Comment_Blog]
GO
ALTER TABLE [dbo].[Comment]  WITH CHECK ADD  CONSTRAINT [FK_Comment_Profiles] FOREIGN KEY([AuthorId])
REFERENCES [dbo].[Profiles] ([UserId])
GO
ALTER TABLE [dbo].[Comment] CHECK CONSTRAINT [FK_Comment_Profiles]
GO
ALTER TABLE [dbo].[Course]  WITH CHECK ADD  CONSTRAINT [FK_Course_Category] FOREIGN KEY([CategoryId])
REFERENCES [dbo].[Category] ([Id])
GO
ALTER TABLE [dbo].[Course] CHECK CONSTRAINT [FK_Course_Category]
GO
ALTER TABLE [dbo].[Course]  WITH CHECK ADD  CONSTRAINT [FK_Course_Classes] FOREIGN KEY([ClassId])
REFERENCES [dbo].[Classes] ([Id])
GO
ALTER TABLE [dbo].[Course] CHECK CONSTRAINT [FK_Course_Classes]
GO
ALTER TABLE [dbo].[Course]  WITH CHECK ADD  CONSTRAINT [FK_Course_Profiles] FOREIGN KEY([AuthorId])
REFERENCES [dbo].[Profiles] ([UserId])
GO
ALTER TABLE [dbo].[Course] CHECK CONSTRAINT [FK_Course_Profiles]
GO
ALTER TABLE [dbo].[CoursePayments]  WITH CHECK ADD  CONSTRAINT [FK_CoursePayments_StudentCourse] FOREIGN KEY([StudentCourseId])
REFERENCES [dbo].[StudentCourse] ([StudentCourseId])
GO
ALTER TABLE [dbo].[CoursePayments] CHECK CONSTRAINT [FK_CoursePayments_StudentCourse]
GO
ALTER TABLE [dbo].[CourseProgress]  WITH CHECK ADD  CONSTRAINT [FK_CourseProgress_StudentCourse] FOREIGN KEY([CourseStudentId])
REFERENCES [dbo].[StudentCourse] ([StudentCourseId])
GO
ALTER TABLE [dbo].[CourseProgress] CHECK CONSTRAINT [FK_CourseProgress_StudentCourse]
GO
ALTER TABLE [dbo].[Feedback]  WITH CHECK ADD  CONSTRAINT [FK_Feedback_Course] FOREIGN KEY([CourseId])
REFERENCES [dbo].[Course] ([CourseId])
GO
ALTER TABLE [dbo].[Feedback] CHECK CONSTRAINT [FK_Feedback_Course]
GO
ALTER TABLE [dbo].[Feedback]  WITH CHECK ADD  CONSTRAINT [FK_Feedback_Profile] FOREIGN KEY([AuthorId])
REFERENCES [dbo].[Profiles] ([UserId])
GO
ALTER TABLE [dbo].[Feedback] CHECK CONSTRAINT [FK_Feedback_Profile]
GO
ALTER TABLE [dbo].[Lesson]  WITH CHECK ADD  CONSTRAINT [FK_Lesson_Module] FOREIGN KEY([ModuleId])
REFERENCES [dbo].[Module] ([Id])
GO
ALTER TABLE [dbo].[Lesson] CHECK CONSTRAINT [FK_Lesson_Module]
GO
ALTER TABLE [dbo].[LessonProgress]  WITH CHECK ADD  CONSTRAINT [FK_LessonProgress_ModuleProgress] FOREIGN KEY([ModuleProgressId])
REFERENCES [dbo].[ModuleProgress] ([Id])
GO
ALTER TABLE [dbo].[LessonProgress] CHECK CONSTRAINT [FK_LessonProgress_ModuleProgress]
GO
ALTER TABLE [dbo].[LessonProgress]  WITH CHECK ADD  CONSTRAINT [FK_VideoProgress_Video] FOREIGN KEY([VideoId])
REFERENCES [dbo].[Lesson] ([Id])
GO
ALTER TABLE [dbo].[LessonProgress] CHECK CONSTRAINT [FK_VideoProgress_Video]
GO
ALTER TABLE [dbo].[Module]  WITH CHECK ADD  CONSTRAINT [FK_Module_Course] FOREIGN KEY([CourseId])
REFERENCES [dbo].[Course] ([CourseId])
GO
ALTER TABLE [dbo].[Module] CHECK CONSTRAINT [FK_Module_Course]
GO
ALTER TABLE [dbo].[ModuleProgress]  WITH CHECK ADD  CONSTRAINT [FK_ModuleProgress_CourseProgress] FOREIGN KEY([CourseProcessId])
REFERENCES [dbo].[CourseProgress] ([Id])
GO
ALTER TABLE [dbo].[ModuleProgress] CHECK CONSTRAINT [FK_ModuleProgress_CourseProgress]
GO
ALTER TABLE [dbo].[ModuleProgress]  WITH CHECK ADD  CONSTRAINT [FK_ModuleProgress_Module] FOREIGN KEY([ModuleId])
REFERENCES [dbo].[Module] ([Id])
GO
ALTER TABLE [dbo].[ModuleProgress] CHECK CONSTRAINT [FK_ModuleProgress_Module]
GO
ALTER TABLE [dbo].[PasswordResetToken]  WITH CHECK ADD  CONSTRAINT [FK_PasswordResetToken_Account] FOREIGN KEY([AccountId])
REFERENCES [dbo].[Account] ([Id])
GO
ALTER TABLE [dbo].[PasswordResetToken] CHECK CONSTRAINT [FK_PasswordResetToken_Account]
GO
ALTER TABLE [dbo].[Profiles]  WITH CHECK ADD  CONSTRAINT [FK_Profile_Account] FOREIGN KEY([AccountId])
REFERENCES [dbo].[Account] ([Id])
GO
ALTER TABLE [dbo].[Profiles] CHECK CONSTRAINT [FK_Profile_Account]
GO
ALTER TABLE [dbo].[Profiles]  WITH CHECK ADD  CONSTRAINT [FK_Profiles_Profiles] FOREIGN KEY([ParentId])
REFERENCES [dbo].[Profiles] ([UserId])
GO
ALTER TABLE [dbo].[Profiles] CHECK CONSTRAINT [FK_Profiles_Profiles]
GO
ALTER TABLE [dbo].[Profiles]  WITH CHECK ADD  CONSTRAINT [FK_Profiles_Role] FOREIGN KEY([RoleId])
REFERENCES [dbo].[Role] ([Id])
GO
ALTER TABLE [dbo].[Profiles] CHECK CONSTRAINT [FK_Profiles_Role]
GO
ALTER TABLE [dbo].[Question]  WITH CHECK ADD  CONSTRAINT [FK_Question_Topic] FOREIGN KEY([TopicId])
REFERENCES [dbo].[Topic] ([Id])
GO
ALTER TABLE [dbo].[Question] CHECK CONSTRAINT [FK_Question_Topic]
GO
ALTER TABLE [dbo].[Quizz]  WITH CHECK ADD  CONSTRAINT [FK_Quizz_Module] FOREIGN KEY([ModuleId])
REFERENCES [dbo].[Module] ([Id])
GO
ALTER TABLE [dbo].[Quizz] CHECK CONSTRAINT [FK_Quizz_Module]
GO
ALTER TABLE [dbo].[QuizzTopic]  WITH CHECK ADD  CONSTRAINT [FK_QuizzTopic_Quizz] FOREIGN KEY([QuizzId])
REFERENCES [dbo].[Quizz] ([Id])
GO
ALTER TABLE [dbo].[QuizzTopic] CHECK CONSTRAINT [FK_QuizzTopic_Quizz]
GO
ALTER TABLE [dbo].[QuizzTopic]  WITH CHECK ADD  CONSTRAINT [FK_QuizzTopic_Topic] FOREIGN KEY([TopicId])
REFERENCES [dbo].[Topic] ([Id])
GO
ALTER TABLE [dbo].[QuizzTopic] CHECK CONSTRAINT [FK_QuizzTopic_Topic]
GO
ALTER TABLE [dbo].[Report]  WITH CHECK ADD  CONSTRAINT [FK_Report_Instructor] FOREIGN KEY([InstructorId])
REFERENCES [dbo].[Profiles] ([UserId])
GO
ALTER TABLE [dbo].[Report] CHECK CONSTRAINT [FK_Report_Instructor]
GO
ALTER TABLE [dbo].[Report]  WITH CHECK ADD  CONSTRAINT [FK_Report_Receiver] FOREIGN KEY([ReceiverId])
REFERENCES [dbo].[Profiles] ([UserId])
GO
ALTER TABLE [dbo].[Report] CHECK CONSTRAINT [FK_Report_Receiver]
GO
ALTER TABLE [dbo].[Report]  WITH CHECK ADD  CONSTRAINT [FK_Report_Status] FOREIGN KEY([StatusId])
REFERENCES [dbo].[ReportStatus] ([Id])
GO
ALTER TABLE [dbo].[Report] CHECK CONSTRAINT [FK_Report_Status]
GO
ALTER TABLE [dbo].[Report]  WITH CHECK ADD  CONSTRAINT [FK_Report_User] FOREIGN KEY([UserId])
REFERENCES [dbo].[Profiles] ([UserId])
GO
ALTER TABLE [dbo].[Report] CHECK CONSTRAINT [FK_Report_User]
GO
ALTER TABLE [dbo].[ReportComment]  WITH CHECK ADD  CONSTRAINT [FK_ReportComment_Report] FOREIGN KEY([ReportId])
REFERENCES [dbo].[Report] ([Id])
GO
ALTER TABLE [dbo].[ReportComment] CHECK CONSTRAINT [FK_ReportComment_Report]
GO
ALTER TABLE [dbo].[ReportComment]  WITH CHECK ADD  CONSTRAINT [FK_ReportComment_User] FOREIGN KEY([UserId])
REFERENCES [dbo].[Profiles] ([UserId])
GO
ALTER TABLE [dbo].[ReportComment] CHECK CONSTRAINT [FK_ReportComment_User]
GO
ALTER TABLE [dbo].[ReportFile]  WITH CHECK ADD  CONSTRAINT [FK_ReportFile_Report] FOREIGN KEY([ReportId])
REFERENCES [dbo].[Report] ([Id])
GO
ALTER TABLE [dbo].[ReportFile] CHECK CONSTRAINT [FK_ReportFile_Report]
GO
ALTER TABLE [dbo].[Salary]  WITH CHECK ADD  CONSTRAINT [FK_Salary_Profile] FOREIGN KEY([UserId])
REFERENCES [dbo].[Profiles] ([UserId])
GO
ALTER TABLE [dbo].[Salary] CHECK CONSTRAINT [FK_Salary_Profile]
GO
ALTER TABLE [dbo].[SalaryTable]  WITH CHECK ADD  CONSTRAINT [FK_SalaryTable_Profile] FOREIGN KEY([UserId])
REFERENCES [dbo].[Profiles] ([UserId])
GO
ALTER TABLE [dbo].[SalaryTable] CHECK CONSTRAINT [FK_SalaryTable_Profile]
GO
ALTER TABLE [dbo].[StudentCourse]  WITH CHECK ADD  CONSTRAINT [FK_StudentCourse_Course] FOREIGN KEY([CourseId])
REFERENCES [dbo].[Course] ([CourseId])
GO
ALTER TABLE [dbo].[StudentCourse] CHECK CONSTRAINT [FK_StudentCourse_Course]
GO
ALTER TABLE [dbo].[StudentCourse]  WITH CHECK ADD  CONSTRAINT [FK_StudentCourse_CourseStatus] FOREIGN KEY([Status])
REFERENCES [dbo].[CourseStatus] ([Id])
GO
ALTER TABLE [dbo].[StudentCourse] CHECK CONSTRAINT [FK_StudentCourse_CourseStatus]
GO
ALTER TABLE [dbo].[StudentCourse]  WITH CHECK ADD  CONSTRAINT [FK_StudentCourse_Profiles] FOREIGN KEY([PupilId])
REFERENCES [dbo].[Profiles] ([UserId])
GO
ALTER TABLE [dbo].[StudentCourse] CHECK CONSTRAINT [FK_StudentCourse_Profiles]
GO
ALTER TABLE [dbo].[Topic]  WITH CHECK ADD  CONSTRAINT [FK_Topic_Category] FOREIGN KEY([CategoryId])
REFERENCES [dbo].[Category] ([Id])
GO
ALTER TABLE [dbo].[Topic] CHECK CONSTRAINT [FK_Topic_Category]
GO
ALTER TABLE [dbo].[Topic]  WITH CHECK ADD  CONSTRAINT [FK_Topic_Classes] FOREIGN KEY([ClassId])
REFERENCES [dbo].[Classes] ([Id])
GO
ALTER TABLE [dbo].[Topic] CHECK CONSTRAINT [FK_Topic_Classes]
GO
ALTER TABLE [dbo].[UserAnswer]  WITH CHECK ADD  CONSTRAINT [FK_UserAnswer_Answer] FOREIGN KEY([AnswerId])
REFERENCES [dbo].[Answer] ([Id])
GO
ALTER TABLE [dbo].[UserAnswer] CHECK CONSTRAINT [FK_UserAnswer_Answer]
GO
ALTER TABLE [dbo].[UserAnswer]  WITH CHECK ADD  CONSTRAINT [FK_UserAnswer_Question] FOREIGN KEY([QuestionId])
REFERENCES [dbo].[Question] ([Id])
GO
ALTER TABLE [dbo].[UserAnswer] CHECK CONSTRAINT [FK_UserAnswer_Question]
GO
ALTER TABLE [dbo].[UserAnswer]  WITH CHECK ADD  CONSTRAINT [FK_UserAnswer_UserQuizz] FOREIGN KEY([UserQuizzId])
REFERENCES [dbo].[UserQuizz] ([Id])
GO
ALTER TABLE [dbo].[UserAnswer] CHECK CONSTRAINT [FK_UserAnswer_UserQuizz]
GO
ALTER TABLE [dbo].[UserQuizz]  WITH CHECK ADD  CONSTRAINT [FK_UserQuizz_ModuleProgress] FOREIGN KEY([ModuleProgressId])
REFERENCES [dbo].[ModuleProgress] ([Id])
GO
ALTER TABLE [dbo].[UserQuizz] CHECK CONSTRAINT [FK_UserQuizz_ModuleProgress]
GO
ALTER TABLE [dbo].[UserQuizz]  WITH CHECK ADD  CONSTRAINT [FK_UserQuizz_Quizz] FOREIGN KEY([QuizId])
REFERENCES [dbo].[Quizz] ([Id])
GO
ALTER TABLE [dbo].[UserQuizz] CHECK CONSTRAINT [FK_UserQuizz_Quizz]
GO
ALTER TABLE [dbo].[UserQuizzQuestion]  WITH CHECK ADD  CONSTRAINT [FK_UserQuizzQuestion_Question] FOREIGN KEY([Queestionid])
REFERENCES [dbo].[Question] ([Id])
GO
ALTER TABLE [dbo].[UserQuizzQuestion] CHECK CONSTRAINT [FK_UserQuizzQuestion_Question]
GO
ALTER TABLE [dbo].[UserQuizzQuestion]  WITH CHECK ADD  CONSTRAINT [FK_UserQuizzQuestion_UserQuizz] FOREIGN KEY([UserQuizId])
REFERENCES [dbo].[UserQuizz] ([Id])
GO
ALTER TABLE [dbo].[UserQuizzQuestion] CHECK CONSTRAINT [FK_UserQuizzQuestion_UserQuizz]
GO
ALTER TABLE [dbo].[VnPayPayments]  WITH CHECK ADD  CONSTRAINT [FK_VnPayPayments_CoursePayments] FOREIGN KEY([CoursePaymentId])
REFERENCES [dbo].[CoursePayments] ([Id])
GO
ALTER TABLE [dbo].[VnPayPayments] CHECK CONSTRAINT [FK_VnPayPayments_CoursePayments]
GO
USE [master]
GO
ALTER DATABASE [ALS] SET  READ_WRITE 
GO
